Income,Kidhome,Teenhome,Recency,MntWines,MntFruits,MntMeatProducts,MntFishProducts,MntSweetProducts,MntGoldProds,NumDealsPurchases,NumWebPurchases,NumCatalogPurchases,NumStorePurchases,NumWebVisitsMonth,AcceptedCmp3,AcceptedCmp4,AcceptedCmp5,AcceptedCmp1,AcceptedCmp2,Complain,Age,Seniority,Total_Spending,Total_Purchases,Accepted_Total,Education_Basic,Education_Graduation,Education_Master,Education_PhD,Marital_Status_Married,Marital_Status_Single,Marital_Status_Together,Marital_Status_Widow
-1.2474346201780644,1,0,0.0665247732286369,-0.8590458909059164,-0.6626015235349434,-0.6906937900017878,-0.6800685695945476,-0.6024691654030272,-0.6761133601671541,1,1,1,2,8,0,0,0,0,0,0,-0.005582955214962636,-0.1383752275077903,-0.9463464589948546,-1.2846434169260088,-0.44063125659122476,0,1,0,0,1,0,0,0
-0.8590002475466174,0,1,1.448475863503082,-0.8144657298990697,-0.38566354818407655,-0.592898289391888,-0.44134953160400875,-0.5050331814843614,-0.285640130980885,1,2,0,4,4,0,0,0,0,0,0,0.2522918210072123,-0.16319003942518553,-0.8045129572296382,-1.0233401719365605,-0.44063125659122476,0,0,1,0,1,0,0,0
-0.9907737509489642,1,1,1.3793783089893599,-0.8828219767762346,-0.6122491643802404,-0.7218105401958469,-0.6433425637498494,-0.6268281613826937,-0.3637347768181388,1,1,0,2,6,0,0,0,0,0,0,-0.6072907664000375,-0.5800788796374254,-0.9396719412647268,-1.415295039420733,-0.44063125659122476,0,1,0,0,1,0,0,0
0.34312262636416285,0,2,1.3102807544756376,0.06822145803649479,-0.43601590733877965,-0.19727103692456602,-0.33117151406991385,-0.3101612136470297,0.7686375878220415,5,5,2,9,6,0,0,0,0,0,0,0.5961248559701122,-0.27237521186172453,-0.050292453725193406,0.8057825429895785,-0.44063125659122476,0,0,1,0,0,1,0,0
-0.23381390683999778,2,1,1.5521221952736655,-0.7817736118273821,-0.6626015235349434,-0.6640222898354515,-0.6249795608275003,-0.6268281613826937,-0.5394477299519599,2,1,1,3,3,0,0,0,0,0,0,-0.6932490251407625,-0.6867825708822249,-0.8779326522610443,-1.0233401719365605,-0.44063125659122476,0,1,0,0,0,0,1,0
-0.8991928056408989,0,0,-0.3826093311105578,-0.4073002593698699,-0.33531118902937346,0.06055346468335167,0.8991496817274791,-0.33452020962669615,0.5148299888509666,2,7,3,5,8,0,0,0,0,0,0,0.3382500797479373,0.812032068928447,-0.1253807781891315,0.28317605301068166,-0.44063125659122476,0,0,0,1,0,0,1,0
-0.0665791371470087,1,1,-1.3499750943026694,-0.020938863977198595,-0.6626015235349434,-0.5706720392532744,-0.44134953160400875,-0.6511871573623601,2.11577022851467,7,5,4,4,6,1,0,0,0,0,0,1.2837909258959121,0.08247659855702726,-0.17377103173255826,0.6751309204948542,1.033090511708265,0,1,0,0,1,0,0,0
1.3040901517092547,0,1,-0.5899019946517245,0.3297584026099954,-0.5367206256481858,-0.1883805368691206,-0.40462352575931043,0.20137770192596596,-0.6370660372485272,1,5,2,11,3,0,0,0,0,0,0,0.9399578909330122,-0.18552337015084125,0.0014350586832972809,0.5444792980001301,-0.44063125659122476,0,0,0,1,0,1,0,0
-1.1696259500211863,1,0,-1.1081336535046415,-0.8917380089776039,-0.6374253439575919,-0.6906937900017878,-0.6800685695945476,-0.6511871573623601,-0.8323026518416616,1,1,0,2,7,0,0,0,0,0,0,-0.1774994726964126,-0.7215233075665782,-0.9797190476454938,-1.415295039420733,-0.44063125659122476,0,1,0,0,0,1,0,0
0.3986333272286424,0,1,0.41201254579724816,0.1811578659205064,-0.5870729848028888,-0.672912789890897,-0.6066165579051511,-0.5781101694233607,-0.6370660372485272,5,7,2,5,6,0,0,0,0,0,0,-0.34941599017786257,-0.5726344360622069,-0.33896534555322205,0.5444792980001301,-0.44063125659122476,0,0,1,0,1,0,0,0
-0.18767210063618986,0,1,0.7920490956227206,0.5972393686510755,-0.6626015235349434,-0.6240150395859471,-0.6800685695945476,-0.6511871573623601,0.6124482961475338,5,7,4,6,6,0,1,0,0,0,0,0.7680413734515622,0.598624686438848,0.0031036881158292384,0.9364341654843027,1.033090511708265,0,1,0,0,0,0,0,1
0.14473628192444052,0,1,1.2411831999619152,0.8260841951528886,-0.6626015235349434,-0.450650288504761,-0.6800685695945476,-0.6511871573623601,-0.5980187143299003,6,8,2,9,5,0,0,0,0,0,0,-0.34941599017786257,-0.6024122103630811,0.09320967747255494,1.3283890329684753,-0.44063125659122476,0,0,0,1,0,0,1,0
1.1746588719720759,0,1,1.2411831999619152,3.402817501348627,1.578078458849343,-0.02390628584337999,0.5869786320475435,0.20137770192596596,1.2372054628455644,2,11,8,8,6,0,0,1,0,0,0,1.197832667155187,0.47455062685187194,2.178996468137502,1.8509955229473722,1.033090511708265,0,1,0,0,1,0,0,0
-0.14654265307584127,1,1,1.6557685270442488,-0.8293257835680186,-0.6626015235349434,-0.6906937900017878,-0.6249795608275003,-0.6511871573623601,-0.5589713914112733,1,1,0,3,4,0,0,0,0,0,0,1.3697491846366372,-0.8431158859618149,-0.9179797586418114,-1.2846434169260088,-0.44063125659122476,0,1,0,0,0,0,1,0
0.4414491758279119,1,0,-0.5208044401380023,0.7666439804770929,0.7976168919514456,0.007210464350679041,0.1095405560664657,-0.26144322168769674,1.9205336139215352,1,5,7,10,3,0,0,0,0,0,0,-0.7792072838814875,-0.1904863325343203,0.642188760775569,1.067085787979027,-0.44063125659122476,0,0,1,0,0,0,1,0
2.353359509231177,0,0,0.17017110499922028,1.3640181379688385,0.0675076842082511,-0.12614703648100253,0.7155196525039876,3.635996135058937,0.2805460513392052,0,7,9,10,4,0,1,1,1,0,0,-0.6932490251407625,0.6482543102736386,1.0610147483410903,1.4590406554631996,3.980534048307244,0,0,0,1,0,0,1,0
0.31065940636493555,1,1,0.2047198822560814,0.19007389812187575,-0.05837321367850659,-0.43731453842159285,0.01772554145471996,-0.6511871573623601,0.8662558951186088,6,8,2,6,7,0,0,0,0,0,0,0.08037530352576235,0.7400691143680009,-0.030268900534809913,0.9364341654843027,-0.44063125659122476,0,1,0,0,0,0,1,0
-0.04587387994692433,0,1,-0.002572781285085367,-0.8114937191652799,-0.6626015235349434,-0.7084747901126787,-0.6433425637498494,-0.6511871573623601,-0.7346843445450945,1,1,0,3,5,0,0,0,0,0,0,1.1118744084144623,0.0750321549818087,-0.931328794102067,-1.2846434169260088,-0.44063125659122476,0,0,1,0,0,0,1,0
0.31796714420025946,0,1,0.9647929819070262,0.40405867095473985,1.376669022230531,0.8962604698952228,-0.6800685695945476,2.320610352156948,2.5452907806195655,6,11,5,9,6,0,0,0,0,0,0,-0.09154121395568762,0.2785136127044496,0.9692401295518327,2.112298767936821,-0.44063125659122476,0,1,0,0,0,0,0,0
0.2630185770154202,1,0,1.172085645448193,-0.33597200175891523,0.7472645327967425,-0.12170178645327981,0.2564445794452589,-0.4563151895250284,1.1005398326303701,4,4,3,8,4,0,0,0,0,0,0,-0.8651655426222125,0.10232844809094345,-0.09868270726862018,0.5444792980001301,-0.44063125659122476,0,1,0,0,0,1,0,0
-1.7743412558942384,1,0,-0.8662922127066136,-0.8709339338410755,-0.6626015235349434,-0.7173652901681241,-0.6433425637498494,-0.6268281613826937,-0.8323026518416616,1,1,0,3,7,0,0,0,0,0,0,-0.005582955214962636,-0.4684122260091469,-0.9747131593478979,-1.2846434169260088,-0.44063125659122476,0,1,0,0,1,0,0,0
0.748983143064459,0,1,0.48111010031097046,0.6685676262620303,-0.6626015235349434,0.8429174695625502,0.4768006145134487,0.030864730068300754,-0.8518263133009751,3,6,7,11,3,0,0,0,0,0,0,1.7135822195995372,-0.7562640442509315,0.6204965781526536,1.5896922779579237,-0.44063125659122476,0,0,0,1,0,0,1,0
-0.7843770015743677,1,0,-1.3499750943026694,-0.8352698050355981,-0.6374253439575919,-0.6818032899463424,-0.6433425637498494,-0.6024691654030272,-0.500400407033333,1,1,1,2,7,1,0,0,0,0,0,-0.1774994726964126,0.47703210804361146,-0.9096366114791515,-1.2846434169260088,1.033090511708265,0,0,1,0,1,0,0,0
1.6523319662464202,0,0,-0.4862556628811412,-0.25869972268038094,1.2507881243437733,2.3276309788219383,0.23808157652290973,-0.017853261891032163,-0.1099271778470639,1,3,11,5,1,0,0,0,0,0,0,0.8539996321922873,-0.7215233075665782,0.8224007394890204,0.6751309204948542,-0.44063125659122476,0,1,0,0,1,0,0,0
0.5583261367197908,0,1,0.5156588775678316,0.9836007640437469,-0.2849588298746704,-0.2950665375344658,-0.3128085111475647,-0.4806741855046949,1.7057733378690871,1,9,3,9,6,0,0,0,0,0,0,0.08037530352576235,0.2264025076779196,0.5070297767404804,0.9364341654843027,-0.44063125659122476,0,0,1,0,0,0,0,0
-0.543455875375196,1,1,0.3429149912835259,-0.7728575796260128,-0.5618968052255373,-0.6462412897245606,-0.5698905520604528,-0.6511871573623601,-0.32468745389951187,2,3,0,3,7,0,0,0,0,0,0,-0.2634577314371376,-0.019264130304293192,-0.8378855458802774,-0.8926885494418363,-0.44063125659122476,0,1,0,0,1,0,0,0
-0.129116509006992,0,1,-1.1081336535046415,-0.23789564754385248,-0.6122491643802404,-0.6284602896136697,-0.5515275491381036,-0.6511871573623601,1.2957764472235047,2,5,3,3,6,0,0,0,0,0,0,-0.43537424891858756,0.09488400451572487,-0.3940301168267767,-0.2394304369682152,-0.44063125659122476,0,1,0,0,0,1,0,0
-1.2404079491825606,1,0,1.1375368681913318,-0.9006540411789733,-0.5618968052255373,-0.7262557902235696,-0.5331645462157545,-0.43195619354536197,-0.715160683085781,1,1,0,3,8,0,0,0,0,0,0,-1.7247481300294623,0.5241802506866624,-0.9546896061575144,-1.2846434169260088,-0.44063125659122476,1,0,0,0,1,0,0,0
1.4397517463957803,0,0,0.7575003183658595,1.967336316928164,3.5669966454601147,2.2476164783229295,3.837230149303343,1.9065074205026182,1.6081550305725199,1,7,5,10,4,0,1,0,1,0,0,1.971456995821712,-0.16815300180866458,2.8013952464719223,1.067085787979027,2.506812280007755,0,1,0,0,0,0,1,0
1.40780381560289,0,1,-1.6263653123575585,2.01786049940259,1.2507881243437733,0.07833446479424254,2.6252719564282994,2.710354287831611,-0.32468745389951187,1,6,3,4,7,0,0,1,0,0,0,0.5961248559701122,0.48943951400230906,1.6416977908622117,-0.10877881447349098,1.033090511708265,0,0,0,0,0,0,0,0
-0.31457377881498744,1,1,0.5156588775678316,-0.30030787295343786,-0.6626015235349434,-0.6951390400295105,-0.6800685695945476,-0.6511871573623601,-0.8127789903823482,5,3,1,6,6,0,1,0,0,0,0,-0.43537424891858756,0.6284024607397224,-0.6493304200041662,0.02187280802123322,1.033090511708265,0,0,0,1,1,0,0,0
-0.6245436586633092,1,0,0.5502076548246927,-0.8947100197113937,-0.6374253439575919,-0.704029540084956,-0.6066165579051511,-0.5781101694233607,-0.7932553289230347,1,1,0,2,8,0,0,0,0,0,0,-0.1774994726964126,0.16684695907617106,-0.971375900482834,-1.415295039420733,-0.44063125659122476,0,1,0,0,0,0,1,0
-0.06957718343842363,0,2,-0.7280971036791691,0.1960179195894553,-0.43601590733877965,-0.33062853775624756,-0.5698905520604528,-0.43195619354536197,-0.7737316674637214,3,7,1,8,7,0,0,0,0,0,0,0.5101665972293873,0.6879580093414709,-0.19045732605787785,0.5444792980001301,-0.44063125659122476,0,1,0,0,1,0,0,0
0.5188362457250598,0,1,-1.3499750943026694,-0.5469847638579896,0.7976168919514456,-0.4150882882829792,0.513526620358147,1.5167634848279548,0.2805460513392052,5,5,4,5,5,0,0,0,0,0,0,1.455707443377362,-0.17559744538388314,-0.2355103207362407,0.5444792980001301,-0.44063125659122476,0,1,0,0,1,0,0,0
1.2751402672077792,0,0,-1.6263653123575585,1.0281809250505936,0.26891712082706337,2.727703481316983,-0.18426749069112067,3.4167651712419387,-0.2270691466029446,1,6,9,13,3,0,0,0,0,0,0,0.4242083384886623,0.854217249188019,1.8169038812780671,1.8509955229473722,-0.44063125659122476,0,0,1,0,1,0,0,0
-1.2464040417653905,1,0,-0.10621911305566875,-0.9006540411789733,-0.43601590733877965,-0.704029540084956,-0.47807553744870707,-0.5781101694233607,-0.42230576119607915,3,3,0,3,8,0,0,0,0,0,0,-0.6932490251407625,-0.269893730669985,-0.9179797586418114,-0.762036926947112,-0.44063125659122476,0,0,0,0,0,0,1,0
0.06800503465353966,0,1,-0.5208044401380023,1.7592955655628792,-0.4108397277614281,-0.2906212875067431,-0.44134953160400875,-0.4075971975656955,-0.18802182368431772,6,4,2,9,9,1,0,0,0,0,0,-0.005582955214962636,0.8418098432293213,0.7673359682154658,0.8057825429895785,1.033090511708265,0,0,0,1,0,0,1,0
-1.0086683397508471,0,0,-1.522718980586975,-0.8739059445748653,-0.36048736860672503,-0.6862485399740651,-0.22099349653581898,-0.6268281613826937,-0.46135308411470605,1,2,0,3,6,0,0,0,0,0,0,-1.5528316125480124,-0.1061159720151765,-0.8745953933959805,-1.1539917944312847,-0.44063125659122476,0,0,0,0,1,0,0,0
0.10913448221388823,1,1,-0.8317434354497525,-0.3746081412981823,-0.5618968052255373,-0.6240150395859471,-0.5331645462157545,-0.5537511734436943,0.007214790908816819,5,4,1,5,6,0,0,0,0,0,0,1.1118744084144623,0.13458770358355723,-0.5675675778101003,0.02187280802123322,-0.44063125659122476,0,1,0,0,0,1,0,0
-1.0534048117555543,1,1,-1.3154263170458083,-0.6955853005474785,-0.5870729848028888,-0.5751172892809971,-0.6066165579051511,-0.6024691654030272,0.39768802009508586,4,3,2,2,9,0,0,0,0,0,0,0.2522918210072123,0.8666246551467166,-0.7077324501427847,-0.5007336819576637,-0.44063125659122476,0,0,1,0,0,0,0,0
0.5098889513241184,0,1,1.172085645448193,0.6596515940606609,0.042331504630899554,-0.13948278656417068,-0.4964385403710562,-0.13964824178936447,1.0810161711710569,3,5,3,12,5,0,0,0,0,0,0,0.7680413734515622,0.8045876253532285,0.3585217572451362,1.067085787979027,-0.44063125659122476,0,1,0,0,0,0,1,0
-0.8147790647482472,1,0,1.5521221952736655,-0.701529322015058,-0.5115444460708343,-0.5706720392532744,-0.6249795608275003,-0.5050331814843614,-0.05135619346912354,2,2,2,3,7,0,0,0,0,0,0,-0.6072907664000375,0.7698468886688752,-0.73776777992836,-0.762036926947112,-0.44063125659122476,0,0,1,0,1,0,0,0
1.9255289345516058,0,0,0.9647929819070262,2.9154077410071033,0.39479801871382103,2.4432074795427288,0.32989659113465547,-0.6511871573623601,-0.4418294226553926,0,7,10,5,2,0,0,1,0,0,0,2.401248289525337,0.24625435721183578,2.5277400195366813,0.9364341654843027,1.033090511708265,0,0,0,1,1,0,0,0
-1.1089623570933373,0,0,1.0684393136776096,-0.9006540411789733,-0.43601590733877965,-0.7084747901126787,-0.6433425637498494,-0.3101612136470297,-0.6565896987078406,1,2,0,3,6,0,0,0,0,0,0,0.6820831147108373,-0.8158195928526801,-0.9363346823996629,-1.1539917944312847,-0.44063125659122476,1,0,0,0,1,0,0,0
-0.36113718527852556,1,1,-0.037121558541946494,-0.621285032202734,-0.38566354818407655,-0.5840077893364426,-0.6800685695945476,-0.5537511734436943,-0.3637347768181388,4,2,1,5,6,0,0,0,0,0,0,1.455707443377362,-0.3244863168882545,-0.7244187444681043,-0.37008205946293943,-0.44063125659122476,0,1,0,0,0,1,0,0
-0.018423018591156377,0,1,-1.211779985275225,0.2851782416031487,-0.5618968052255373,-0.5840077893364426,-0.5698905520604528,-0.6511871573623601,-0.42230576119607915,2,9,1,5,8,0,0,0,0,0,0,1.7135822195995372,-0.11852337797387412,-0.22883580300611286,0.28317605301068166,-0.44063125659122476,0,0,1,0,0,0,0,1
-0.43585412019738207,1,0,1.4830246407599432,-0.6777532361447398,-0.31013500945202194,-0.41064303825525655,-0.44134953160400875,-0.5293921774640278,-0.6565896987078406,2,5,0,4,8,0,0,0,0,0,0,-0.2634577314371376,-0.19793077610953885,-0.6877088969524012,-0.5007336819576637,-0.44063125659122476,0,0,1,0,0,0,0,0
-1.0031875363743543,0,0,-0.6935483264223079,-0.7104453542164274,0.24374094124971185,-0.41064303825525655,0.01772554145471996,-0.16400723776903092,1.2957764472235047,1,5,1,4,7,0,0,0,0,0,0,0.7680413734515622,0.32814323653924005,-0.4357458526400756,-0.5007336819576637,-0.44063125659122476,0,1,0,0,0,0,1,0
0.22830682229763172,0,1,-0.8662922127066136,1.046012989453332,0.2940933004044149,-0.02390628584337999,0.4584376115910995,0.4936856536819635,-0.12945083930637735,3,8,9,7,7,0,0,0,0,0,0,-0.005582955214962636,0.3852173039492491,0.6622123139659525,1.5896922779579237,-0.44063125659122476,0,1,0,0,1,0,0,0
-0.4534207976861414,1,1,-0.5208044401380023,-0.7609695366908537,-0.6626015235349434,-0.7307010402512922,-0.6800685695945476,-0.6511871573623601,-0.7542080060044078,2,2,0,3,7,0,0,0,0,0,0,0.8539996321922873,-0.3542640911891288,-0.9163111292092794,-1.0233401719365605,-0.44063125659122476,0,1,0,0,1,0,0,0
0.7271536185050941,0,1,0.48111010031097046,1.3461860735661,1.3514928426531794,0.22502771570909227,-0.14754148484642238,1.2975325210109567,-0.6370660372485272,5,9,6,12,6,0,0,0,0,0,0,-0.43537424891858756,0.8517357679962795,0.9508852057939812,2.242950390431545,-0.44063125659122476,0,1,0,0,1,0,0,0
0.4676352364044892,0,1,-1.6263653123575585,-0.4073002593698699,-0.6626015235349434,-0.5484457891146608,-0.5698905520604528,-0.6024691654030272,-0.5980187143299003,2,4,2,4,5,0,0,0,0,0,0,-0.5213325076593126,-0.4907455567348026,-0.6226323490836548,-0.37008205946293943,-0.44063125659122476,0,0,0,1,0,0,1,0
1.2516711860827967,0,1,1.172085645448193,3.2453009324577686,-0.6626015235349434,0.6917789686199778,0.16462956483351315,0.20137770192596596,-0.5199240684926464,1,4,9,4,6,0,0,0,0,0,0,-0.1774994726964126,0.2264025076779196,2.022145301479498,0.41382767550540583,-0.44063125659122476,0,0,0,1,0,0,1,0
-0.3812803087989696,1,0,-0.9353897672203358,0.06822145803649479,-0.43601590733877965,-0.18393528684139787,-0.22099349653581898,-0.5537511734436943,1.8619626295435947,6,7,1,8,7,1,0,0,0,0,0,-0.7792072838814875,-0.7736344125931083,0.04148216506406426,0.9364341654843027,1.033090511708265,0,0,1,0,1,0,0,0
0.022987495809012343,1,0,0.6193052093384149,-0.3538040661616539,-0.46119208691613117,-0.14837328661961613,0.34825959405700463,0.7129166174989616,-0.6175423757892137,2,7,1,7,7,0,0,0,0,0,0,-1.2949568363258375,0.645772829081899,-0.2572025033591561,0.28317605301068166,-0.44063125659122476,0,1,0,0,0,1,0,0
0.8901255411274775,0,0,-0.2789629993399744,0.9836007640437469,2.2074829482831317,0.38950196673483284,1.74384781615554,3.0513802315469416,0.6319719576068473,1,6,6,7,3,0,0,1,0,0,0,0.3382500797479373,-0.644597390622653,1.266256168542521,0.6751309204948542,1.033090511708265,0,0,0,0,1,0,0,0
1.0816257479916063,0,0,-0.2789629993399744,-0.029854896178567934,2.9124159764489743,0.22947296573681497,2.331463909670713,0.7616346094582945,2.0962465670553563,1,3,8,11,1,0,0,0,0,0,0,-0.6072907664000375,-0.46593074481740737,0.7055966792117834,1.067085787979027,-0.44063125659122476,0,0,1,0,0,0,0,0
0.510497929477062,0,0,0.0665247732286369,0.27923422013556914,0.8731454306835001,0.43839971703978275,1.854025833689635,0.834711597397294,0.1829277440426379,1,3,4,6,1,0,0,0,0,0,0,1.2837909258959121,0.17677288384312914,0.6204965781526536,-0.10877881447349098,-0.44063125659122476,0,1,0,0,1,0,0,0
-0.48949104212972727,1,0,1.0684393136776096,-0.8412138265031777,-0.46119208691613117,-0.6506865397522833,-0.40462352575931043,-0.5781101694233607,-0.6761133601671541,1,2,0,3,7,0,0,0,0,0,0,-1.3809150950665625,0.07999511736528774,-0.8812699111261083,-1.1539917944312847,-0.44063125659122476,0,0,0,0,0,1,0,0
-0.6627687488788496,2,0,-0.7280971036791691,-0.38946819496713125,-0.46119208691613117,-0.2639497873404068,-0.5515275491381036,-0.6024691654030272,2.5843381035381925,4,7,2,3,9,1,0,0,0,0,1,-0.6932490251407625,0.7971431817780099,-0.21882402641092114,0.15252443051595743,1.033090511708265,0,1,0,0,0,1,0,0
-1.6304350339063216,1,0,1.6212197497873877,-0.8679619231072857,-0.08354939325585813,-0.5706720392532744,-0.12917848192407322,-0.21272522972836383,-0.715160683085781,4,3,1,3,9,0,0,0,0,0,0,-0.7792072838814875,0.45966173970143476,-0.7945011806344465,-0.5007336819576637,-0.44063125659122476,0,0,0,0,0,0,1,0
0.8123168709705995,0,1,-1.211779985275225,0.5586032291118084,-0.5367206256481858,-0.5973435394196107,-0.44134953160400875,-0.5293921774640278,-0.4418294226553926,1,9,1,7,6,0,1,0,0,0,0,0.3382500797479373,-0.5627085112952488,-0.06030423032038515,0.41382767550540583,1.033090511708265,0,1,0,0,0,1,0,0
0.6425993441925324,0,1,0.8611466501364429,-0.2973358622196481,-0.4863682664934827,-0.07724928617605262,-0.3128085111475647,-0.28580221766736325,0.4367353430137128,1,5,1,8,2,0,0,0,0,0,0,-0.43537424891858756,-0.5527825865282907,-0.23884757960130462,0.02187280802123322,-0.44063125659122476,0,0,0,1,0,0,1,0
1.4252299596717393,0,0,-0.3826093311105578,0.7488119160743543,0.6969121736420395,3.0166447331189596,3.0292580207199804,2.588559307933279,0.3781643586357724,1,7,7,10,3,1,0,0,1,0,0,1.0259161496737372,0.6383283855066805,2.0838845904831804,1.3283890329684753,2.506812280007755,0,0,0,0,1,0,0,0
1.1048137622767686,0,0,0.23926865951294254,1.2035295583441905,1.6787831771587494,0.9229319700615591,1.2296837343297637,1.2975325210109567,0.7100666034441011,1,8,6,6,3,0,0,0,0,0,0,-0.8651655426222125,-0.7066344204161411,1.3947406348474818,0.8057825429895785,-0.44063125659122476,0,1,0,0,0,0,1,0
-0.2920415871560721,0,1,-1.0044873217340582,-0.07443505718541463,-0.6626015235349434,-0.6595770398077287,-0.6800685695945476,-0.6511871573623601,-0.6761133601671541,2,3,1,8,4,0,1,0,0,0,0,0.08037530352576235,-0.46593074481740737,-0.49748514164375807,-0.10877881447349098,1.033090511708265,0,1,0,0,1,0,0,0
0.2817563663367635,0,1,0.23926865951294254,-0.12793125039363065,0.39479801871382103,-0.09947553631466621,0.32989659113465547,0.51804464966163,1.7448206607877141,3,4,4,9,3,0,0,0,0,0,0,-1.1230403188443874,-0.5205233310356768,0.13158815442078997,0.6751309204948542,-0.44063125659122476,0,0,0,0,1,0,0,0
-1.3259928019077962,1,0,0.9302442046501651,-0.8917380089776039,-0.10872557283320966,-0.6906937900017878,-0.6249795608275003,-0.4806741855046949,-0.2270691466029446,2,3,0,3,8,0,0,0,0,0,0,-1.1230403188443874,0.6110320923975456,-0.8762640228285125,-0.8926885494418363,-0.44063125659122476,0,0,0,0,0,1,0,0
-0.7428259537542888,1,1,0.17017110499922028,-0.850129858704547,-0.4863682664934827,-0.5884530393641653,-0.4964385403710562,-0.6024691654030272,-0.7932553289230347,3,3,0,3,8,0,0,0,0,0,0,0.08037530352576235,0.2785136127044496,-0.8846071699911722,-0.762036926947112,-0.44063125659122476,0,1,0,0,0,1,0,0
-0.28506176063387173,1,1,1.3448295317324988,-0.2646437441479605,-0.33531118902937346,-0.3528547878948612,-0.36789751991461217,-0.2370842257080303,-0.3637347768181388,5,6,2,5,7,0,0,0,0,0,0,-0.43537424891858756,-0.011819686729074621,-0.38401834023158493,0.41382767550540583,-0.44063125659122476,0,1,0,0,1,0,0,0
0.11400630743743749,0,1,0.44656132305410934,1.2065015690779803,-0.2849588298746704,-0.6062340394750562,-0.3128085111475647,-0.6511871573623601,-0.8518263133009751,3,11,2,8,8,0,0,0,0,0,0,1.7135822195995372,0.6060691300140666,0.2851020622137301,1.197737410473751,-0.44063125659122476,0,0,0,1,0,0,0,1
-0.7335975925135273,0,0,-0.8662922127066136,-0.6420891073392625,0.31926947998176647,-0.4995480388097109,0.49516361743579784,0.030864730068300754,2.1352938899739833,1,3,5,3,6,1,0,0,0,0,0,-1.2089985775851124,-0.15078263346648793,-0.29724960973992315,-0.37008205946293943,1.033090511708265,0,0,1,0,1,0,0,0
-1.4319081560466893,1,0,-1.522718980586975,-0.8887659982438142,-0.33531118902937346,-0.6773580399186196,-0.6800685695945476,-0.5293921774640278,-0.24659280806225808,2,2,1,2,6,1,0,0,0,0,0,-1.3809150950665625,-0.0738567165225627,-0.894618946586364,-1.0233401719365605,1.033090511708265,0,1,0,0,1,0,0,0
-0.6964967696572676,1,1,1.3793783089893599,-0.8679619231072857,-0.6374253439575919,-0.7129200401404014,-0.6800685695945476,-0.6268281613826937,-0.7542080060044078,2,1,0,3,7,0,0,0,0,0,0,0.16633356226648732,-0.1383752275077903,-0.9663700121852381,-1.1539917944312847,-0.44063125659122476,0,0,1,0,1,0,0,0
1.2275931268048705,0,1,1.3793783089893599,1.8722319734468909,-0.05837321367850659,0.2828159660694876,-0.38626052283696133,-0.06657125385036508,-0.1489745007656908,2,8,4,6,3,0,1,1,0,0,0,-0.43537424891858756,-0.5279677746108954,1.1010618547218574,0.6751309204948542,2.506812280007755,0,0,0,1,1,0,0,0
-1.9987262830173245,1,0,1.448475863503082,-0.8768779553086551,-0.6626015235349434,-0.7084747901126787,-0.6433425637498494,-0.6511871573623601,-0.7737316674637214,1,1,1,2,8,0,0,0,0,0,0,-1.7247481300294623,-0.3765974219147845,-0.971375900482834,-1.2846434169260088,-0.44063125659122476,0,1,0,0,0,1,0,0
-0.8175897331464487,1,1,0.3083662140266648,-0.8471578479707572,-0.5115444460708343,-0.6506865397522833,-0.6800685695945476,-0.5293921774640278,-0.6175423757892137,3,1,1,4,4,0,0,0,0,0,0,1.799540478340262,-0.7115973827996201,-0.9046307231815557,-0.762036926947112,-0.44063125659122476,0,0,0,1,1,0,0,0
-1.3441684575494992,1,0,0.7575003183658595,-0.864989912373496,-0.6122491643802404,-0.6595770398077287,-0.5698905520604528,-0.6268281613826937,-0.3637347768181388,2,2,0,3,8,0,0,0,0,0,0,-0.005582955214962636,-0.4684122260091469,-0.8996248348839598,-1.0233401719365605,-0.44063125659122476,0,1,0,0,0,0,1,0
-0.865605318282391,1,1,-0.8662922127066136,-0.8798499660424448,-0.6626015235349434,-0.704029540084956,-0.6800685695945476,-0.6511871573623601,-0.8127789903823482,1,1,0,2,8,0,0,0,0,0,0,1.455707443377362,0.645772829081899,-0.9780504182129618,-1.415295039420733,-0.44063125659122476,0,0,1,0,1,0,0,0
-1.5562333881938022,1,1,1.5866709725305266,-0.8679619231072857,-0.5618968052255373,-0.7307010402512922,-0.4964385403710562,-0.5050331814843614,-0.6565896987078406,4,2,0,4,5,0,0,0,0,0,0,0.4242083384886623,0.11721733524138059,-0.9346660529671309,-0.6313853044523878,-0.44063125659122476,0,1,0,0,0,1,0,0
-1.3209335987910336,1,0,0.5502076548246927,-0.8887659982438142,-0.08354939325585813,-0.672912789890897,-0.6800685695945476,-0.21272522972836383,-0.5784950528705868,2,2,0,3,8,0,0,0,0,0,0,-0.8651655426222125,0.4819950704270905,-0.8829385405586403,-1.0233401719365605,-0.44063125659122476,1,0,0,0,0,0,1,0
0.6470495691563514,1,1,-0.4171581083674189,-0.1933154865370058,-0.4863682664934827,-0.2106067870077342,-0.6066165579051511,-0.28580221766736325,-0.6370660372485272,5,6,2,6,7,0,0,0,0,0,0,0.3382500797479373,-0.34433816642217074,-0.3489771221484138,0.5444792980001301,-0.44063125659122476,0,0,1,0,0,0,1,0
-0.5212984395027076,0,1,-1.0735848762477804,-0.12793125039363065,-0.08354939325585813,-0.4150882882829792,-0.6066165579051511,-0.09093024983003155,0.12435675966469754,2,6,3,5,7,0,0,0,0,0,0,-0.5213325076593126,0.26114324436227293,-0.2839005742796675,0.15252443051595743,-0.44063125659122476,0,1,0,0,1,0,0,0
-0.562146820223236,1,0,-0.6589995491654468,-0.8174377406328595,-0.36048736860672503,-0.4773217886710973,-0.33117151406991385,-0.6268281613826937,-0.1489745007656908,2,3,0,4,8,0,0,0,0,0,0,-1.2089985775851124,0.3901802663327281,-0.7477795565235517,-0.762036926947112,-0.44063125659122476,0,1,0,0,1,0,0,0
-1.2801789070171117,1,0,1.5521221952736655,-0.9006540411789733,-0.5870729848028888,-0.7129200401404014,-0.4964385403710562,-0.6511871573623601,-0.6761133601671541,1,1,0,3,5,0,0,0,0,0,0,-0.8651655426222125,-0.3517826099973893,-0.9596954944551103,-1.2846434169260088,-0.44063125659122476,1,0,0,0,0,0,1,0
-0.09417053192268672,0,1,-1.522718980586975,0.6418195296579222,-0.46119208691613117,0.2516992158754286,-0.09245247607937493,0.5424036456412964,-0.03183253200981009,4,10,5,7,8,1,0,0,0,0,0,1.7135822195995372,0.7872172570110518,0.4502963760343939,1.4590406554631996,1.033090511708265,0,0,1,0,0,0,1,0
1.1908202152617344,0,0,-0.7280971036791691,-0.22897961534248315,3.1390015926451382,1.80753672557838,1.1195057167956688,0.6641986255396287,-0.24659280806225808,1,3,4,9,1,0,0,0,0,0,0,0.3382500797479373,-0.800930705702243,0.8841400284927029,0.28317605301068166,-0.44063125659122476,0,1,0,0,1,0,0,0
-0.7001974830482328,1,0,0.031975995971775764,-0.8739059445748653,-0.5115444460708343,-0.6906937900017878,-0.6800685695945476,-0.5537511734436943,-0.8127789903823482,1,1,0,3,7,0,0,0,0,0,0,-0.7792072838814875,-0.39644927144870074,-0.9530209767249824,-1.2846434169260088,-0.44063125659122476,0,0,0,0,0,1,0,0
1.903465187625724,0,0,-0.5899019946517245,0.5615752398455982,3.9446393391203878,0.8251364694516593,2.698723968117696,-0.09093024983003155,-0.3051637924401984,0,3,5,13,0,0,0,0,0,0,0,0.7680413734515622,-0.6768566461152669,1.0993932252893255,0.8057825429895785,-0.44063125659122476,0,0,0,0,0,0,1,0
-0.5632710875825165,0,1,-1.0044873217340582,-0.6985573112812683,-0.46119208691613117,-0.6240150395859471,-0.4597125345263579,-0.4806741855046949,-0.6175423757892137,2,3,0,4,7,0,0,0,0,0,0,1.2837909258959121,0.39514322871620716,-0.7844894040392547,-0.762036926947112,-0.44063125659122476,0,1,0,0,0,0,1,0
0.005233440427039555,1,1,0.6193052093384149,-0.46971248477945526,-0.6626015235349434,-0.3261832877285249,-0.5515275491381036,-0.33452020962669615,0.5734009732289069,5,4,2,5,7,0,0,0,0,0,0,-0.34941599017786257,0.161883996692692,-0.4541007763979271,0.15252443051595743,-0.44063125659122476,0,0,1,0,0,0,0,0
-1.0138680762875198,1,0,-1.246328762532086,-0.8739059445748653,-0.5618968052255373,-0.6773580399186196,-0.6066165579051511,-0.5537511734436943,-0.8323026518416616,1,1,0,3,8,0,0,0,0,0,0,-1.7247481300294623,0.5043284011527462,-0.9463464589948546,-1.2846434169260088,-0.44063125659122476,0,1,0,0,0,1,0,0
0.04434857563534372,1,1,-0.31351177659683555,-0.6539771502744216,-0.5870729848028888,-0.46843128861565186,-0.6433425637498494,-0.6268281613826937,-0.4418294226553926,3,3,1,4,7,0,0,0,0,0,0,1.2837909258959121,0.6929209717249499,-0.7210814856030403,-0.5007336819576637,-0.44063125659122476,0,0,0,1,1,0,0,0
0.7242961056335893,0,1,-0.5899019946517245,1.9405882203240559,0.344445659559118,0.03832721454473807,2.221285892136618,0.6398396295599622,1.2372054628455644,2,7,8,5,5,0,1,0,0,0,0,-0.09154121395568762,0.6284024607397224,1.4781721064740798,0.9364341654843027,1.033090511708265,0,1,0,0,0,1,0,0
-1.7454850603393697,0,0,1.3448295317324988,-0.8917380089776039,-0.6374253439575919,-0.6906937900017878,-0.5698905520604528,-0.6024691654030272,-0.8127789903823482,1,1,0,3,6,0,0,0,0,0,0,1.1118744084144623,0.49936543876926714,-0.9647013827527061,-1.2846434169260088,-0.44063125659122476,0,0,1,0,0,0,1,0
-0.08302154727648746,0,0,-0.5899019946517245,-0.5024046028511429,0.4955027370232272,-0.33062853775624756,0.513526620358147,0.834711597397294,-0.6370660372485272,2,5,2,7,5,0,0,0,0,0,0,-1.2089985775851124,0.07751363617354821,-0.32394768066043444,0.15252443051595743,-0.44063125659122476,0,0,0,1,1,0,0,0
-0.6458110495430339,1,0,0.6884027638521372,-0.8798499660424448,-0.2849588298746704,-0.6195697895582243,-0.6800685695945476,-0.16400723776903092,-0.20754548514363116,2,3,1,2,8,1,0,0,0,0,0,-0.7792072838814875,0.22392102648618006,-0.8362169164477454,-0.8926885494418363,1.033090511708265,0,1,0,0,1,0,0,0
-1.5473797827394675,0,0,-1.522718980586975,-0.8857939875100244,-0.5618968052255373,-0.735146290279015,-0.5515275491381036,-0.6024691654030272,-0.5589713914112733,1,0,1,2,6,1,0,0,0,0,0,-1.2949568363258375,0.6284024607397224,-0.9496837178599186,-1.415295039420733,1.033090511708265,0,0,1,0,0,1,0,0
0.10238887805820464,1,1,0.8611466501364429,0.698287733599928,-0.5115444460708343,-0.3350737877839703,-0.5331645462157545,-0.5050331814843614,1.0419688482524299,13,8,2,9,8,0,0,0,0,0,0,-0.34941599017786257,0.64080986669842,0.23838043810283527,2.242950390431545,-0.44063125659122476,0,0,1,0,1,0,0,0
-1.614414224036573,1,0,-1.2808775397889471,-0.8857939875100244,-0.5618968052255373,-0.6684675398631742,-0.6249795608275003,-0.4075971975656955,-0.26611646952157153,3,3,1,2,7,0,0,0,0,0,0,-0.5213325076593126,-0.14830115227474838,-0.892950317153832,-0.762036926947112,-0.44063125659122476,0,0,1,0,0,0,1,0
-0.38160822011209317,1,1,-1.3845238715595305,-0.37758015203197215,-0.6122491643802404,-0.4239787883384247,-0.6249795608275003,-0.6024691654030272,-0.46135308411470605,6,5,2,4,8,0,0,0,0,0,0,1.455707443377362,0.4174765594418629,-0.5492126540522487,0.28317605301068166,-0.44063125659122476,0,0,1,0,0,0,1,0
0.7040124486932351,0,0,-0.10621911305566875,-0.08037907865299418,3.4159395679960056,0.6162097181486915,2.4967309359718555,1.200096537092291,1.5691077076538928,1,3,4,7,1,0,0,0,0,0,0,-1.6387898712887374,-0.2574863247112874,0.8557733281396596,0.02187280802123322,-0.44063125659122476,0,1,0,0,0,1,0,0
-0.3339205462892744,0,1,1.724866081557971,-0.743137472288115,-0.6626015235349434,-0.7084747901126787,-0.6800685695945476,-0.6511871573623601,-0.7737316674637214,1,2,0,3,6,0,0,0,0,0,0,0.2522918210072123,-0.7984492245105035,-0.8996248348839598,-1.1539917944312847,-0.44063125659122476,0,1,0,0,1,0,0,0
-0.4403043451612011,0,0,1.6212197497873877,-0.8620179016397062,0.24374094124971185,-0.6906937900017878,-0.6249795608275003,-0.017853261891032163,-0.16849816222500427,1,1,1,4,2,0,0,0,0,0,0,0.4242083384886623,-0.6843010896904854,-0.7995070689320424,-1.0233401719365605,-0.44063125659122476,0,1,0,0,1,0,0,0
-0.44672203800376115,1,0,-0.20986544482625213,-0.7104453542164274,-0.5618968052255373,-0.6684675398631742,-0.6800685695945476,-0.5537511734436943,-0.6370660372485272,1,3,0,3,8,0,0,0,0,0,0,-1.4668733538072873,0.4695876644683929,-0.8412228047453413,-1.0233401719365605,-0.44063125659122476,0,0,1,0,0,0,1,0
-1.4169179245896146,1,0,0.2047198822560814,-0.8917380089776039,-0.6626015235349434,-0.6684675398631742,-0.36789751991461217,-0.5537511734436943,-0.7737316674637214,3,4,0,3,7,0,0,0,0,0,0,-0.6072907664000375,-0.805893668085722,-0.932997423534599,-0.6313853044523878,-0.44063125659122476,0,1,0,0,0,0,1,0
-0.2728353531016952,1,1,1.2757319772187765,-0.7342214400867456,-0.6626015235349434,-0.6195697895582243,-0.6800685695945476,-0.6511871573623601,-0.1489745007656908,4,3,2,2,8,0,0,0,0,0,0,-0.5213325076593126,0.8368468808458422,-0.8078502160947022,-0.5007336819576637,-0.44063125659122476,0,0,1,0,0,1,0,0
-1.1232967659241648,1,1,1.3793783089893599,-0.8679619231072857,-0.6374253439575919,-0.6684675398631742,-0.6066165579051511,-0.6268281613826937,-0.7932553289230347,3,2,0,3,8,0,0,0,0,0,0,0.16633356226648732,0.24129139482835674,-0.9463464589948546,-0.8926885494418363,-0.44063125659122476,0,1,0,0,0,0,1,0
0.7838354312021576,0,0,1.5866709725305266,0.4516108426953763,-0.18425411156526428,2.958856482758564,0.6971566495816385,2.2231743682382823,-0.1099271778470639,1,4,5,11,3,0,0,0,0,0,0,-1.6387898712887374,0.8566987303797585,1.5582663192356137,0.8057825429895785,-0.44063125659122476,0,1,0,0,0,1,0,0
1.1568579721167995,0,0,0.5156588775678316,1.3224099876957818,0.344445659559118,0.5673119678437416,1.5418547840096992,3.2462521993842732,2.0181519212181023,1,3,2,5,1,0,0,0,0,0,0,-0.5213325076593126,0.5614024685627552,1.5132133245572508,-0.5007336819576637,-0.44063125659122476,0,0,0,1,1,0,0,0
-0.6329756638579137,0,0,0.5502076548246927,-0.44890840964292683,0.9486739694155547,-0.1928257868968433,1.4500397693979536,0.9077885853362933,-0.5784950528705868,2,5,2,9,6,0,0,0,0,0,0,-0.43537424891858756,0.7698468886688752,-0.1170376310264717,0.41382767550540583,-0.44063125659122476,0,0,0,1,1,0,0,0
0.3593776586004282,0,1,0.8611466501364429,0.4545828534291661,-0.5618968052255373,-0.6106792895027788,-0.6800685695945476,-0.6511871573623601,-0.6761133601671541,1,8,1,7,7,0,1,0,0,0,0,0.3382500797479373,0.6805135657662523,-0.17543966116509022,0.28317605301068166,1.033090511708265,0,1,0,0,1,0,0,0
-1.916420543423324,1,0,1.1375368681913318,-0.8322977943018084,-0.5870729848028888,-0.6240150395859471,-0.5515275491381036,-0.6268281613826937,-0.4027820997367657,3,3,1,2,9,1,0,0,0,0,0,-1.2949568363258375,0.31573583058054244,-0.8679208756658526,-0.762036926947112,1.033090511708265,0,1,0,0,0,1,0,0
0.806508156280983,0,1,-0.9008409899634747,-0.648033128806842,-0.36048736860672503,-0.40619778822753383,-0.07408947315702578,-0.28580221766736325,-0.7346843445450945,1,4,1,5,4,0,0,0,0,0,0,0.3382500797479373,-0.4708937072008864,-0.6293068668137827,-0.5007336819576637,-0.44063125659122476,0,1,0,0,1,0,0,0
-0.32647227503404047,0,0,-0.6244507719085857,1.2599977622861964,-0.23460647071996735,-0.14837328661961613,-0.47807553744870707,-0.4563151895250284,1.5691077076538928,1,7,3,13,6,1,0,0,0,0,0,-1.0370820601036626,0.5266617318784019,0.6955849026165917,1.197737410473751,1.033090511708265,0,0,0,1,0,0,1,0
1.0939926889436928,0,0,-1.6263653123575585,0.9093004956990024,1.9808973320869676,-0.18393528684139787,1.8356628307672858,0.37189067378363116,-0.4418294226553926,1,9,4,9,5,0,0,0,0,0,0,0.3382500797479373,0.7375876331762614,0.7272888618346989,1.067085787979027,-0.44063125659122476,0,1,0,0,0,0,1,0
0.14408045929819352,0,1,-1.5918165351006972,-0.44593639890913706,-0.10872557283320966,0.1583489652932515,0.03608854437706911,0.07958272202763367,-0.6956370216264675,5,4,2,9,4,0,0,0,0,0,0,1.1118744084144623,0.33062471773097957,-0.24885935619649635,0.6751309204948542,-0.44063125659122476,0,0,0,1,0,1,0,0
1.1242542186976623,0,0,0.37746376854038705,-0.11604320745847153,2.8117112581395682,1.7186317250239258,3.433244085011662,-0.09093024983003155,0.9443505409558626,1,4,4,9,1,0,0,0,0,0,0,0.08037530352576235,-0.3493011288056498,1.152789367130348,0.41382767550540583,-0.44063125659122476,0,1,0,0,0,1,0,0
-1.1573995424890098,2,1,0.031975995971775764,-0.8144657298990697,-0.5367206256481858,-0.641796039696838,-0.5331645462157545,-0.43195619354536197,-0.3051637924401984,4,2,1,4,6,0,0,0,0,0,0,0.6820831147108373,0.44477285255099763,-0.8378855458802774,-0.5007336819576637,-0.44063125659122476,0,1,0,0,0,0,0,0
-0.49876624784379225,1,2,-0.5553532173948634,-0.8322977943018084,-0.5618968052255373,-0.641796039696838,-0.6800685695945476,-0.6024691654030272,-0.6761133601671541,4,3,1,3,5,0,0,0,0,0,0,0.7680413734515622,-0.6098566539382997,-0.9062993526140877,-0.5007336819576637,-0.44063125659122476,0,0,1,0,0,0,1,0
-0.2922289650492855,1,0,-0.4171581083674189,-0.8887659982438142,-0.6374253439575919,-0.7173652901681241,-0.4964385403710562,-0.6511871573623601,-0.715160683085781,1,1,0,2,7,0,0,0,0,0,0,-0.1774994726964126,-0.3319307604634731,-0.9613641238876423,-1.415295039420733,-0.44063125659122476,0,1,0,0,0,0,0,1
-0.8202598681247402,1,0,0.44656132305410934,-0.7490814937556945,-0.36048736860672503,-0.5173290389206018,-0.6066165579051511,0.22573669790563242,0.22197506696126482,3,5,0,3,9,0,0,0,0,0,0,-1.8107063887701873,0.39266174752446764,-0.6593421965993579,-0.5007336819576637,-0.44063125659122476,0,1,0,0,0,1,0,0
-1.1627866569188958,1,0,0.5156588775678316,-0.8679619231072857,-0.6626015235349434,-0.6818032899463424,-0.6433425637498494,-0.6511871573623601,-0.6565896987078406,1,1,0,3,7,0,0,0,0,0,0,-1.2089985775851124,0.26610620674575197,-0.9463464589948546,-1.2846434169260088,-0.44063125659122476,0,0,1,0,1,0,0,0
0.46608936878547835,0,1,1.1029880909344707,0.07713749023786412,-0.5367206256481858,-0.032796785898825426,-0.019000464389978336,0.006505734088634294,-0.5394477299519599,4,4,4,9,4,0,0,0,0,0,0,-0.09154121395568762,-0.35922705357260787,-0.051961083157725366,0.8057825429895785,-0.44063125659122476,0,0,1,0,1,0,0,0
4.933693632200062,0,1,1.69031730430111,-0.8441858372369675,-0.6122491643802404,6.292794003550604,-0.6617055666721985,-0.6024691654030272,-0.8323026518416616,15,0,22,0,0,0,0,0,0,0,0,-0.34941599017786257,-0.5527825865282907,1.6750703795128508,2.896208502905166,-0.44063125659122476,0,0,0,1,1,0,0,0
2.1058333122962316,0,0,1.0338905364207485,1.7949596943683566,0.4199741982911726,2.5276672300694605,0.05445154729941826,4.074458062692933,-0.4418294226553926,1,7,7,9,2,0,1,1,1,0,0,-0.6932490251407625,-0.03911597983820938,2.2307239805459926,1.197737410473751,3.980534048307244,0,1,0,0,0,0,1,0
1.3717335711593042,0,0,-0.20986544482625213,1.248109719351037,1.20043576518907,3.390045735447668,1.1011427138733196,0.6885576215192951,1.6862496764097736,1,5,6,7,2,1,0,1,0,1,0,-0.09154121395568762,-0.43615297051653307,2.3441907819581655,0.5444792980001301,3.980534048307244,0,1,0,0,0,0,1,0
-1.1585706543215937,1,0,-1.246328762532086,-0.9006540411789733,-0.5115444460708343,-0.7084747901126787,-0.6800685695945476,-0.6268281613826937,-0.7932553289230347,1,1,0,2,8,1,0,0,0,0,0,-0.34941599017786257,-0.06144931056386509,-0.9780504182129618,-1.415295039420733,1.033090511708265,1,0,0,0,0,0,1,0
-0.07187256263028818,0,1,-1.5918165351006972,-0.035798917646147496,-0.5115444460708343,-0.5751172892809971,-0.6800685695945476,-0.5781101694233607,-0.18802182368431772,4,6,1,6,7,0,1,0,1,0,0,1.0259161496737372,-0.7711529314013688,-0.38735559909664885,0.28317605301068166,2.506812280007755,0,1,0,0,0,1,0,0
-0.8402156137519707,1,0,-0.20986544482625213,-0.8560738801721266,-0.6122491643802404,-0.6595770398077287,-0.6433425637498494,-0.6268281613826937,-0.7542080060044078,1,1,0,3,7,0,0,0,0,0,0,-0.09154121395568762,0.3206987929640215,-0.9346660529671309,-1.2846434169260088,-0.44063125659122476,0,1,0,0,0,0,0,0
0.010995310643352624,0,1,-0.037121558541946494,-0.3419160232264948,-0.6122491643802404,-0.6106792895027788,-0.6249795608275003,-0.6024691654030272,-0.070879854928437,2,3,2,5,4,0,0,0,0,0,0,1.6276239608588121,-0.795967743318764,-0.5658989483775683,-0.37008205946293943,-0.44063125659122476,0,0,0,1,0,0,1,0
2.3782807690285637,0,0,-1.522718980586975,-0.40432824863608013,3.063473053913084,1.2340994720021494,-0.09245247607937493,3.538560151140271,2.0376755826774158,1,6,9,13,2,0,1,1,1,1,0,-0.43537424891858756,0.26610620674575197,0.8474301809769997,1.8509955229473722,5.454255816606734,0,1,0,0,0,0,0,0
0.6356663621436354,0,0,0.8265978728795818,-0.16953940066668757,3.390763388418654,0.5717572178714644,3.1761620440987737,1.419327500909289,0.06578577528675718,2,4,7,13,2,0,0,0,0,0,0,0.8539996321922873,-0.4684122260091469,0.7356320089973586,1.4590406554631996,-0.44063125659122476,0,1,0,0,1,0,0,0
-1.526018702913136,1,0,-0.7971946581928914,-0.8976820304451835,-0.6626015235349434,-0.6995842900572332,-0.6249795608275003,-0.5050331814843614,-0.8127789903823482,1,1,0,3,8,0,0,0,0,0,0,-0.43537424891858756,-0.478338150776105,-0.971375900482834,-1.2846434169260088,-0.44063125659122476,0,1,0,0,0,0,0,0
0.9858288000862385,0,1,-1.6609140896144197,-0.43404835597397795,0.2185647616723603,0.05610821465562895,-0.6800685695945476,-0.6511871573623601,1.5886313691132063,2,7,2,8,5,1,0,0,0,0,0,-0.09154121395568762,0.541550619028839,-0.17877692003015414,0.5444792980001301,1.033090511708265,0,1,0,0,0,0,0,0
-0.4383837217557634,0,1,-0.7280971036791691,0.05930542583512545,0.5458550961779303,0.08722496484968797,0.03608854437706911,-0.21272522972836383,3.0138586556430886,6,6,8,4,7,1,0,0,0,0,0,0.08037530352576235,0.4968839575775276,0.3485099806499445,1.197737410473751,1.033090511708265,0,0,0,1,0,0,0,0
0.9702764349495235,0,0,0.17017110499922028,0.2554581342652509,-0.10872557283320966,0.6962242186477005,1.2296837343297637,0.20137770192596596,1.2372054628455644,1,6,8,6,3,0,0,0,1,0,0,1.197832667155187,0.11969881643312011,0.6288397253153133,0.8057825429895785,1.033090511708265,0,0,0,0,1,0,0,0
0.4006007951073835,0,1,-0.8317434354497525,-0.11604320745847153,4.3474582123580126,0.6073192180932461,3.6168741142351535,-0.43195619354536197,2.467196134782312,7,10,2,12,7,0,0,0,0,0,0,-0.8651655426222125,0.27603213151271005,0.9608969823891729,2.112298767936821,-0.44063125659122476,0,1,0,0,0,1,0,0
0.17392038879243274,0,1,-0.5208044401380023,-0.20520352947216491,0.9738501489929063,-0.010570535760211833,0.23808157652290973,0.5424036456412964,-0.32468745389951187,4,7,3,7,6,0,0,0,0,0,0,-0.1774994726964126,0.6209580171645038,-0.023594382804682082,0.8057825429895785,-0.44063125659122476,0,1,0,0,0,0,0,0
-0.17474302600446298,0,0,0.9302442046501651,2.1842931004948176,0.4199741982911726,0.1672394653486969,2.129470877524872,0.7616346094582945,-0.285640130980885,3,2,8,12,8,0,1,0,1,1,0,0.9399578909330122,0.26362472555401245,1.5382427660452302,1.3283890329684753,3.980534048307244,0,1,0,0,1,0,0,0
1.333930081203494,0,0,1.4830246407599432,0.11280161904334148,0.6213836349099848,3.421162485641727,3.1210730353317264,0.20137770192596596,-0.3442111153588253,1,5,8,12,3,0,0,1,0,0,0,0.2522918210072123,0.6284024607397224,1.6567154557549992,1.4590406554631996,1.033090511708265,0,1,0,0,1,0,0,0
1.3120068676975223,0,0,0.7920490956227206,1.450206449248742,1.5025499201172885,2.549893480208074,0.5502526262028453,0.5911216376006293,-0.5199240684926464,1,3,5,8,2,0,0,0,0,0,0,-0.2634577314371376,0.8616616927632376,1.9170216472299846,0.28317605301068166,-0.44063125659122476,0,0,0,1,1,0,0,0
1.5840795686434272,0,0,-0.2789629993399744,1.8098197480373055,-0.008020854523803517,0.9318224701170046,-0.36789751991461217,-0.017853261891032163,-0.5980187143299003,1,3,6,11,1,0,1,1,0,0,0,-0.7792072838814875,-0.46096778243392833,1.2796052040027768,0.8057825429895785,2.506812280007755,0,0,1,0,0,0,1,0
-0.017439284651785854,2,1,1.6212197497873877,-0.7609695366908537,-0.5367206256481858,-0.5262195389760472,-0.5698905520604528,-0.4075971975656955,-0.715160683085781,3,2,1,4,6,0,0,0,0,0,0,1.541665702118087,-0.4063751962156588,-0.8011756983645744,-0.6313853044523878,-0.44063125659122476,0,1,0,0,0,1,0,0
-0.379359685393532,1,1,-1.0735848762477804,-0.6183130214689443,-0.6374253439575919,-0.5528910391423836,-0.4597125345263579,-0.5781101694233607,-0.2270691466029446,4,3,1,4,8,0,0,0,0,0,0,-0.1774994726964126,0.7673654074771357,-0.6977206735475929,-0.37008205946293943,-0.44063125659122476,0,1,0,0,1,0,0,0
0.9155152456578978,0,0,1.2757319772187765,0.320842370408626,-0.36048736860672503,1.6875149748298668,0.752245658348686,3.7821501109369353,-0.8518263133009751,1,4,4,10,1,0,0,0,0,0,0,-0.43537424891858756,-0.6396344282391739,1.0443284540157707,0.5444792980001301,-0.44063125659122476,0,0,0,1,0,1,0,0
0.054373292922262395,1,1,0.5502076548246927,-0.2646437441479605,-0.4863682664934827,-0.592898289391888,-0.6249795608275003,-0.6511871573623601,-0.5980187143299003,6,5,1,5,7,0,1,0,0,0,0,0.9399578909330122,0.16684695907617106,-0.5558871717823766,0.28317605301068166,1.033090511708265,0,0,0,0,0,0,1,0
-1.5567486774001391,0,0,0.9647929819070262,-0.8857939875100244,-0.6374253439575919,-0.7084747901126787,-0.2577195023805173,-0.5537511734436943,-0.4808767455740195,1,1,1,2,8,0,0,0,0,0,0,0.8539996321922873,0.5092913635362253,-0.9079679820466197,-1.2846434169260088,-0.44063125659122476,0,1,0,0,1,0,0,0
0.251354303162884,0,1,-0.7626458809360303,0.6626236047944507,-0.6626015235349434,-0.6462412897245606,-0.6800685695945476,-0.6511871573623601,0.3195933742578321,3,8,1,8,6,0,1,0,0,0,0,0.5101665972293873,-0.8406344047700753,0.0064409469808931535,0.6751309204948542,1.033090511708265,0,0,1,0,0,0,1,0
-0.8370770340406457,0,1,-1.211779985275225,-0.716389375684007,-0.6626015235349434,-0.6462412897245606,-0.5515275491381036,-0.6511871573623601,-0.6175423757892137,1,3,0,3,8,0,0,0,0,0,0,0.08037530352576235,0.7797728134358333,-0.8362169164477454,-1.0233401719365605,-0.44063125659122476,0,0,1,0,0,0,1,0
-0.017439284651785854,1,1,-0.14076789031252987,-0.8828219767762346,-0.6626015235349434,-0.704029540084956,-0.6433425637498494,-0.6511871573623601,-0.8323026518416616,1,1,0,2,7,0,0,0,0,0,0,1.0259161496737372,-0.7686714502096292,-0.9780504182129618,-1.415295039420733,-0.44063125659122476,0,1,0,0,0,1,0,0
-0.19821210712944548,0,1,-0.20986544482625213,-0.8620179016397062,-0.6626015235349434,-0.7262557902235696,-0.6800685695945476,-0.6511871573623601,-0.7737316674637214,1,1,0,2,6,0,0,0,0,0,0,-0.8651655426222125,0.04029141829745536,-0.9730445299153659,-1.415295039420733,-0.44063125659122476,0,1,0,0,0,1,0,0
-1.5706614859712364,1,0,-1.6263653123575585,-0.8828219767762346,-0.4108397277614281,-0.6818032899463424,-0.38626052283696133,-0.6511871573623601,-0.7737316674637214,2,3,0,3,8,0,0,0,0,0,0,-0.43537424891858756,-0.6222640598969973,-0.9246542763719392,-0.8926885494418363,-0.44063125659122476,1,0,0,0,1,0,0,0
1.4305233851550188,0,0,0.9993417591638873,-0.14576331479636934,0.5206789166005787,1.80753672557838,0.27480758236760805,0.1283007139869666,-0.5589713914112733,1,5,3,6,1,0,0,0,0,0,0,1.6276239608588121,-0.3319307604634731,0.6171593192875896,0.02187280802123322,-0.44063125659122476,0,1,0,0,0,0,0,0
1.266192972806838,0,1,-1.3154263170458083,2.5736265066212787,-0.18425411156526428,1.9008869761605574,1.137868719718018,1.200096537092291,1.7643443222470274,2,2,5,12,6,0,0,0,0,0,0,0.9399578909330122,0.74503207675148,2.4826870248583184,0.8057825429895785,-0.44063125659122476,0,0,0,1,0,0,1,0
-1.3742894538835586,0,0,-0.9008409899634747,-0.8947100197113937,-0.43601590733877965,-0.672912789890897,-0.44134953160400875,-0.6024691654030272,-0.09040351638775045,1,1,1,2,9,1,0,0,0,0,0,-0.09154121395568762,0.3107728681970634,-0.8729267639634485,-1.2846434169260088,1.033090511708265,0,1,0,0,0,1,0,0
0.42823903435636484,0,1,1.0684393136776096,0.24654210206388155,2.50959710321135,0.7806839691744322,-0.6800685695945476,0.4449676617226306,2.6624327493754465,5,8,4,11,6,0,0,0,0,0,0,-0.6072907664000375,0.8045876253532285,0.7940340391359771,1.720343900452648,-0.44063125659122476,0,1,0,0,1,0,0,0
-0.9724575618873512,1,0,0.17017110499922028,-0.8976820304451835,-0.5870729848028888,-0.6951390400295105,-0.47807553744870707,-0.6024691654030272,-0.6565896987078406,1,1,0,3,6,0,0,0,0,0,0,-0.34941599017786257,-0.5130788874604583,-0.9446778295623227,-1.2846434169260088,-0.44063125659122476,0,0,0,0,0,0,0,0
-0.025918134319693704,0,1,1.206634422705054,-0.020938863977198595,-0.4863682664934827,-0.38841678811664293,-0.6800685695945476,-0.38323820158602906,2.701480072294073,2,8,2,4,8,0,0,0,0,0,0,-0.6072907664000375,0.6681061598075547,-0.04695519486012949,0.15252443051595743,-0.44063125659122476,0,1,0,0,0,0,1,0
0.5431016828961994,1,1,-0.6589995491654468,-0.4845725384484042,-0.38566354818407655,-0.2328330371463478,-0.40462352575931043,-0.3101612136470297,-0.7542080060044078,4,4,1,7,5,0,0,0,0,0,0,-0.34941599017786257,0.03780993710571584,-0.5074969182389498,0.15252443051595743,-0.44063125659122476,0,0,0,1,0,0,1,0
-0.7843770015743677,1,0,-1.3499750943026694,-0.8352698050355981,-0.6374253439575919,-0.6818032899463424,-0.6433425637498494,-0.6024691654030272,-0.500400407033333,1,1,1,2,7,1,0,0,0,0,0,-0.1774994726964126,0.47703210804361146,-0.9096366114791515,-1.2846434169260088,1.033090511708265,0,0,1,0,1,0,0,0
1.2038898233133712,0,2,-1.5918165351006972,0.6418195296579222,-0.4863682664934827,-0.05502303603743902,-0.33117151406991385,-0.6511871573623601,-0.5784950528705868,2,6,3,11,3,0,0,0,0,0,0,-0.09154121395568762,-0.6619677589648297,0.18331566682928066,0.9364341654843027,-0.44063125659122476,0,0,0,1,0,0,1,0
-0.8217588912704475,1,0,0.653853986595276,-0.6896412790798989,-0.4863682664934827,-0.48176703869882004,-0.44134953160400875,-0.6268281613826937,-0.38325843827745226,4,4,1,3,8,0,0,0,0,0,0,-0.6932490251407625,0.19910621456878486,-0.7160755973054445,-0.37008205946293943,-0.44063125659122476,0,1,0,0,1,0,0,0
-0.19764997344980517,0,1,1.5866709725305266,0.16332580151776774,-0.6626015235349434,-0.1439280365918934,-0.44134953160400875,-0.017853261891032163,1.5495840461945796,4,6,3,8,5,0,0,0,0,0,0,1.3697491846366372,0.1321062223918177,0.08486653030989516,0.8057825429895785,-0.44063125659122476,0,1,0,0,1,0,0,0
-0.4239087795050257,1,1,-1.3154263170458083,-0.2824758085506992,-0.6626015235349434,-0.5617815391978289,-0.6249795608275003,-0.6024691654030272,-0.5589713914112733,4,6,1,4,8,0,0,0,0,0,0,1.6276239608588121,0.4497358149344767,-0.5592244306474404,0.02187280802123322,-0.44063125659122476,0,0,0,1,0,0,0,0
0.43995015268220444,0,1,-1.6609140896144197,0.21979400545977354,-0.6626015235349434,0.10056071493285614,1.1011427138733196,3.538560151140271,2.506243457700939,2,5,5,12,3,0,0,0,0,0,0,0.08037530352576235,0.2164765829109615,0.6738927199936762,1.197737410473751,-0.44063125659122476,0,1,0,0,1,0,0,0
-0.15099287803966033,1,1,1.413927086246221,-0.8263537728342288,-0.6374253439575919,-0.6951390400295105,-0.6433425637498494,-0.6511871573623601,-0.8323026518416616,1,1,0,3,5,0,0,0,0,0,0,1.6276239608588121,0.1519580719257339,-0.9413405706972587,-1.2846434169260088,-0.44063125659122476,0,0,0,1,1,0,0,0
-0.5115079445823056,0,0,-1.3154263170458083,-0.5380687316566202,2.685830360252811,-0.10836603637011165,0.6237046378922418,0.4206086657429641,0.8662558951186088,1,6,2,8,6,0,0,0,0,0,0,0.5101665972293873,0.3132543493888029,-0.00523945904683055,0.28317605301068166,-0.44063125659122476,0,0,0,1,0,0,0,0
-1.619754493993156,1,0,1.0338905364207485,-0.8917380089776039,-0.43601590733877965,-0.6684675398631742,-0.36789751991461217,-0.6511871573623601,-0.6175423757892137,2,2,1,2,8,0,0,0,0,0,0,-0.7792072838814875,0.645772829081899,-0.9113052409116835,-1.0233401719365605,-0.44063125659122476,0,1,0,0,1,0,0,0
0.33436270985643485,1,0,0.9647929819070262,-0.7996056762301208,0.344445659559118,-0.24616878722951593,-0.019000464389978336,0.32317268182429826,-0.6175423757892137,3,3,1,7,4,0,0,0,0,0,0,-1.7247481300294623,-0.431190008133054,-0.5508812834847807,-0.10877881447349098,-0.44063125659122476,0,0,0,0,1,0,0,0
1.3210946955183738,0,0,-0.07167033579880762,0.5318551325077003,1.4521975609625855,1.0296179707269044,3.084347029487028,1.3949685049296225,3.853376098393567,1,3,7,8,1,1,0,0,0,0,0,0.5101665972293873,-0.8431158859618149,1.4865152536367396,0.5444792980001301,1.033090511708265,0,1,0,0,1,0,0,0
-0.017439284651785854,0,0,0.6884027638521372,1.655275189880237,2.8117112581395682,1.3096687224734356,0.4217116057464012,0.07958272202763367,0.3391170357171455,1,6,5,12,3,0,1,0,1,0,0,-1.7247481300294623,0.11969881643312011,1.6800762678104466,1.197737410473751,2.506812280007755,0,1,0,0,1,0,0,0
0.7663155981867016,0,0,-0.6244507719085857,2.0535246282080672,2.1571305891284283,1.1140777212536361,0.09117755314411656,0.51804464966163,-0.05135619346912354,1,2,9,13,5,0,0,0,0,0,0,0.9399578909330122,0.8641431739549771,1.7534959628418527,1.3283890329684753,-0.44063125659122476,0,1,0,0,0,1,0,0
-0.24304226808075935,0,1,-0.31351177659683555,-0.5767048711958873,-0.5367206256481858,-0.13059228650872523,-0.20263049361346983,-0.09093024983003155,-0.285640130980885,2,6,1,5,7,0,0,0,0,0,0,1.2837909258959121,0.6085506112058061,-0.45743803526299104,-0.10877881447349098,-0.44063125659122476,0,1,0,0,1,0,0,0
-1.4055347175768986,1,0,-0.4171581083674189,-0.9006540411789733,-0.5115444460708343,-0.7084747901126787,-0.47807553744870707,-0.5293921774640278,-0.7932553289230347,2,2,0,3,6,0,0,0,0,0,0,-0.005582955214962636,-0.2872640990121617,-0.9530209767249824,-1.0233401719365605,-0.44063125659122476,0,1,0,0,0,0,1,0
0.564228540356014,0,1,0.2738174367698037,0.24654210206388155,1.4521975609625855,-0.11281128639783437,0.6604306437369402,0.20137770192596596,2.3110068431078044,3,4,4,12,2,0,0,0,0,0,0,0.08037530352576235,-0.04656042341342795,0.46364541149464955,1.067085787979027,-0.44063125659122476,0,1,0,0,1,0,0,0
-0.4568872887105899,1,1,-1.0044873217340582,-0.8471578479707572,-0.6626015235349434,-0.6995842900572332,-0.6800685695945476,-0.6511871573623601,-0.8127789903823482,2,1,0,3,8,0,0,0,0,0,0,-0.005582955214962636,-0.2227455880269341,-0.9580268650225784,-1.1539917944312847,-0.44063125659122476,0,0,1,0,1,0,0,0
0.6218003980458413,0,2,-0.5208044401380023,1.304577923293043,-0.18425411156526428,0.06499871471107439,-0.4597125345263579,-0.6511871573623601,3.052905978561715,2,7,6,11,5,1,0,0,0,0,0,0.9399578909330122,-0.009338205537335099,0.919181246575874,1.4590406554631996,1.033090511708265,0,1,0,0,0,0,1,0
-0.17671049388320403,0,1,-0.8662922127066136,-0.38946819496713125,-0.6122491643802404,-0.5662267892255517,-0.6249795608275003,-0.6024691654030272,0.06578577528675718,3,5,1,4,7,0,0,0,0,0,0,1.7135822195995372,0.10729141047442249,-0.5642303189450364,-0.2394304369682152,-0.44063125659122476,0,0,1,0,1,0,0,0
-1.566023883114204,1,0,0.895695427393304,-0.8976820304451835,-0.6122491643802404,-0.7307010402512922,-0.6433425637498494,-0.6268281613826937,-0.8323026518416616,1,1,0,2,8,0,0,0,0,0,0,-1.1230403188443874,-0.7910047809352849,-0.9913994536732175,-1.415295039420733,-0.44063125659122476,0,0,1,0,0,0,1,0
-0.32398951794896247,0,0,1.413927086246221,-0.4221603130388188,-0.03319703410115505,-0.5039932888374337,-0.38626052283696133,-0.6511871573623601,-0.6565896987078406,1,3,1,7,3,0,0,0,0,0,0,2.143373513303162,0.008032162804841564,-0.5642303189450364,-0.37008205946293943,-0.44063125659122476,0,0,1,0,0,0,0,1
1.5980860661611314,0,0,1.5866709725305266,0.5526592076442288,0.4451503778685241,-0.18393528684139787,-0.14754148484642238,-0.16400723776903092,-0.42230576119607915,1,6,7,11,3,0,1,1,0,0,0,-1.8966646475109123,0.4968839575775276,0.21001373774979198,1.3283890329684753,2.506812280007755,0,1,0,0,0,1,0,0
0.8315699494982797,0,2,-0.10621911305566875,0.7428678946067747,0.3696218391364695,0.21613721565364682,-0.47807553744870707,-0.6511871573623601,-0.38325843827745226,3,10,2,10,5,0,0,0,0,0,0,0.08037530352576235,0.14947659073399439,0.4019061224909671,1.3283890329684753,-0.44063125659122476,0,0,0,1,0,0,0,0
-0.6244031252433991,1,0,-0.24441422208311328,-0.7520535044894843,-0.36048736860672503,-0.5217742889483244,-0.36789751991461217,-0.06657125385036508,-0.38325843827745226,3,4,1,3,8,0,0,0,0,0,0,-0.7792072838814875,-0.13341226512431126,-0.7127383384403806,-0.5007336819576637,-0.44063125659122476,0,0,0,0,0,1,0,0
-1.3255243571747626,1,0,1.206634422705054,-0.823381762100439,-0.6122491643802404,-0.6773580399186196,-0.6800685695945476,-0.6511871573623601,-0.8518263133009751,3,3,1,3,5,0,0,0,0,0,0,-0.09154121395568762,-0.7612270066344106,-0.9363346823996629,-0.6313853044523878,-0.44063125659122476,0,0,0,1,1,0,0,0
-1.5786718909061108,0,0,0.7229515411089984,-0.8679619231072857,-0.5618968052255373,-0.6551317897800061,-0.4597125345263579,-0.5050331814843614,-0.5784950528705868,1,2,0,3,8,0,0,0,0,0,0,-1.8107063887701873,0.5018469199610067,-0.8962875760188959,-1.1539917944312847,-0.44063125659122476,0,1,0,0,1,0,0,0
-0.5210173726628874,1,2,0.9647929819070262,-0.8322977943018084,-0.6626015235349434,-0.6195697895582243,-0.5331645462157545,0.07958272202763367,-0.6565896987078406,2,3,0,3,7,0,0,0,0,0,1,0.4242083384886623,0.49936543876926714,-0.8428914341778733,-0.8926885494418363,-0.44063125659122476,0,1,0,0,1,0,0,0
-0.6430003811448324,1,1,-1.0044873217340582,-0.8144657298990697,-0.6626015235349434,-0.6906937900017878,-0.6800685695945476,-0.6511871573623601,-0.7932553289230347,3,2,0,4,5,0,0,0,0,0,0,-0.1774994726964126,-0.6718936837317878,-0.9346660529671309,-0.762036926947112,-0.44063125659122476,0,0,1,0,1,0,0,0
1.8633663184780493,0,0,0.3083662140266648,0.8082521307501499,3.667701363769521,3.532293736334795,1.6153067956990959,2.150097380299283,-0.4808767455740195,1,8,6,5,3,0,0,0,0,0,0,-0.1774994726964126,0.45966173970143476,2.2757769752243555,0.6751309204948542,-0.44063125659122476,0,1,0,0,0,1,0,0
-0.36746118917447895,1,1,-1.1081336535046415,-0.8322977943018084,-0.6374253439575919,-0.6951390400295105,-0.6433425637498494,-0.6511871573623601,-0.7737316674637214,2,2,0,3,5,0,0,0,0,0,0,-0.005582955214962636,-0.8257455176196382,-0.9396719412647268,-1.0233401719365605,-0.44063125659122476,0,1,0,0,1,0,0,0
-1.009698918163521,0,1,1.6557685270442488,-0.7996056762301208,-0.6626015235349434,-0.6818032899463424,-0.6433425637498494,-0.6511871573623601,-0.8127789903823482,2,2,0,3,8,0,0,0,0,0,0,-0.6932490251407625,-0.269893730669985,-0.9213170175068752,-1.0233401719365605,-0.44063125659122476,0,1,0,0,1,0,0,0
1.2155072526926043,0,1,1.5175734180168043,2.1189088643514427,0.5962074553326333,1.4830334735546218,0.513526620358147,0.5667626416209629,1.7448206607877141,3,5,5,5,8,0,1,0,1,0,0,0.16633356226648732,0.8269209560788842,2.020476672046966,0.41382767550540583,2.506812280007755,0,1,0,0,1,0,0,0
0.6504692157074966,1,1,-1.6609140896144197,-0.4429643881753473,-0.4863682664934827,-0.3839715380889202,-0.44134953160400875,-0.4806741855046949,-0.6565896987078406,3,5,1,5,6,0,0,0,0,0,0,-0.1774994726964126,-0.7761158937848478,-0.5542185423498446,-0.10877881447349098,-0.44063125659122476,0,0,0,1,0,0,0,0
-0.18893690141538053,1,0,1.5521221952736655,-0.8174377406328595,-0.6626015235349434,-0.6106792895027788,-0.6800685695945476,-0.5293921774640278,-0.7737316674637214,1,2,0,3,5,0,0,0,0,0,0,-0.43537424891858756,-0.4138196397908774,-0.8962875760188959,-1.1539917944312847,-0.44063125659122476,0,1,0,0,0,0,1,0
-0.02076524225632429,1,1,0.6193052093384149,-0.16953940066668757,-0.46119208691613117,-0.028351535871102708,-0.5698905520604528,-0.4563151895250284,0.41721168155439936,7,6,3,6,7,0,0,0,0,0,0,0.16633356226648732,0.5092913635362253,-0.18378280832775,0.9364341654843027,-0.44063125659122476,0,1,0,0,1,0,0,0
-0.6174701431945021,1,1,0.37746376854038705,-0.8828219767762346,-0.4108397277614281,-0.6640222898354515,-0.5331645462157545,-0.5050331814843614,-0.5980187143299003,2,2,0,3,7,0,0,0,0,0,0,0.9399578909330122,-0.6247455410887368,-0.9062993526140877,-1.0233401719365605,-0.44063125659122476,0,0,0,0,0,1,0,0
-0.2613116126690691,1,1,-0.3826093311105578,-0.8709339338410755,-0.6374253439575919,-0.7129200401404014,-0.6433425637498494,-0.6268281613826937,-0.7346843445450945,2,1,1,2,5,0,0,0,0,0,0,1.2837909258959121,-0.5701529548704674,-0.9630327533201742,-1.1539917944312847,-0.44063125659122476,0,1,0,0,0,1,0,0
-0.8054570145608789,1,0,-1.6263653123575585,-0.8620179016397062,-0.6626015235349434,-0.6684675398631742,-0.6800685695945476,-0.6511871573623601,-0.3637347768181388,1,1,1,2,6,0,0,0,0,0,0,-1.4668733538072873,-0.021745611496032713,-0.9163111292092794,-1.2846434169260088,-0.44063125659122476,0,1,0,0,0,0,1,0
1.4464505060781605,0,0,-0.9008409899634747,2.086216746279755,-0.10872557283320966,-0.22838778711862506,0.4033486028240521,1.005224569254959,0.026738452368130272,1,7,6,12,3,0,0,1,1,0,0,1.971456995821712,0.593661724055369,1.1861619557809873,1.4590406554631996,2.506812280007755,0,0,0,1,0,1,0,0
0.13494578700403864,0,1,0.5502076548246927,0.2970662845383078,-0.6626015235349434,-0.33062853775624756,-0.16590448776877154,0.006505734088634294,1.9205336139215352,2,6,2,9,4,0,0,0,0,0,0,-0.005582955214962636,0.8294024372706237,0.14827444874610954,0.5444792980001301,-0.44063125659122476,0,1,0,0,0,1,0,0
-1.6357753038629046,1,0,-0.4171581083674189,-0.8976820304451835,-0.5367206256481858,-0.6862485399740651,-0.6066165579051511,-0.4563151895250284,-0.715160683085781,3,2,0,4,5,0,0,0,0,0,0,-0.5213325076593126,-0.3493011288056498,-0.9446778295623227,-0.762036926947112,-0.44063125659122476,0,0,0,0,1,0,0,0
-0.5340869807145244,1,1,1.1375368681913318,-0.8679619231072857,-0.6626015235349434,-0.7173652901681241,-0.6800685695945476,-0.6511871573623601,-0.7737316674637214,1,0,1,2,5,0,0,0,0,0,0,0.08037530352576235,0.26610620674575197,-0.9730445299153659,-1.415295039420733,-0.44063125659122476,0,1,0,0,0,0,1,0
0.6270469790558174,0,0,0.37746376854038705,1.2154176012793496,-0.6626015235349434,0.43395446701206003,1.52349178108735,1.2975325210109567,-0.18802182368431772,1,7,8,12,4,0,0,1,1,0,0,-0.34941599017786257,-0.12844930274083222,1.0126244947976635,1.720343900452648,2.506812280007755,0,1,0,0,1,0,0,0
-1.4038014720646743,1,0,1.1029880909344707,-0.8887659982438142,-0.6374253439575919,-0.7084747901126787,-0.36789751991461217,-0.3101612136470297,-0.6370660372485272,2,2,1,3,6,0,0,0,0,0,0,-1.4668733538072873,-0.11852337797387412,-0.9163111292092794,-0.8926885494418363,-0.44063125659122476,0,0,0,0,1,0,0,0
1.5431843434495953,0,0,-1.6609140896144197,2.8054433438568815,-0.2597826502973189,0.8118007193684912,0.1095405560664657,-0.26144322168769674,-0.5394477299519599,1,2,4,9,4,0,1,1,1,1,0,0.6820831147108373,0.18173584622660818,1.8085607341154073,0.15252443051595743,5.454255816606734,0,0,0,1,0,1,0,0
1.008360991745154,0,0,-1.3499750943026694,-0.20223151873837514,2.006073511664319,0.10056071493285614,-0.2577195023805173,0.3475316778039647,1.6862496764097736,1,7,2,9,4,0,0,0,0,0,0,-0.005582955214962636,-0.5056344438852397,0.2016705905871322,0.5444792980001301,-0.44063125659122476,0,1,0,0,1,0,0,0
-1.1056363994887988,0,1,0.653853986595276,-0.8471578479707572,-0.6374253439575919,-0.6773580399186196,-0.6249795608275003,-0.6024691654030272,-0.7737316674637214,1,1,0,3,8,0,0,0,0,0,0,1.6276239608588121,0.4671061832766533,-0.9363346823996629,-1.2846434169260088,-0.44063125659122476,0,1,0,0,0,0,1,0
-1.3191066643322025,1,0,0.5156588775678316,-0.8382418157693879,-0.6626015235349434,-0.7129200401404014,-0.5698905520604528,-0.6024691654030272,-0.7346843445450945,1,1,0,3,7,0,0,0,0,0,0,-0.6932490251407625,0.8641431739549771,-0.9380033118321949,-1.2846434169260088,-0.44063125659122476,0,1,0,0,0,1,0,0
-1.319809331431753,1,0,1.6557685270442488,-0.8857939875100244,-0.5115444460708343,-0.6106792895027788,-0.4597125345263579,-0.28580221766736325,-0.6956370216264675,3,2,1,3,8,0,0,0,0,0,0,0.08037530352576235,0.6011061676305876,-0.8812699111261083,-0.762036926947112,-0.44063125659122476,0,0,1,0,0,0,0,0
1.1139484345709234,0,1,1.3102807544756376,2.28534146544367,-0.6626015235349434,2.0564707271308524,1.9825668541460788,0.2500956938852989,-0.12945083930637735,1,10,5,13,6,0,0,1,0,0,0,-0.43537424891858756,0.6954024529166895,2.1973513918953533,1.8509955229473722,1.033090511708265,0,1,0,0,0,0,1,0
0.7235934385340389,0,1,1.1029880909344707,2.9540438805463705,-0.6626015235349434,-0.4284240383661474,-0.0006374614676291876,-0.3101612136470297,-0.03183253200981009,4,7,4,10,4,0,1,1,0,0,0,-0.005582955214962636,0.6110320923975456,1.429781852930653,1.3283890329684753,2.506812280007755,0,0,1,0,0,0,0,1
-0.9635571119597132,1,1,-0.8662922127066136,-0.8739059445748653,-0.6626015235349434,-0.6951390400295105,-0.6249795608275003,-0.6268281613826937,-0.715160683085781,2,1,1,2,8,0,0,0,0,0,0,-0.6932490251407625,-0.39893075264044026,-0.9563582355900464,-1.1539917944312847,-0.44063125659122476,0,1,0,0,1,0,0,0
-1.5562333881938022,1,1,1.5866709725305266,-0.8679619231072857,-0.5618968052255373,-0.7307010402512922,-0.4964385403710562,-0.5050331814843614,-0.6565896987078406,4,2,0,4,5,0,0,0,0,0,0,0.4242083384886623,0.11721733524138059,-0.9346660529671309,-0.6313853044523878,-0.44063125659122476,0,1,0,0,0,1,0,0
1.142898319072399,0,1,-0.002572781285085367,0.6596515940606609,0.2185647616723603,0.2116919656259241,0.5869786320475435,0.6398396295599622,-0.16849816222500427,2,6,3,4,2,0,0,0,0,0,0,0.8539996321922873,-0.8331899611948568,0.5470768831212475,0.02187280802123322,-0.44063125659122476,0,1,0,0,0,0,0,1
-0.7598773420367113,0,0,-0.45170688562428,-0.8412138265031777,-0.6374253439575919,-0.6995842900572332,-0.5515275491381036,-0.5781101694233607,-0.7542080060044078,1,1,0,3,6,0,0,0,0,0,0,0.8539996321922873,0.3082913870053239,-0.931328794102067,-1.2846434169260088,-0.44063125659122476,0,1,0,0,1,0,0,0
1.0921189100115585,0,1,-0.7626458809360303,0.3981146494871603,0.9990263285702579,1.0385084707823498,-0.4597125345263579,0.27445468986496535,1.3738710930607585,1,8,3,13,4,0,0,0,0,0,0,0.4242083384886623,-0.31456039212129644,0.7740104859455936,1.3283890329684753,-0.44063125659122476,0,1,0,0,1,0,0,0
-0.5682834462259759,0,1,1.3793783089893599,-0.6510051395406318,-0.2849588298746704,-0.6195697895582243,-0.44134953160400875,-0.33452020962669615,-0.4418294226553926,2,3,1,4,7,0,0,0,0,0,0,-0.1774994726964126,0.28595805627966814,-0.7177442267379764,-0.6313853044523878,-0.44063125659122476,0,0,1,0,1,0,0,0
0.6905680848551713,0,0,0.9993417591638873,0.27923422013556914,1.754311715890804,1.2474352220853175,3.3597920733222653,1.68727645668562,-0.2270691466029446,1,5,7,6,3,0,0,0,0,0,0,-1.1230403188443874,0.7425505955597405,1.1427775905351563,0.5444792980001301,-0.44063125659122476,0,0,0,0,0,0,1,0
-0.3638541647301204,1,1,-0.8662922127066136,-0.8382418157693879,-0.6374253439575919,-0.6995842900572332,-0.6800685695945476,-0.6511871573623601,-0.5784950528705868,1,1,1,2,4,0,0,0,0,0,0,1.0259161496737372,-0.4510418576669702,-0.931328794102067,-1.2846434169260088,-0.44063125659122476,0,0,0,1,1,0,0,0
1.4104739505811814,0,0,0.17017110499922028,0.08308151170544369,4.221577314471255,0.9362677201447273,2.0560188658354757,2.3936873400959473,0.26102238987989174,0,4,6,7,1,0,0,0,0,0,0,1.799540478340262,-0.6396344282391739,1.0510029717458986,0.28317605301068166,-0.44063125659122476,0,0,0,1,0,0,0,1
0.645691079430554,0,0,0.9647929819070262,1.8246798017062544,-0.4108397277614281,-0.166154286730507,-0.44134953160400875,-0.6511871573623601,1.6667260149504601,1,11,3,12,7,0,1,1,0,1,0,-0.09154121395568762,0.05766178663963203,0.9926009416072801,1.5896922779579237,3.980534048307244,0,0,0,0,0,0,0,0
0.8436558236105461,0,1,1.6557685270442488,0.320842370408626,3.667701363769521,-0.05946828606516174,2.0743818687578246,1.9065074205026182,0.26102238987989174,2,7,6,11,4,0,0,0,0,0,0,0.4242083384886623,0.0973654857074644,0.7423065267274864,1.4590406554631996,-0.44063125659122476,0,1,0,0,0,0,0,0
-0.2488509827703758,0,0,-1.557267757843836,-0.047686960581306614,-0.4108397277614281,-0.6062340394750562,-0.6066165579051511,-0.4075971975656955,1.5886313691132063,1,6,1,6,6,0,0,0,0,0,0,0.9399578909330122,0.008032162804841564,-0.22883580300611286,-0.10877881447349098,-0.44063125659122476,0,1,0,0,0,0,1,0
0.8336779507969309,0,0,1.724866081557971,-0.0922671215881533,1.5025499201172885,0.1850204654595878,2.570182947661252,-0.3101612136470297,-0.012308870550496634,1,2,3,5,1,0,0,0,0,0,0,-0.43537424891858756,-0.7661899690178896,0.32848642745956097,-0.5007336819576637,-0.44063125659122476,0,1,0,0,0,1,0,0
1.1923660828807452,1,1,0.7920490956227206,0.5586032291118084,-0.18425411156526428,-0.25061403725723863,-0.38626052283696133,-0.3588792056063626,-0.6175423757892137,4,6,3,10,4,0,0,0,0,0,0,1.1118744084144623,-0.7264862699500573,0.0948783069050869,1.067085787979027,-0.44063125659122476,0,0,0,1,0,0,1,0
0.4038799082386186,1,1,1.4830246407599432,-0.3062518944210174,-0.6122491643802404,-0.5484457891146608,-0.6249795608275003,-0.5293921774640278,-0.16849816222500427,4,5,1,5,6,0,0,0,0,0,0,0.6820831147108373,0.8194765125036656,-0.5258518419968014,0.02187280802123322,-0.44063125659122476,0,1,0,0,1,0,0,0
0.1869899968440697,0,1,-0.5899019946517245,0.23762606986251222,0.8479692511061486,0.8784794697843319,1.505128778165001,1.8090714365839522,3.677663145259746,4,11,6,8,7,0,0,0,0,0,0,-0.5213325076593126,0.20655065814400342,1.0943873369917294,1.8509955229473722,-0.44063125659122476,0,1,0,0,0,0,1,0
0.36275046067827,1,1,1.3102807544756376,0.9479366352382694,0.671735994064688,0.05166296462790623,-0.2577195023805173,-0.2370842257080303,1.7448206607877141,7,3,2,8,8,0,1,0,0,0,0,-0.2634577314371376,0.3008469434301053,0.7055966792117834,0.6751309204948542,1.033090511708265,0,1,0,0,1,0,0,0
-0.9398538084682139,1,0,-1.5918165351006972,-0.8947100197113937,-0.5618968052255373,-0.7084747901126787,-0.40462352575931043,-0.4563151895250284,-0.6370660372485272,1,1,0,3,7,0,0,0,0,0,0,-0.9511238013629375,-0.5478196241448117,-0.9279915352370031,-1.2846434169260088,-0.44063125659122476,0,0,0,0,0,1,0,0
1.3968422088499042,0,0,0.895695427393304,-0.16359537919910802,3.1893539517998413,3.4389434857526178,0.38498559990170295,2.6129183039129456,-0.1099271778470639,0,6,6,7,2,0,0,0,0,0,0,-0.9511238013629375,0.0874395609405063,1.6149997199417003,0.5444792980001301,-0.44063125659122476,0,1,0,0,0,1,0,0
0.8132537604366666,0,1,-0.2789629993399744,1.0995091826615482,0.8983216102608517,-0.1439280365918934,-0.6800685695945476,-0.017853261891032163,-0.6956370216264675,4,7,3,13,5,0,0,0,0,0,0,-0.5213325076593126,-0.8133381116609406,0.5003552590103526,1.5896922779579237,-0.44063125659122476,0,0,0,1,1,0,0,0
-0.8416677924243748,1,0,1.4830246407599432,-0.6064249785337852,-0.6122491643802404,-0.17059953675822973,-0.2577195023805173,-0.4806741855046949,-0.6565896987078406,4,5,1,5,8,0,0,0,0,0,0,-0.5213325076593126,-0.04656042341342795,-0.5575558012149086,0.02187280802123322,-0.44063125659122476,0,1,0,0,0,1,0,0
-0.7317706580546963,1,0,0.13562232774235916,-0.8709339338410755,-0.36048736860672503,-0.5840077893364426,-0.6249795608275003,-0.5293921774640278,-0.6175423757892137,1,3,0,3,7,0,0,0,0,0,0,-0.6072907664000375,-0.23763447517737124,-0.8779326522610443,-1.0233401719365605,-0.44063125659122476,0,0,0,0,0,0,1,0
-0.0051191881730026255,1,1,-0.4171581083674189,-0.7520535044894843,-0.6122491643802404,-0.7084747901126787,-0.6800685695945476,-0.6268281613826937,-0.8127789903823482,2,2,0,3,7,0,0,0,0,0,0,-0.2634577314371376,0.25121731959531485,-0.9029620937490237,-1.0233401719365605,-0.44063125659122476,0,1,0,0,0,0,0,0
-0.9879162380774594,1,1,-0.5553532173948634,-0.8709339338410755,-0.6626015235349434,-0.7084747901126787,-0.6249795608275003,-0.6268281613826937,-0.7346843445450945,2,1,0,3,5,0,0,0,0,0,0,1.541665702118087,0.012995125188320609,-0.9613641238876423,-1.1539917944312847,-0.44063125659122476,0,1,0,0,1,0,0,0
-0.7767881968992236,1,1,-1.6609140896144197,-0.823381762100439,-0.6626015235349434,-0.6862485399740651,-0.6800685695945476,-0.6268281613826937,-0.7542080060044078,2,2,0,3,5,0,0,0,0,0,0,1.1118744084144623,-0.8505603295370334,-0.932997423534599,-1.0233401719365605,-0.44063125659122476,0,0,0,1,0,0,0,1
1.2415996243225746,0,0,-0.45170688562428,1.9851683813309025,-0.18425411156526428,1.90533222618828,2.6252719564282994,-0.017853261891032163,1.8424389680842812,3,3,7,10,3,0,0,0,1,0,0,1.799540478340262,0.6705876409992942,2.212369056788141,1.067085787979027,1.033090511708265,0,0,1,0,0,0,0,1
0.8526031180114876,0,0,-0.7626458809360303,2.9837639878842683,-0.6626015235349434,1.0207274706714589,-0.2577195023805173,-0.6511871573623601,-0.8518263133009751,1,5,7,4,3,0,1,0,0,1,0,-1.2089985775851124,-0.1706344830004041,1.8736372819841538,0.28317605301068166,2.506812280007755,0,0,0,1,0,0,1,0
0.16347407124578384,1,1,0.5502076548246927,-0.8739059445748653,-0.5367206256481858,-0.6151245395305016,-0.47807553744870707,-0.6268281613826937,-0.6956370216264675,1,2,0,3,5,0,0,0,0,0,0,-0.6072907664000375,-0.3071159485460779,-0.9029620937490237,-1.1539917944312847,-0.44063125659122476,0,0,0,1,0,0,0,0
-0.6310081959791727,1,1,0.44656132305410934,-0.7371934508205354,-0.6626015235349434,-0.6773580399186196,-0.6800685695945476,-0.6511871573623601,-0.8127789903823482,3,3,0,3,7,0,0,0,0,0,0,1.197832667155187,-0.6247455410887368,-0.8879444288562361,-0.762036926947112,-0.44063125659122476,0,0,1,0,1,0,0,0
-0.7053972195849056,0,1,0.13562232774235916,-0.2973358622196481,-0.5367206256481858,-0.5662267892255517,-0.36789751991461217,-0.6511871573623601,-0.3637347768181388,3,5,2,4,8,0,0,0,0,0,0,1.0259161496737372,0.84925428680454,-0.5241832125642694,-0.10877881447349098,-0.44063125659122476,0,1,0,0,0,1,0,0
0.5631042729967334,0,1,0.031975995971775764,0.3535344884803136,3.9698155186977395,0.8962604698952228,-0.44134953160400875,1.7116354526652864,-0.4418294226553926,1,6,4,6,5,0,0,0,0,0,0,1.1118744084144623,0.7996246629697494,0.837418404381808,0.28317605301068166,-0.44063125659122476,0,1,0,0,1,0,0,0
-0.9874477933444259,1,1,-0.20986544482625213,-0.8322977943018084,-0.6626015235349434,-0.7307010402512922,-0.6800685695945476,-0.6511871573623601,-0.6761133601671541,2,1,1,2,5,1,0,0,0,0,0,0.2522918210072123,-0.7661899690178896,-0.9496837178599186,-1.1539917944312847,1.033090511708265,0,0,0,1,0,0,1,0
0.9136883111990668,2,0,-0.7971946581928914,-0.2735597763493298,2.434068564479295,0.04721771460018351,-0.40462352575931043,0.9077885853362933,-0.4027820997367657,2,8,2,8,4,0,0,0,0,0,0,-0.7792072838814875,-0.5800788796374254,0.016452723576084897,0.6751309204948542,-0.44063125659122476,0,1,0,0,1,0,0,0
-2.1120899084114515,0,1,0.9302442046501651,-0.5856209033972567,-0.6122491643802404,-0.6862485399740651,-0.6433425637498494,-0.6024691654030272,-0.6175423757892137,0,0,0,1,20,0,0,0,0,0,0,1.0259161496737372,0.5589209873710157,-0.7794835157416589,-1.8072499069049057,-0.44063125659122476,0,0,0,1,0,0,1,0
-0.643984115084203,1,0,-1.4881702033301138,-0.6955853005474785,-0.5115444460708343,-0.4328692883938701,-0.6433425637498494,-0.5781101694233607,-0.7932553289230347,3,3,1,4,7,0,0,0,0,0,0,-1.2949568363258375,-0.1582270770417065,-0.7527854448211475,-0.5007336819576637,-0.44063125659122476,0,0,0,1,1,0,0,0
0.11363155165101063,1,1,0.0665247732286369,-0.6955853005474785,-0.6626015235349434,-0.6684675398631742,-0.6800685695945476,-0.6511871573623601,-0.7737316674637214,2,2,0,4,6,0,0,0,0,0,0,1.3697491846366372,-0.7984492245105035,-0.8579090990706609,-0.8926885494418363,-0.44063125659122476,0,0,1,0,1,0,0,0
-0.7945422522811965,1,0,0.9647929819070262,-0.769885568892223,-0.6122491643802404,-0.6240150395859471,-0.6066165579051511,-0.6268281613826937,-0.8323026518416616,3,3,1,3,7,0,0,0,0,0,0,-0.34941599017786257,-0.8257455176196382,-0.8762640228285125,-0.6313853044523878,-0.44063125659122476,0,1,0,0,1,0,0,0
-0.8287855622659513,1,1,0.7920490956227206,-0.8590458909059164,-0.6626015235349434,-0.7218105401958469,-0.6800685695945476,-0.6511871573623601,-0.8127789903823482,1,1,0,2,7,0,0,0,0,0,0,0.3382500797479373,0.5142543259197043,-0.9730445299153659,-1.415295039420733,-0.44063125659122476,0,0,0,1,0,0,1,0
-0.4305606947141026,1,0,0.5156588775678316,-0.4310763452401882,-0.6122491643802404,-0.5128837888928791,-0.5698905520604528,-0.6024691654030272,-0.38325843827745226,3,4,1,5,5,0,0,0,0,0,0,-0.005582955214962636,-0.22770855041041313,-0.6009401664607394,-0.2394304369682152,-0.44063125659122476,0,0,0,1,0,0,1,0
0.5134022868218703,0,1,-0.7971946581928914,0.6091274115862346,2.685830360252811,1.4696977234714534,0.752245658348686,-0.06657125385036508,1.0419688482524299,2,7,5,6,4,0,0,0,0,0,0,-0.005582955214962636,0.859180211571498,1.2245404327292222,0.6751309204948542,-0.44063125659122476,0,1,0,0,0,0,1,0
-0.017439284651785854,0,1,1.6212197497873877,-0.21709157240732405,0.9738501489929063,0.13167746512691517,0.01772554145471996,1.0783015571939585,1.5691077076538928,1,6,5,7,4,0,0,0,0,0,0,0.5101665972293873,-0.05152338579690699,0.2016705905871322,0.5444792980001301,-0.44063125659122476,0,1,0,0,1,0,0,0
1.3441890208569294,0,0,-0.24441422208311328,0.8617483239583659,0.6213836349099848,2.065361227186298,0.642067640814591,0.6885576215192951,-0.2270691466029446,1,4,6,8,2,0,0,0,0,0,0,-2.240497682473812,0.7003654153001685,1.3863974876848222,0.5444792980001301,-0.44063125659122476,0,0,0,0,0,1,0,0
-0.24126217809523173,0,1,1.3448295317324988,0.1365777049136597,1.955721152509616,0.10056071493285614,2.937443006108235,3.0270212355672754,0.26102238987989174,6,11,8,5,8,1,0,0,0,0,0,-0.5213325076593126,0.635846904314941,0.7406378972949546,1.9816471454420963,1.033090511708265,0,0,0,0,0,0,1,0
-1.1627866569188958,1,0,0.5156588775678316,-0.8679619231072857,-0.6626015235349434,-0.6818032899463424,-0.6433425637498494,-0.6511871573623601,-0.6565896987078406,1,1,0,3,7,0,0,0,0,0,0,-1.2089985775851124,0.26610620674575197,-0.9463464589948546,-1.2846434169260088,-0.44063125659122476,0,0,1,0,1,0,0,0
1.2435202477280125,0,0,-0.6935483264223079,0.3862266065520012,-0.10872557283320966,0.9851654704496772,1.2296837343297637,-0.115289245809698,-0.18802182368431772,1,10,7,10,4,0,0,0,1,0,0,0.7680413734515622,-0.649560353006132,0.6672182022635483,1.720343900452648,1.033090511708265,0,1,0,0,0,0,1,0
0.013150156415307106,0,0,-0.45170688562428,0.5467151861766493,-0.1339017524105612,0.31837796629126935,0.34825959405700463,1.9795844084416174,-0.3051637924401984,1,8,7,11,6,0,0,0,0,0,0,1.6276239608588121,0.8815135422971537,0.5587572891489712,1.5896922779579237,-0.44063125659122476,0,0,0,0,0,0,1,0
0.5934126472240062,0,0,1.69031730430111,1.8306238231738339,2.8117112581395682,0.007210464350679041,-0.019000464389978336,0.46932665770229703,-0.26611646952157153,1,9,4,10,6,0,0,0,0,0,0,0.08037530352576235,0.6954024529166895,1.2245404327292222,1.197737410473751,-0.44063125659122476,0,1,0,0,1,0,0,0
-0.42887429367518165,2,0,0.13562232774235916,-0.8441858372369675,-0.5115444460708343,-0.5484457891146608,-0.33117151406991385,-0.5293921774640278,-0.1099271778470639,1,3,1,2,8,0,0,0,0,0,0,-0.1774994726964126,0.17677288384312914,-0.7894952923368507,-1.0233401719365605,-0.44063125659122476,0,0,0,1,0,1,0,0
-1.371994074691694,0,0,-0.07167033579880762,-0.8976820304451835,-0.08354939325585813,-0.6906937900017878,-0.5331645462157545,-0.5050331814843614,0.046262113827443725,1,2,1,2,8,0,0,0,0,0,0,0.2522918210072123,0.4621432208931743,-0.8478973224754691,-1.1539917944312847,-0.44063125659122476,1,0,0,0,0,0,1,0
0.5604809824917453,0,1,-0.3826093311105578,1.762267576296669,-0.08354939325585813,0.18057521543186508,-0.40462352575931043,-0.38323820158602906,0.9443505409558626,5,9,6,12,6,0,0,0,0,0,0,0.5961248559701122,0.7847357758193123,1.0693578955037502,2.242950390431545,-0.44063125659122476,0,1,0,0,0,0,0,0
0.8355517297290651,0,0,-0.3826093311105578,0.4397227997602172,-0.15907793198791273,1.5452669739427398,-0.44134953160400875,0.07958272202763367,-0.8518263133009751,3,4,6,5,3,0,0,0,0,0,0,0.2522918210072123,-0.2450789187525898,0.7089339380768473,0.41382767550540583,-0.44063125659122476,0,0,0,1,0,1,0,0
-0.4373531433430895,1,1,-1.4536214260732527,-0.3270559695575459,-0.6122491643802404,-0.4906575387542655,-0.6800685695945476,-0.6511871573623601,-0.8518263133009751,5,4,1,6,8,0,0,0,0,0,0,1.197832667155187,0.6581802350405966,-0.5875911310004838,0.15252443051595743,-0.44063125659122476,0,1,0,0,0,0,1,0
-1.4678847115436684,1,0,-0.34806055385369666,-0.8976820304451835,-0.5870729848028888,-0.7129200401404014,-0.6066165579051511,-0.6268281613826937,-0.6761133601671541,1,1,1,2,7,0,0,0,0,0,0,-0.09154121395568762,-0.7289677511417968,-0.9663700121852381,-1.2846434169260088,-0.44063125659122476,0,1,0,0,0,1,0,0
-0.4573088889703201,1,1,-0.7971946581928914,-0.7609695366908537,-0.43601590733877965,-0.5395552890592153,-0.6249795608275003,-0.28580221766736325,-0.46135308411470605,4,2,1,4,6,0,0,0,0,0,0,-0.5213325076593126,0.05766178663963203,-0.774477627444063,-0.5007336819576637,-0.44063125659122476,0,1,0,0,0,1,0,0
0.03240323494298736,0,1,0.48111010031097046,1.4412904170473728,-0.6626015235349434,-0.10836603637011165,-0.4597125345263579,-0.43195619354536197,-0.1099271778470639,2,2,4,8,8,0,0,0,0,0,0,-0.5213325076593126,0.5762913557131923,0.643857390208101,0.15252443051595743,-0.44063125659122476,0,0,0,1,0,1,0,0
-0.442646568826369,1,1,0.7920490956227206,-0.6272290536703136,-0.6374253439575919,-0.6462412897245606,-0.6800685695945476,-0.5537511734436943,-0.3637347768181388,3,2,1,4,5,0,0,0,0,0,0,-0.6072907664000375,-0.5230048122274163,-0.7678031097139352,-0.6313853044523878,-0.44063125659122476,0,0,0,1,0,1,0,0
1.3239053639165752,0,0,-1.0390360989909193,2.1724050575596587,2.711006539830162,2.238725978267484,-0.22099349653581898,0.27445468986496535,-0.8518263133009751,1,6,3,10,3,0,0,1,1,0,0,2.143373513303162,-0.5527825865282907,2.1656474326772464,0.6751309204948542,2.506812280007755,0,0,1,0,1,0,0,0
-0.03800400843196014,1,1,1.172085645448193,-0.8382418157693879,-0.6626015235349434,-0.6551317897800061,-0.5698905520604528,-0.5293921774640278,-0.7932553289230347,2,2,0,3,6,0,0,0,0,0,0,-1.0370820601036626,-0.8257455176196382,-0.9163111292092794,-1.0233401719365605,-0.44063125659122476,0,0,0,0,1,0,0,0
0.17972910348204915,0,1,1.206634422705054,1.102481193395338,-0.6626015235349434,-0.36174528795030664,-0.4964385403710562,-0.4806741855046949,0.6514956190661608,5,10,3,8,8,0,0,0,0,0,0,0.5961248559701122,0.5837357992884109,0.41692378738375474,1.4590406554631996,-0.44063125659122476,0,1,0,0,1,0,0,0
-1.1736545747252751,1,0,0.10107355048549801,-0.9036260519127631,-0.6626015235349434,-0.735146290279015,-0.5331645462157545,-0.5781101694233607,-0.8127789903823482,1,1,0,2,7,0,0,0,0,0,0,-1.8966646475109123,-0.7016714580326621,-0.9847249359430896,-1.415295039420733,-0.44063125659122476,1,0,0,0,0,1,0,0
0.8986980797419921,0,1,0.41201254579724816,0.6804556691971894,-0.4108397277614281,0.22502771570909227,2.955806009030584,3.5872781430996037,2.955287671265148,2,7,6,13,4,0,0,0,0,0,0,1.541665702118087,0.38273582275750956,1.2061855089713707,1.720343900452648,-0.44063125659122476,0,1,0,0,1,0,0,0
1.9023877647397467,0,0,1.206634422705054,1.155977386603554,-0.1339017524105612,-0.2150520370354569,1.3398617518638587,2.9295852516486094,-0.03183253200981009,1,6,5,11,2,0,0,1,1,0,0,-1.3809150950665625,-0.374115940723045,0.8791341401951069,1.067085787979027,2.506812280007755,0,1,0,0,1,0,0,0
-0.06142624508363928,0,1,1.69031730430111,0.46052687489674565,-0.6626015235349434,-0.6329055396413925,-0.5698905520604528,-0.6511871573623601,-0.7737316674637214,6,4,5,7,6,0,1,0,0,0,0,0.7680413734515622,0.7202172648340847,-0.18545143776028197,0.9364341654843027,1.033090511708265,0,0,0,1,0,0,0,0
-0.25573712034596946,1,1,0.23926865951294254,-0.419188302305029,-0.6122491643802404,-0.5617815391978289,-0.5331645462157545,-0.38323820158602906,-0.6370660372485272,7,3,1,6,6,0,0,0,0,0,0,-0.1774994726964126,-0.06889375413908365,-0.615957831353527,0.28317605301068166,-0.44063125659122476,0,0,0,1,1,0,0,0
-0.1986337073891757,0,1,1.0684393136776096,-0.4221603130388188,0.8731454306835001,-0.37063578800575203,1.1011427138733196,0.7372756134786281,0.3391170357171455,4,4,3,8,5,0,0,0,0,0,0,-0.5213325076593126,0.3876987851409886,-0.13872981364938716,0.5444792980001301,-0.44063125659122476,0,0,0,0,0,0,0,1
0.8051028220818822,0,0,-1.3499750943026694,1.5423387819962253,-0.03319703410115505,1.3007782224179902,1.5969437927767467,0.055223726047967214,1.0029215253338029,1,6,6,7,4,0,0,1,0,0,0,-1.1230403188443874,0.6308839419314619,1.586633019588657,0.6751309204948542,1.033090511708265,0,1,0,0,1,0,0,0
0.8602856116332384,0,0,-0.6589995491654468,-0.026882885444778154,0.2185647616723603,1.4030189730556129,1.5418547840096992,2.271892360197615,-0.070879854928437,1,5,5,10,3,0,0,0,0,0,0,0.2522918210072123,0.27355065032097053,0.8157262217588925,0.8057825429895785,-0.44063125659122476,0,1,0,0,0,0,0,0
-1.7278246939040036,1,0,1.5175734180168043,-0.8917380089776039,-0.46119208691613117,-0.6906937900017878,-0.33117151406991385,-0.3588792056063626,-0.3442111153588253,2,2,1,2,9,0,0,0,0,0,0,-1.5528316125480124,0.4298839654005605,-0.8745953933959805,-1.0233401719365605,-0.44063125659122476,1,0,0,0,0,1,0,0
-1.447413676710101,0,0,1.3793783089893599,-0.796633665496331,-0.5618968052255373,-0.6595770398077287,-0.5698905520604528,-0.6024691654030272,-0.500400407033333,1,2,0,4,7,0,0,0,0,0,0,-0.6072907664000375,0.04277289948919489,-0.8679208756658526,-1.0233401719365605,-0.44063125659122476,0,0,1,0,0,0,1,0
0.06767712334041615,1,1,-1.6263653123575585,-0.2230355938749036,-0.4863682664934827,-0.11725653642555708,-0.4964385403710562,-0.5781101694233607,-0.6370660372485272,7,5,1,8,7,0,0,0,0,0,0,-0.43537424891858756,-0.10115300963169746,-0.34063397498575404,0.8057825429895785,-0.44063125659122476,0,0,1,0,0,0,0,0
-1.8193587947387657,0,0,-0.6935483264223079,-0.8976820304451835,-0.6626015235349434,-0.7084747901126787,-0.6249795608275003,-0.4806741855046949,-0.6565896987078406,1,1,0,3,6,0,0,0,0,0,0,1.455707443377362,-0.2574863247112874,-0.9596954944551103,-1.2846434169260088,-0.44063125659122476,1,0,0,0,0,0,1,0
1.1173212366487653,1,0,-0.7626458809360303,0.10685759757576192,-0.1339017524105612,-0.1439280365918934,4.057586184371533,-0.3101612136470297,0.24149872842057826,1,7,5,8,4,0,0,0,0,0,0,-1.0370820601036626,-0.7066344204161411,0.365196274975264,0.8057825429895785,-0.44063125659122476,0,0,0,0,0,0,1,0
0.676936343123894,1,1,0.2738174367698037,0.07119346877028457,-0.43601590733877965,-0.1883805368691206,-0.4597125345263579,-0.06657125385036508,1.2762527857641912,7,4,2,10,3,0,0,0,0,0,0,-0.7792072838814875,0.0973654857074644,0.0031036881158292384,1.067085787979027,-0.44063125659122476,0,1,0,0,1,0,0,0
0.5851211754493117,0,1,-0.7626458809360303,-0.3092239051548072,-0.5367206256481858,-0.5440005390869381,-0.6800685695945476,-0.4075971975656955,-0.46135308411470605,1,5,1,5,5,0,0,0,0,0,0,-0.09154121395568762,-0.02670857387951176,-0.5425381363221209,-0.37008205946293943,-0.44063125659122476,0,0,0,1,0,0,1,0
0.6437704560251163,0,1,0.9647929819070262,-0.2349236368100627,3.4159395679960056,0.9807202204219545,1.266409740174462,0.22573669790563242,-0.285640130980885,1,5,10,8,3,0,0,0,0,0,0,-0.6072907664000375,-0.3319307604634731,0.5687690657441629,1.197737410473751,-0.44063125659122476,0,1,0,0,1,0,0,0
1.706296799491889,0,0,-0.5899019946517245,2.216985218566505,3.8187584412336304,1.7275222250793711,0.7338826554263368,2.710354287831611,1.4519657388980123,1,4,7,9,1,0,0,0,1,0,0,0.6820831147108373,0.04525438068093441,2.522734131239085,0.8057825429895785,1.033090511708265,0,1,0,0,0,0,1,0
-0.8397471690189372,0,0,-0.10621911305566875,-0.7847456225611719,-0.6122491643802404,-0.672912789890897,-0.5331645462157545,-0.6511871573623601,-0.7346843445450945,1,1,1,3,4,0,0,0,0,0,0,-1.7247481300294623,-0.12844930274083222,-0.889613058288768,-1.1539917944312847,-0.44063125659122476,0,0,0,1,0,1,0,0
-0.7083015769297138,1,0,-0.9008409899634747,-0.8560738801721266,-0.6374253439575919,-0.7307010402512922,-0.6800685695945476,-0.6511871573623601,-0.8323026518416616,1,1,0,3,5,0,0,0,0,0,0,-0.9511238013629375,-0.8183010740444197,-0.9747131593478979,-1.2846434169260088,-0.44063125659122476,0,0,0,1,0,1,0,0
-0.4113076161864223,1,1,1.206634422705054,-0.8887659982438142,-0.6374253439575919,-0.7084747901126787,-0.6433425637498494,-0.6268281613826937,-0.7737316674637214,1,1,0,2,7,0,0,0,0,0,0,-0.005582955214962636,-0.5254862934191559,-0.9747131593478979,-1.415295039420733,-0.44063125659122476,0,0,1,0,1,0,0,0
-0.46325813707984664,1,1,1.5866709725305266,-0.8709339338410755,-0.6374253439575919,-0.7218105401958469,-0.6433425637498494,-0.6511871573623601,-0.715160683085781,1,1,0,2,7,0,0,0,0,0,0,-0.1774994726964126,0.7574394827101776,-0.9663700121852381,-1.415295039420733,-0.44063125659122476,0,0,0,0,0,0,1,0
-0.7440907545334796,1,0,1.1375368681913318,-0.8352698050355981,-0.6626015235349434,-0.672912789890897,-0.6800685695945476,-0.6024691654030272,-0.715160683085781,2,3,0,3,6,0,0,0,0,0,0,-1.0370820601036626,0.12714326000833867,-0.929660164669535,-0.8926885494418363,-0.44063125659122476,0,0,0,1,0,1,0,0
-1.3393434767992534,1,0,1.4830246407599432,-0.8887659982438142,0.24374094124971185,-0.7084747901126787,-0.6800685695945476,-0.4075971975656955,0.026738452368130272,2,3,0,3,8,0,0,0,0,0,0,-1.6387898712887374,0.7946617005862704,-0.8362169164477454,-0.8926885494418363,-0.44063125659122476,0,0,0,0,1,0,0,0
-1.603686839650104,1,0,1.1375368681913318,-0.8976820304451835,-0.6122491643802404,-0.735146290279015,-0.6249795608275003,-0.6268281613826937,-0.8127789903823482,1,1,0,2,8,0,0,0,0,0,1,-0.8651655426222125,0.4695876644683929,-0.9897308242406855,-1.415295039420733,-0.44063125659122476,0,1,0,0,1,0,0,0
-1.5052666012397484,1,0,-0.8662922127066136,-0.8976820304451835,-0.5367206256481858,-0.6995842900572332,-0.16590448776877154,-0.5050331814843614,-0.3051637924401984,3,2,1,3,5,1,0,0,0,0,0,-0.5213325076593126,-0.30215298616259884,-0.8779326522610443,-0.762036926947112,1.033090511708265,0,0,0,0,0,0,1,0
-0.5098215435433848,0,0,-0.5899019946517245,-0.8025776869639105,-0.38566354818407655,-0.13059228650872523,2.60690895350595,0.834711597397294,0.026738452368130272,1,8,1,5,8,0,0,0,0,0,0,-1.1230403188443874,-0.009338205537335099,-0.22883580300611286,0.02187280802123322,-0.44063125659122476,0,0,0,0,0,0,1,0
1.495028224893743,0,0,1.0338905364207485,1.6136670396071802,0.9990263285702579,-0.2106067870077342,0.8991496817274791,1.5167634848279548,1.315300108682818,1,9,10,5,4,0,1,0,1,0,0,1.799540478340262,0.5390691378370995,1.1911678440785831,1.3283890329684753,2.506812280007755,0,0,0,1,1,0,0,0
1.2968761028205376,0,0,-0.4171581083674189,0.43377877829263767,2.685830360252811,3.4878412360575677,2.4967309359718555,-0.6511871573623601,3.3652845619107308,1,3,6,6,1,0,0,0,0,0,0,-1.2949568363258375,0.2264025076779196,2.2006886507604175,0.15252443051595743,-0.44063125659122476,0,1,0,0,0,1,0,0
-0.3880727574279566,0,1,-0.4171581083674189,-0.716389375684007,-0.4108397277614281,-0.37063578800575203,-0.5515275491381036,-0.18836623374869738,-0.4808767455740195,2,4,1,4,7,0,0,0,0,0,0,-0.005582955214962636,0.8666246551467166,-0.6726912320596136,-0.5007336819576637,-0.44063125659122476,0,1,0,0,0,0,0,1
0.6205355972666506,0,0,-0.9008409899634747,2.28831347617746,-0.6626015235349434,-0.4328692883938701,-0.6800685695945476,-0.6511871573623601,0.046262113827443725,1,10,4,13,6,1,0,1,1,1,0,-1.1230403188443874,-0.4386344517082726,0.9759146472819605,1.720343900452648,5.454255816606734,0,1,0,0,1,0,0,0
-0.2347976407793683,1,1,-0.45170688562428,-0.7609695366908537,-0.6626015235349434,-0.6773580399186196,-0.6800685695945476,-0.6511871573623601,-0.7346843445450945,2,2,0,3,6,0,0,0,0,0,0,0.4242083384886623,-0.6073751727465602,-0.894618946586364,-1.0233401719365605,-0.44063125659122476,0,0,0,1,0,0,1,0
1.199111687036429,0,1,-0.6589995491654468,1.8900640378496296,0.4451503778685241,1.0207274706714589,-0.6800685695945476,1.4924044888482884,0.2805460513392052,1,8,7,7,4,1,0,1,1,0,0,0.8539996321922873,-0.09370856605647888,1.5382427660452302,1.067085787979027,3.980534048307244,0,0,1,0,1,0,0,0
0.676936343123894,1,1,0.2738174367698037,0.07119346877028457,-0.43601590733877965,-0.1883805368691206,-0.4597125345263579,-0.06657125385036508,1.2762527857641912,7,4,2,10,3,0,0,0,0,0,0,-0.7792072838814875,0.0973654857074644,0.0031036881158292384,1.067085787979027,-0.44063125659122476,0,1,0,0,1,0,0,0
-0.3174312916864923,1,1,-0.7280971036791691,-0.8055496976977004,-0.6626015235349434,-0.7173652901681241,-0.6800685695945476,-0.6511871573623601,-0.5589713914112733,2,1,1,2,4,0,0,0,0,0,0,0.5101665972293873,0.015476606380060133,-0.9196483880743433,-1.1539917944312847,-0.44063125659122476,0,1,0,0,0,0,0,0
0.5263782059269004,0,0,0.8611466501364429,1.964364306194374,0.19338858209500878,1.8653249759387756,0.9542386904945266,1.4436864968889553,-0.12945083930637735,1,3,5,8,3,1,0,0,0,0,0,-0.43537424891858756,0.64080986669842,1.9904413422613907,0.28317605301068166,1.033090511708265,0,0,0,1,0,1,0,0
-1.1024041308308672,0,0,-0.002572781285085367,-0.9006540411789733,-0.5367206256481858,-0.7262557902235696,-0.5515275491381036,-0.5537511734436943,-0.6956370216264675,1,1,0,2,7,0,0,0,0,0,0,1.885498737080987,0.6035876488223271,-0.9613641238876423,-1.415295039420733,-0.44063125659122476,1,0,0,0,0,0,1,0
-1.165691014263704,0,0,0.5156588775678316,-0.9006540411789733,-0.008020854523803517,-0.6284602896136697,-0.36789751991461217,-0.09093024983003155,-0.5589713914112733,1,3,0,3,9,0,0,0,0,0,0,0.2522918210072123,0.7599209639019171,-0.8295423987176176,-1.0233401719365605,-0.44063125659122476,0,1,0,0,0,0,0,1
-1.0224406149020344,1,0,-0.6589995491654468,-0.8887659982438142,-0.5870729848028888,-0.6906937900017878,-0.4597125345263579,-0.5293921774640278,-0.6761133601671541,1,2,0,3,6,0,0,0,0,0,0,-1.2089985775851124,-0.7562640442509315,-0.932997423534599,-1.1539917944312847,-0.44063125659122476,0,1,0,0,1,0,0,0
-1.073360557382785,1,0,-1.0390360989909193,-0.8857939875100244,-0.5115444460708343,-0.672912789890897,-0.4964385403710562,-0.5293921774640278,-0.8127789903823482,2,2,0,3,6,0,0,0,0,0,0,-1.0370820601036626,-0.3244863168882545,-0.9346660529671309,-1.0233401719365605,-0.44063125659122476,0,1,0,0,1,0,0,0
0.10491847961658599,1,1,-0.6244507719085857,-0.8887659982438142,-0.5115444460708343,-0.6951390400295105,-0.5698905520604528,-0.5293921774640278,-0.3637347768181388,1,1,0,3,4,0,0,0,0,0,0,-0.7792072838814875,0.3107728681970634,-0.9129738703442155,-1.2846434169260088,-0.44063125659122476,0,1,0,0,0,0,0,1
-0.6133478295438066,0,1,1.2757319772187765,-0.6777532361447398,-0.6626015235349434,-0.7084747901126787,-0.6800685695945476,-0.6511871573623601,-0.5394477299519599,1,3,2,2,5,0,0,0,0,0,0,0.8539996321922873,-0.6421159094309135,-0.8428914341778733,-0.8926885494418363,-0.44063125659122476,0,0,0,1,1,0,0,0
0.8552264085164756,0,1,-1.3499750943026694,0.6774836584633995,1.5529022792719915,0.007210464350679041,0.5869786320475435,0.4206086657429641,1.7448206607877141,3,7,3,13,5,0,0,0,0,0,0,-0.6072907664000375,0.0005877192296229938,0.7172770852395071,1.4590406554631996,-0.44063125659122476,0,0,0,1,0,0,0,0
-0.5423784524892188,0,1,-0.037121558541946494,-0.2795037978169094,-0.6626015235349434,-0.7129200401404014,-0.6800685695945476,-0.6511871573623601,-0.8127789903823482,2,4,1,5,7,0,0,0,0,0,0,-0.43537424891858756,-0.20785670087649696,-0.6443245317065703,-0.37008205946293943,-0.44063125659122476,0,0,0,1,1,0,0,0
-1.0024848692748038,0,1,-1.4881702033301138,-0.37163613056439254,-0.46119208691613117,-0.37063578800575203,-0.33117151406991385,-0.38323820158602906,-0.3637347768181388,5,1,2,9,2,0,0,0,0,0,0,0.7680413734515622,0.8393283620375818,-0.46578118242565086,0.28317605301068166,-0.44063125659122476,0,0,1,0,1,0,0,0
0.5176182894191724,0,1,-0.34806055385369666,0.026613307763437875,-0.2849588298746704,-0.5306647890037699,-0.3128085111475647,-0.6511871573623601,2.8967166868872076,2,7,4,3,6,0,0,0,0,0,0,1.197832667155187,0.8740690987219352,-0.028600271102277957,0.15252443051595743,-0.44063125659122476,0,0,0,0,1,0,0,0
0.23608300486598918,2,1,0.37746376854038705,-0.035798917646147496,-0.5870729848028888,-0.3973072881720884,-0.4964385403710562,-0.5781101694233607,-0.3442111153588253,7,6,3,5,7,0,0,0,0,0,0,0.3382500797479373,-0.2028937384930179,-0.3222790512279025,0.8057825429895785,-0.44063125659122476,0,0,1,0,1,0,0,0
0.30335166852961165,0,0,-0.17531666756939102,-0.014994842509619037,-0.5367206256481858,0.15390371526552876,-0.2944455082252156,-0.13964824178936447,0.10483309820538408,3,5,4,8,4,0,0,0,0,0,0,1.3697491846366372,0.16932844026791058,-0.013582606209490337,0.6751309204948542,-0.44063125659122476,0,1,0,0,0,0,1,0
1.234947709113498,0,0,-1.246328762532086,1.0192648928492243,2.031249691241671,0.9985012205328453,2.533456941816554,0.9808655732752927,-0.070879854928437,1,6,4,10,3,0,0,0,0,0,0,-1.6387898712887374,-0.2450789187525898,1.3730484522245665,0.8057825429895785,-0.44063125659122476,0,0,1,0,1,0,0,0
-1.3286629368860876,1,0,1.3102807544756376,-0.8293257835680186,-0.5367206256481858,-0.6551317897800061,-0.5515275491381036,-0.6511871573623601,-0.4027820997367657,3,3,0,3,7,0,0,0,0,0,0,-0.34941599017786257,0.04525438068093441,-0.8762640228285125,-0.762036926947112,-0.44063125659122476,0,0,0,0,1,0,0,0
0.9336440568262974,0,0,-0.6935483264223079,0.16035379078397793,2.056425870819022,1.0962967211427452,1.9091148424566822,1.7116354526652864,-0.2270691466029446,1,2,8,6,1,0,0,0,0,0,0,-1.1230403188443874,0.1842173274183477,0.9091694699806823,0.28317605301068166,-0.44063125659122476,0,1,0,0,0,0,1,0
1.0719757864911144,0,1,-1.6609140896144197,1.087621139726389,-0.43601590733877965,0.36727571659621927,-0.6800685695945476,0.030864730068300754,-0.6761133601671541,2,5,4,5,4,0,0,0,0,0,0,0.3382500797479373,0.531624694261881,0.602141654394802,0.15252443051595743,-0.44063125659122476,0,0,1,0,1,0,0,0
0.3495871636800263,1,1,1.2411831999619152,-0.5024046028511429,-0.6626015235349434,-0.6951390400295105,-0.6800685695945476,-0.5537511734436943,-0.1489745007656908,2,3,1,4,5,0,0,0,0,0,0,1.541665702118087,0.20903213933574294,-0.6993893029801249,-0.6313853044523878,-0.44063125659122476,0,0,1,0,0,0,1,0
1.0431195909362456,0,1,-0.002572781285085367,-0.4548524311105064,1.376669022230531,-0.3573000379225839,2.4049159213601095,1.5654814767872878,0.39768802009508586,2,4,2,11,2,0,0,0,0,0,0,-0.5213325076593126,-0.7314492323335363,0.061505718254447755,0.5444792980001301,-0.44063125659122476,0,1,0,0,1,0,0,0
0.5304536751042926,0,2,0.37746376854038705,0.8587763132245761,0.09268386378560263,-0.3350737877839703,-0.14754148484642238,-0.115289245809698,-0.715160683085781,1,6,3,12,4,0,0,0,0,0,0,0.16633356226648732,-0.0738567165225627,0.2800961739161342,0.9364341654843027,-0.44063125659122476,0,0,0,1,1,0,0,0
-0.9760645863317098,1,1,1.0338905364207485,-0.8560738801721266,-0.6122491643802404,-0.6906937900017878,-0.6249795608275003,-0.6511871573623601,-0.5394477299519599,2,1,1,2,8,1,0,0,0,0,0,-0.8651655426222125,0.1941432521853058,-0.9279915352370031,-1.1539917944312847,1.033090511708265,0,0,0,0,1,0,0,0
1.030752649984159,0,0,0.17017110499922028,0.9598246781734286,1.6284308180040463,1.9142227262437255,2.239648895058967,1.5654814767872878,-0.5589713914112733,1,6,5,12,3,0,0,0,0,0,0,-0.34941599017786257,0.35047656726489573,1.628348755401956,1.197737410473751,-0.44063125659122476,0,1,0,0,0,0,1,0
1.838632436573876,0,0,1.5521221952736655,-0.4221603130388188,0.042331504630899554,2.896622982370446,-0.6800685695945476,0.030864730068300754,0.24149872842057826,0,4,3,7,3,1,0,1,1,1,0,-1.8107063887701873,0.28843953747140766,0.8140575923263607,-0.10877881447349098,5.454255816606734,0,0,1,0,0,1,0,0
1.1048137622767686,0,0,0.23926865951294254,1.2035295583441905,1.6787831771587494,0.9229319700615591,1.2296837343297637,1.2975325210109567,0.7100666034441011,1,8,6,6,3,0,0,0,0,0,0,-0.8651655426222125,-0.7066344204161411,1.3947406348474818,0.8057825429895785,-0.44063125659122476,0,1,0,0,0,0,1,0
-0.665438883857141,1,0,-0.6244507719085857,-0.8768779553086551,-0.6626015235349434,-0.7129200401404014,-0.6066165579051511,-0.6268281613826937,-0.7542080060044078,1,1,0,2,9,0,0,0,0,0,0,-0.7792072838814875,0.5961432052471085,-0.9663700121852381,-1.415295039420733,-0.44063125659122476,0,0,0,1,1,0,0,0
-0.14073393838622486,1,1,-0.969938544477197,-0.7490814937556945,-0.6626015235349434,-0.6995842900572332,-0.6800685695945476,-0.6511871573623601,-0.3637347768181388,2,1,0,4,4,0,0,0,0,0,0,0.5101665972293873,-0.6570047965813507,-0.8645836168007888,-1.0233401719365605,-0.44063125659122476,0,0,0,1,0,1,0,0
-1.0258602614531795,1,0,-0.7280971036791691,-0.8709339338410755,-0.6626015235349434,-0.6684675398631742,-0.5515275491381036,-0.5050331814843614,-0.4418294226553926,1,2,0,3,8,0,0,0,0,0,0,-0.2634577314371376,-0.6098566539382997,-0.9062993526140877,-1.1539917944312847,-0.44063125659122476,0,1,0,0,1,0,0,0
-0.22941052634948209,0,1,0.10107355048549801,-0.1487353255301591,-0.4863682664934827,-0.2595045373126841,-0.3128085111475647,-0.6511871573623601,-0.3442111153588253,3,6,3,5,6,0,0,0,0,0,0,-0.6072907664000375,-0.269893730669985,-0.3156045334977747,0.28317605301068166,-0.44063125659122476,0,1,0,0,0,1,0,0
1.18866536948978,0,0,1.206634422705054,0.3089543274734669,0.8731454306835001,-0.25505928728496136,0.20135557067821144,2.320610352156948,-0.05135619346912354,1,5,7,9,4,0,0,0,1,0,0,1.0259161496737372,0.43732840897577907,0.30846287426917746,0.9364341654843027,1.033090511708265,0,0,0,0,0,0,0,0
1.8136174878298827,0,0,-0.6935483264223079,2.532018356348222,2.358540025747241,3.32781223505955,1.0460537051062724,2.85650826370961,1.0224451867931164,1,3,4,10,1,0,0,1,0,0,0,-1.8966646475109123,-0.5130788874604583,3.205203569144656,0.41382767550540583,1.033090511708265,0,0,1,0,0,1,0,0
1.4893131991507333,0,0,-1.6263653123575585,0.04147336143238677,-0.46119208691613117,1.0696252209764088,2.0743818687578246,0.20137770192596596,-0.6956370216264675,1,2,8,13,0,0,0,0,0,0,0,0.5961248559701122,-0.48826407554306306,0.5370651065260557,1.197737410473751,-0.44063125659122476,0,1,0,0,1,0,0,0
-0.2591567668971146,0,1,0.23926865951294254,-0.621285032202734,-0.31013500945202194,-0.4550955385324837,-0.6433425637498494,-0.43195619354536197,-0.1099271778470639,1,4,2,3,7,0,0,0,0,0,0,1.197832667155187,-0.7140788639913597,-0.6376500139764425,-0.6313853044523878,-0.44063125659122476,0,0,1,0,0,0,0,0
-0.7390783958900202,1,0,-1.246328762532086,-0.7371934508205354,-0.5618968052255373,-0.4017525381998111,-0.36789751991461217,-0.6268281613826937,-0.500400407033333,4,4,1,3,9,1,0,0,0,0,0,-1.3809150950665625,0.0874395609405063,-0.7210814856030403,-0.37008205946293943,1.033090511708265,0,0,0,0,1,0,0,0
0.8435621346639394,0,0,-0.969938544477197,-0.15467934699773866,1.804664075045507,2.936630232619951,3.3414290703999163,1.053942561214292,2.9748113327244616,1,4,5,12,3,0,0,0,0,0,0,-0.1774994726964126,0.1395506659670363,1.7651763688695765,0.9364341654843027,-0.44063125659122476,0,1,0,0,0,0,1,0
-0.5469692108729479,1,0,0.653853986595276,-0.8976820304451835,-0.6374253439575919,-0.7129200401404014,-0.6433425637498494,-0.6268281613826937,-0.8323026518416616,1,1,0,2,6,0,0,0,0,0,0,-0.6932490251407625,0.531624694261881,-0.9863935653756216,-1.415295039420733,-0.44063125659122476,0,1,0,0,0,0,0,0
-0.9724575618873512,1,0,0.17017110499922028,-0.8976820304451835,-0.5870729848028888,-0.6951390400295105,-0.47807553744870707,-0.6024691654030272,-0.6565896987078406,1,1,0,3,6,0,0,0,0,0,0,-0.34941599017786257,-0.5130788874604583,-0.9446778295623227,-1.2846434169260088,-0.44063125659122476,0,0,0,0,0,0,0,0
0.8989791465818122,0,1,1.5866709725305266,0.5675192613131778,0.16821240251765723,0.39394721676255556,-0.47807553744870707,0.15265970996663306,-0.6956370216264675,4,6,7,9,4,0,0,0,0,0,0,1.0259161496737372,-0.36915297833956595,0.38521982816564754,1.4590406554631996,-0.44063125659122476,0,1,0,0,1,0,0,0
1.6015525571855798,0,0,0.8265978728795818,0.2822062308693589,0.042331504630899554,2.6210174806516378,-0.019000464389978336,0.32317268182429826,1.6081550305725199,1,5,7,10,2,0,0,0,0,0,0,0.5961248559701122,0.23136547006139865,1.3029660160582242,1.067085787979027,-0.44063125659122476,0,1,0,0,1,0,0,0
0.5553280904283759,1,1,1.3102807544756376,0.4545828534291661,-0.5367206256481858,-0.26839503736812953,-0.40462352575931043,-0.2370842257080303,0.1829277440426379,8,11,1,6,8,0,0,0,0,0,0,-0.8651655426222125,0.2958839810466262,0.08152927144483124,1.4590406554631996,-0.44063125659122476,0,1,0,0,1,0,0,0
-0.9759240529117997,1,0,0.2738174367698037,-0.8114937191652799,-0.5870729848028888,-0.6017887894473334,-0.6433425637498494,-0.4563151895250284,-0.7737316674637214,3,3,0,4,8,0,0,0,0,0,0,-1.0370820601036626,0.8393283620375818,-0.8762640228285125,-0.6313853044523878,-0.44063125659122476,0,1,0,0,0,0,1,0
-0.6413139801059115,1,1,1.206634422705054,-0.7758295903598026,-0.5367206256481858,-0.6151245395305016,-0.5515275491381036,-0.5050331814843614,-0.20754548514363116,4,3,1,3,5,0,0,0,0,0,0,-0.1774994726964126,-0.44607889528349115,-0.8045129572296382,-0.5007336819576637,-0.44063125659122476,0,1,0,0,0,0,1,0
1.4805532826430055,0,0,-1.4536214260732527,0.67153963699582,2.283011487015186,2.274287978489266,1.7805738220002383,0.4206086657429641,2.0181519212181023,1,4,10,8,1,1,0,0,1,0,0,-1.9826229062516374,-0.7041529392244016,1.745152815679193,1.067085787979027,2.506812280007755,0,1,0,0,0,1,0,0
0.20235498408757122,0,1,0.7920490956227206,1.144089343668395,-0.46119208691613117,0.0027652143229563225,-0.47807553744870707,-0.4563151895250284,0.8662558951186088,5,8,4,11,6,0,0,0,0,0,0,-0.005582955214962636,0.3479950860731562,0.6121534309899938,1.720343900452648,-0.44063125659122476,0,0,0,1,1,0,0,0
1.2980472146531215,0,0,-0.24441422208311328,0.496191003702223,-0.6626015235349434,1.527485973831849,1.137868719718018,-0.13964824178936447,-0.6175423757892137,1,6,4,9,2,0,0,0,0,0,0,-0.43537424891858756,-0.6470788718143925,0.8490988104095317,0.6751309204948542,-0.44063125659122476,0,0,0,1,0,0,1,0
-1.3779433228012206,0,0,0.6193052093384149,-0.701529322015058,-0.6626015235349434,0.2650349659585967,0.2564445794452589,3.173175211445274,-0.3637347768181388,3,10,2,4,9,0,0,0,0,0,0,1.2837909258959121,0.593661724055369,-0.1287180370541954,0.5444792980001301,-0.44063125659122476,0,1,0,0,0,1,0,0
0.6353852953038152,0,1,-0.6935483264223079,-0.17548342213426713,-0.18425411156526428,-0.18393528684139787,-0.0006374614676291876,0.9808655732752927,-0.5784950528705868,1,4,2,10,2,0,0,0,0,0,0,1.0259161496737372,-0.7314492323335363,-0.16209062570483457,0.28317605301068166,-0.44063125659122476,0,1,0,0,0,0,0,1
-0.18345609803888763,1,1,0.2047198822560814,-0.8352698050355981,-0.6626015235349434,-0.6906937900017878,-0.6249795608275003,-0.6024691654030272,-0.8127789903823482,1,1,0,3,6,0,0,0,0,0,0,0.3382500797479373,-0.800930705702243,-0.9396719412647268,-1.2846434169260088,-0.44063125659122476,0,1,0,0,1,0,0,0
-0.23418866262642463,1,0,1.413927086246221,-0.6510051395406318,0.4451503778685241,-0.4995480388097109,1.1929577284850654,1.2488145290516237,-0.7346843445450945,3,5,1,7,7,0,0,0,0,0,0,-1.5528316125480124,0.8269209560788842,-0.3923614873942447,0.15252443051595743,-0.44063125659122476,0,1,0,0,0,1,0,0
-0.7009469946210866,1,0,0.23926865951294254,-0.8293257835680186,-0.5115444460708343,-0.6284602896136697,-0.5698905520604528,-0.6511871573623601,-0.8518263133009751,2,2,0,3,8,0,0,0,0,0,0,-1.0370820601036626,-0.1805604077673622,-0.9046307231815557,-1.0233401719365605,-0.44063125659122476,0,0,1,0,1,0,0,0
0.4013971511535406,0,1,1.1029880909344707,0.9895447855113264,0.5206789166005787,0.31393271626354663,-0.4597125345263579,-0.18836623374869738,0.6319719576068473,4,6,11,7,5,0,0,0,0,0,0,-0.1774994726964126,-0.1160418967821346,0.7072653086443154,1.720343900452648,-0.44063125659122476,0,0,0,1,1,0,0,0
0.5034712584815583,0,1,0.2738174367698037,0.698287733599928,0.09268386378560263,-0.33062853775624756,0.7889716641933842,0.46932665770229703,-0.1099271778470639,1,5,3,13,3,0,0,0,0,0,0,1.2837909258959121,-0.48578259435132354,0.36853353384032794,0.9364341654843027,-0.44063125659122476,0,0,0,1,1,0,0,0
-1.28921989036466,0,0,1.69031730430111,-0.6866692683461092,0.042331504630899554,0.22502771570909227,-0.4964385403710562,-0.06657125385036508,1.3933947545200718,3,6,1,6,8,0,0,0,0,0,0,-0.8651655426222125,0.8045876253532285,-0.22883580300611286,0.15252443051595743,-0.44063125659122476,0,0,1,0,0,0,1,0
-0.2728821975749986,0,1,-1.3154263170458083,-0.6896412790798989,-0.05837321367850659,-0.43731453842159285,0.513526620358147,-0.5537511734436943,-0.6956370216264675,5,3,1,6,4,0,0,0,0,0,0,1.1118744084144623,0.2785136127044496,-0.6059460547583353,0.02187280802123322,-0.44063125659122476,0,1,0,0,0,0,1,0
1.3533236931510844,0,0,1.5866709725305266,1.3818502023715773,-0.10872557283320966,1.4830334735546218,3.1761620440987737,2.832149267729944,-0.20754548514363116,1,4,8,5,2,1,0,1,1,0,0,1.3697491846366372,-0.14333818989126934,1.7902058103575558,0.41382767550540583,3.980534048307244,0,1,0,0,0,0,1,0
0.9108776428008653,0,0,-0.8662922127066136,-0.22897961534248315,-0.08354939325585813,0.9896107204774,0.09117755314411656,-0.13964824178936447,0.6124482961475338,1,4,5,7,2,0,0,0,0,0,0,0.8539996321922873,-0.08130116009778127,0.288439321078794,0.28317605301068166,-0.44063125659122476,0,1,0,0,0,0,1,0
0.5779539710338979,0,0,-1.6609140896144197,0.698287733599928,3.5921728250374665,2.887732482315001,-0.3128085111475647,-0.6511871573623601,-0.26611646952157153,1,4,5,4,3,0,0,0,0,0,0,0.6820831147108373,0.47455062685187194,1.6183369788067643,-0.10877881447349098,-0.44063125659122476,0,1,0,0,0,0,1,0
-0.8651368735493574,1,0,-0.5899019946517245,-0.6777532361447398,-0.4108397277614281,-0.4906575387542655,-0.6249795608275003,-0.6268281613826937,-0.4027820997367657,2,4,0,4,8,0,0,0,0,0,0,-1.3809150950665625,0.1842173274183477,-0.7260873739006363,-0.6313853044523878,-0.44063125659122476,0,0,0,1,1,0,0,0
0.4638876785402205,0,1,0.23926865951294254,-0.4221603130388188,0.5962074553326333,-0.2950665375344658,0.32989659113465547,0.07958272202763367,-0.32468745389951187,1,4,2,8,4,0,0,0,0,0,0,-0.8651655426222125,-0.0415974610299489,-0.30058686860498707,0.02187280802123322,-0.44063125659122476,0,1,0,0,0,1,0,0
0.03160687889683027,0,1,0.6884027638521372,0.5586032291118084,-0.6626015235349434,-0.5751172892809971,-0.5515275491381036,-0.6511871573623601,-0.03183253200981009,3,6,3,8,5,0,0,0,0,0,0,0.5961248559701122,-0.7190418263748387,-0.043617935995065575,0.6751309204948542,-0.44063125659122476,0,0,0,1,0,1,0,0
0.15157557502673083,1,1,0.7920490956227206,-0.03282690691235771,-0.6626015235349434,-0.3528547878948612,-0.6066165579051511,-0.38323820158602906,-0.4027820997367657,4,7,2,5,7,0,0,0,0,0,0,-0.09154121395568762,0.8839950234888933,-0.31059864520017877,0.41382767550540583,-0.44063125659122476,0,0,0,1,1,0,0,0
0.345230627662814,0,1,0.7575003183658595,0.21979400545977354,-0.31013500945202194,-0.43731453842159285,-0.33117151406991385,-0.3101612136470297,-0.5784950528705868,2,3,5,8,3,0,0,0,0,0,0,1.6276239608588121,0.09488400451572487,-0.16209062570483457,0.41382767550540583,-0.44063125659122476,0,0,0,1,0,0,1,0
-0.6182196547673559,1,1,0.10107355048549801,-0.8114937191652799,-0.6626015235349434,-0.7129200401404014,-0.6433425637498494,-0.6268281613826937,-0.7542080060044078,2,1,0,4,4,0,0,0,0,0,0,1.197832667155187,-0.7264862699500573,-0.932997423534599,-1.0233401719365605,-0.44063125659122476,0,0,0,1,1,0,0,0
-1.310018836511351,1,0,-0.07167033579880762,-0.8976820304451835,-0.6374253439575919,-0.6595770398077287,-0.3128085111475647,-0.38323820158602906,-0.5394477299519599,1,2,0,3,6,0,0,0,0,0,0,-0.5213325076593126,0.6606617162323362,-0.894618946586364,-1.1539917944312847,-0.44063125659122476,0,1,0,0,1,0,0,0
-0.7010406835676933,1,1,-0.20986544482625213,-0.6064249785337852,-0.6122491643802404,-0.6684675398631742,-0.6433425637498494,-0.6268281613826937,-0.3637347768181388,4,3,2,2,9,0,0,0,0,0,0,1.3697491846366372,0.7896987382027914,-0.7644658508488713,-0.5007336819576637,-0.44063125659122476,0,0,0,1,0,0,0,0
-0.46428871549252054,1,0,-0.10621911305566875,-0.514292645786302,-0.6626015235349434,-0.6684675398631742,-0.6433425637498494,-0.6268281613826937,-0.09040351638775045,4,3,1,4,8,0,0,0,0,0,0,-0.7792072838814875,0.2909210186631472,-0.6927147852499971,-0.37008205946293943,-0.44063125659122476,0,1,0,0,0,0,1,0
0.2494336797574463,0,1,0.031975995971775764,-0.6093969892675749,-0.5618968052255373,-0.5973435394196107,-0.0006374614676291876,0.6641986255396287,-0.7346843445450945,2,2,1,7,2,0,0,0,0,0,0,1.455707443377362,-0.04407894222168842,-0.620963719651123,-0.37008205946293943,-0.44063125659122476,0,0,0,0,0,0,1,0
0.6859304819981388,0,1,1.0684393136776096,1.3164659662282021,-0.4108397277614281,-0.02390628584337999,0.513526620358147,0.32317268182429826,-0.03183253200981009,4,4,2,9,8,0,0,0,0,0,0,0.5961248559701122,0.5663654309462343,0.7690045976479978,0.5444792980001301,-0.44063125659122476,0,1,0,0,0,1,0,0
0.7600852832373549,0,0,1.2757319772187765,0.2524861235314611,0.9990263285702579,1.0740704710041316,-0.0006374614676291876,0.7372756134786281,0.8076849107406684,1,4,4,6,2,0,0,0,0,0,0,1.0259161496737372,-0.10115300963169746,0.7306261206997627,0.02187280802123322,-0.44063125659122476,0,0,1,0,0,0,1,0
-0.17539884863070998,1,1,0.6884027638521372,-0.4310763452401882,-0.5618968052255373,-0.5395552890592153,-0.5698905520604528,-0.6024691654030272,-0.1099271778470639,6,5,1,4,8,0,0,0,0,0,0,-0.5213325076593126,0.6606617162323362,-0.5842538721354198,0.15252443051595743,-0.44063125659122476,0,1,0,0,1,0,0,0
-0.04137681050980194,1,1,-1.3154263170458083,-0.6064249785337852,0.9486739694155547,-0.38841678811664293,0.513526620358147,-0.6511871573623601,1.2762527857641912,2,6,2,4,7,0,0,0,0,0,0,-0.005582955214962636,0.5539580249875367,-0.31226727463271076,-0.10877881447349098,-0.44063125659122476,0,0,0,1,1,0,0,0
-0.4782483685369213,1,1,0.2738174367698037,-0.6747812254109501,-0.46119208691613117,-0.5440005390869381,-0.4964385403710562,-0.4075971975656955,-0.3637347768181388,5,3,1,4,6,0,0,0,0,0,0,0.4242083384886623,-0.6991899768409225,-0.7177442267379764,-0.2394304369682152,-0.44063125659122476,0,0,0,0,0,0,0,0
-0.8313151638243327,1,0,-1.2808775397889471,-0.8887659982438142,-0.4863682664934827,-0.6329055396413925,-0.33117151406991385,-0.3101612136470297,-0.46135308411470605,4,3,0,4,6,0,0,0,0,0,0,-1.6387898712887374,-0.7314492323335363,-0.8595777285031928,-0.5007336819576637,-0.44063125659122476,0,1,0,0,0,1,0,0
1.0965222905020742,1,1,1.5521221952736655,0.7458399053405644,1.4018452018078824,0.402837716818001,1.0276907021839232,0.834711597397294,0.3391170357171455,4,10,3,12,6,0,0,0,0,0,0,-0.6932490251407625,0.7202172648340847,0.8424242926794039,1.8509955229473722,-0.44063125659122476,0,1,0,0,1,0,0,0
0.7265446403521504,0,1,0.6884027638521372,0.38028258508442164,1.3263166630758279,0.7762387191467094,2.570182947661252,2.6616362958722783,2.467196134782312,2,8,5,4,4,0,0,0,0,0,0,-0.34941599017786257,0.2834765750879286,1.2195345444316263,0.5444792980001301,-0.44063125659122476,0,1,0,0,1,0,0,0
-1.0689571768922692,1,0,-0.3826093311105578,-0.8560738801721266,-0.6626015235349434,-0.6640222898354515,-0.5698905520604528,-0.5781101694233607,-0.7346843445450945,2,1,0,3,9,0,0,0,0,0,0,-1.3809150950665625,0.8145135501201866,-0.9279915352370031,-1.1539917944312847,-0.44063125659122476,0,1,0,0,0,0,1,0
0.5708336110917874,0,1,-1.4190726488163916,1.9138401237199478,-0.4108397277614281,-0.3573000379225839,-0.44134953160400875,-0.13964824178936447,-0.4418294226553926,4,6,9,11,5,0,0,0,0,0,0,1.3697491846366372,0.2983654622383658,0.8257379983540843,1.9816471454420963,-0.44063125659122476,0,0,0,1,0,1,0,0
-0.6310081959791727,1,1,0.44656132305410934,-0.7371934508205354,-0.6626015235349434,-0.6773580399186196,-0.6800685695945476,-0.6511871573623601,-0.8127789903823482,3,3,0,3,7,0,0,0,0,0,0,1.197832667155187,-0.6247455410887368,-0.8879444288562361,-0.762036926947112,-0.44063125659122476,0,0,1,0,1,0,0,0
0.1352268538438588,1,1,-1.6954628668712808,-0.716389375684007,-0.5115444460708343,-0.48621228872654276,-0.44134953160400875,-0.33452020962669615,-0.42230576119607915,4,2,1,5,4,0,0,0,0,0,0,-0.6932490251407625,-0.12844930274083222,-0.7177442267379764,-0.37008205946293943,-0.44063125659122476,0,1,0,0,1,0,0,0
-1.0381803579319628,1,0,1.3102807544756376,-0.7134173649502172,-0.5618968052255373,-0.43731453842159285,-0.5515275491381036,-0.5293921774640278,-0.5199240684926464,4,3,1,4,8,0,0,0,0,0,0,-1.3809150950665625,0.8095505877367075,-0.7327618916307641,-0.37008205946293943,-0.44063125659122476,0,1,0,0,0,1,0,0
-0.14677687544235807,0,0,1.5521221952736655,0.1395497156474495,-0.2597826502973189,-0.046132535981993586,-0.5515275491381036,-0.5293921774640278,1.9791045982994755,1,6,4,7,6,0,0,0,0,0,0,-1.9826229062516374,0.7797728134358333,0.1265822661231941,0.41382767550540583,-0.44063125659122476,0,1,0,0,0,1,0,0
-0.9808895670819557,0,0,0.031975995971775764,-0.7520535044894843,-0.5618968052255373,-0.5173290389206018,-0.4597125345263579,-0.6268281613826937,0.10483309820538408,1,4,0,3,8,0,0,0,0,0,0,0.5101665972293873,0.6308839419314619,-0.7294246327657001,-0.8926885494418363,-0.44063125659122476,0,1,0,0,0,1,0,0
1.8274366074543735,0,0,1.413927086246221,2.127824896552812,0.11786004336295416,1.1718659716140314,0.4584376115910995,0.8834295893566269,0.6905429419847877,1,4,6,4,1,0,0,1,0,0,0,1.2837909258959121,-0.6272270222804763,1.8035548458178114,0.02187280802123322,1.033090511708265,0,0,0,1,0,1,0,0
-0.6802417374210022,1,0,-1.211779985275225,-0.8471578479707572,-0.5870729848028888,-0.6551317897800061,-0.6249795608275003,-0.6268281613826937,-0.7932553289230347,2,2,0,3,7,0,0,0,0,0,0,-0.34941599017786257,-0.7165603451830992,-0.9279915352370031,-1.0233401719365605,-0.44063125659122476,0,0,0,1,1,0,0,0
-0.34717753223412484,1,0,-0.34806055385369666,0.6210154545213937,-0.4863682664934827,-0.14837328661961613,0.16462956483351315,-0.3101612136470297,-0.3637347768181388,6,8,4,8,8,0,0,0,0,0,0,-0.09154121395568762,0.7003654153001685,0.22336277321004763,1.4590406554631996,-0.44063125659122476,0,0,1,0,1,0,0,0
0.8187814082864628,0,1,-0.2789629993399744,0.2822062308693589,0.01715532505354802,-0.032796785898825426,0.38498559990170295,-0.4563151895250284,-0.09040351638775045,4,4,4,5,2,0,0,0,0,0,0,-0.34941599017786257,-0.6073751727465602,0.1432685604485137,0.28317605301068166,-0.44063125659122476,0,0,0,0,0,0,1,0
1.7396032200105767,0,0,-1.0735848762477804,0.44566682122779677,4.221577314471255,-0.26839503736812953,-0.11081547900172407,-0.115289245809698,-0.012308870550496634,1,5,4,4,2,0,0,0,0,0,0,0.7680413734515622,0.5614024685627552,0.4102492696536269,-0.10877881447349098,-0.44063125659122476,0,0,1,0,1,0,0,0
-1.6740940830250517,1,0,0.7575003183658595,-0.8887659982438142,-0.38566354818407655,-0.6684675398631742,-0.2944455082252156,-0.4563151895250284,0.026738452368130272,2,2,2,2,8,0,0,0,0,0,0,-1.8107063887701873,-0.03663449864646985,-0.8312110281501496,-0.8926885494418363,-0.44063125659122476,1,0,0,0,0,1,0,0
-0.35860758372014423,1,1,-0.037121558541946494,-0.35974808762923344,-0.5367206256481858,-0.450650288504761,-0.6249795608275003,-0.5293921774640278,0.10483309820538408,5,5,2,4,9,0,0,0,0,0,0,-0.09154121395568762,0.3628839732235934,-0.49081062391363023,0.15252443051595743,-0.44063125659122476,0,1,0,0,0,0,0,0
0.4203691628414007,0,1,1.413927086246221,2.1070208214162833,0.09268386378560263,1.0340632207546272,0.4217116057464012,0.46932665770229703,2.1352938899739833,3,9,10,4,6,0,0,0,0,0,0,0.4242083384886623,0.702846896491908,1.8302529167383228,1.4590406554631996,-0.44063125659122476,0,0,0,1,1,0,0,0
0.7318849103087333,0,0,1.413927086246221,1.6641912220816064,2.711006539830162,2.6743604809843102,2.0743818687578246,0.27445468986496535,2.506243457700939,1,4,10,5,3,0,0,0,0,0,0,-1.6387898712887374,0.8045876253532285,2.539420425564405,0.6751309204948542,-0.44063125659122476,0,0,0,1,1,0,0,0
0.9013213702469802,0,0,-0.6589995491654468,-0.06254701425025551,-0.23460647071996735,0.9140414700061137,1.854025833689635,1.9308664164822846,0.007214790908816819,1,3,8,12,1,0,0,0,0,0,0,-2.240497682473812,-0.5726344360622069,0.5937985072321422,1.197737410473751,-0.44063125659122476,0,1,0,0,0,1,0,0
0.6770300320705007,0,1,1.6212197497873877,1.2124455905455598,-0.6626015235349434,-0.5395552890592153,-0.6800685695945476,-0.6511871573623601,2.877193025427894,3,2,4,5,7,1,0,0,0,0,0,1.799540478340262,-0.30463446735433836,0.5737749540417587,-0.10877881447349098,1.033090511708265,0,0,0,1,0,0,1,0
-1.2922647811293781,1,0,1.1375368681913318,-0.9006540411789733,-0.5115444460708343,-0.7307010402512922,-0.5331645462157545,-0.6024691654030272,-0.6175423757892137,1,1,0,2,7,0,0,0,0,0,0,-1.0370820601036626,0.8145135501201866,-0.9563582355900464,-1.415295039420733,-0.44063125659122476,0,0,0,0,0,1,0,0
0.4063626653236965,0,1,-1.6263653123575585,0.6477635511255018,-0.6626015235349434,0.402837716818001,-0.09245247607937493,-0.26144322168769674,0.4367353430137128,4,2,2,8,7,0,0,0,1,0,0,0.4242083384886623,-0.4063751962156588,0.4820003352525011,0.15252443051595743,1.033090511708265,0,1,0,0,1,0,0,0
-1.4892926358433032,0,0,1.724866081557971,-0.9036260519127631,-0.5115444460708343,-0.7262557902235696,-0.5515275491381036,-0.5050331814843614,-0.6175423757892137,1,1,0,3,8,0,0,0,0,0,0,-0.43537424891858756,-0.592486285596123,-0.9513523472924506,-1.2846434169260088,-0.44063125659122476,0,0,0,0,1,0,0,0
-1.3505861503920593,1,1,1.69031730430111,-0.7996056762301208,-0.6626015235349434,-0.6906937900017878,-0.6800685695945476,-0.6511871573623601,-0.8127789903823482,4,2,1,3,7,0,0,0,0,0,0,0.5101665972293873,-0.7711529314013688,-0.9279915352370031,-0.6313853044523878,-0.44063125659122476,0,0,0,1,0,1,0,0
0.5019253908625474,0,1,0.9302442046501651,-0.594536935598626,-0.36048736860672503,-0.5262195389760472,-0.6066165579051511,-0.3588792056063626,-0.7542080060044078,1,2,2,5,2,0,0,0,0,0,0,1.2837909258959121,-0.5527825865282907,-0.6993893029801249,-0.6313853044523878,-0.44063125659122476,0,0,1,0,0,0,0,0
-0.6949509020382567,1,0,0.031975995971775764,-0.3270559695575459,0.722088353219391,-0.1439280365918934,-0.40462352575931043,-0.6511871573623601,-0.7932553289230347,3,4,2,8,6,0,0,0,0,0,0,-0.43537424891858756,-0.05152338579690699,-0.33896534555322205,0.28317605301068166,-0.44063125659122476,0,0,0,1,1,0,0,0
0.8007462860646699,0,1,0.41201254579724816,1.2540537408186168,0.671735994064688,0.8740342197566092,1.5785807898543975,1.955225412461951,2.291483181648491,4,8,9,13,5,0,0,0,0,0,0,-0.09154121395568762,0.598624686438848,1.5499231720729538,2.5042536354209934,-0.44063125659122476,0,1,0,0,1,0,0,0
0.86351788029117,0,0,-1.0044873217340582,3.105616427969649,-0.2597826502973189,0.36727571659621927,0.1095405560664657,-0.26144322168769674,-0.20754548514363116,2,10,6,9,6,0,0,0,0,0,0,2.057415254562437,0.64080986669842,1.8385960639009826,1.5896922779579237,-0.44063125659122476,0,0,0,1,1,0,0,0
1.004051300201245,0,0,0.23926865951294254,2.216985218566505,-0.31013500945202194,0.6917789686199778,-0.6800685695945476,-0.3101612136470297,1.3348237701421315,1,5,11,5,2,1,0,1,1,0,0,-1.2949568363258375,-0.4957085191182816,1.5148819539897829,0.9364341654843027,3.980534048307244,0,0,0,1,1,0,0,0
-0.5274819099787509,1,0,-1.6954628668712808,-0.7847456225611719,-0.6122491643802404,-0.6373507896691152,-0.6800685695945476,-0.5537511734436943,-0.4027820997367657,2,2,1,3,4,0,0,0,0,0,0,-0.8651655426222125,0.31821731177228196,-0.854571840205597,-0.8926885494418363,-0.44063125659122476,0,0,1,0,1,0,0,0
0.4725539061013418,0,1,1.5175734180168043,0.19898993032324508,-0.10872557283320966,-0.5662267892255517,-0.5698905520604528,-0.6511871573623601,0.9443505409558626,4,6,2,7,5,0,0,0,0,0,0,-0.2634577314371376,0.6730691221910338,-0.12371214875659954,0.5444792980001301,-0.44063125659122476,0,0,0,1,1,0,0,0
-0.11140929809832258,1,0,-1.6954628668712808,0.011753254094488977,-0.6626015235349434,-0.4150882882829792,-0.6800685695945476,-0.6511871573623601,-0.4027820997367657,2,5,1,8,7,0,0,0,0,0,0,-0.6072907664000375,0.39514322871620716,-0.3339594572556262,0.15252443051595743,-0.44063125659122476,0,0,0,1,1,0,0,0
0.7586331045649508,0,1,1.0684393136776096,0.9330765815693206,0.4451503778685241,0.21613721565364682,-0.6800685695945476,-0.2370842257080303,-0.1489745007656908,2,11,8,4,6,1,0,0,0,0,0,1.885498737080987,0.33062471773097957,0.5437396242561835,1.3283890329684753,1.033090511708265,0,0,0,1,0,0,0,1
-1.0095115402703077,1,1,-0.5553532173948634,-0.8590458909059164,-0.6626015235349434,-0.6862485399740651,-0.5515275491381036,-0.5781101694233607,-0.715160683085781,3,2,0,3,7,0,0,0,0,0,0,-0.1774994726964126,0.5167358071114438,-0.9346660529671309,-0.8926885494418363,-0.44063125659122476,0,1,0,0,0,0,0,1
-1.3653890039559204,1,0,-0.31351177659683555,-0.8887659982438142,-0.6374253439575919,-0.704029540084956,-0.6800685695945476,-0.6511871573623601,-0.8323026518416616,1,1,0,2,8,0,0,0,0,0,0,-0.7792072838814875,0.07999511736528774,-0.9830563065105578,-1.415295039420733,-0.44063125659122476,0,1,0,0,0,0,1,0
1.8231737603837679,0,0,0.2738174367698037,1.3967102560405262,1.099731046879664,-0.2150520370354569,2.6619979622729977,3.903945090835268,0.9638742024151761,1,4,9,13,1,0,0,0,0,0,0,1.799540478340262,-0.019264130304293192,1.3680425639269707,1.5896922779579237,-0.44063125659122476,0,1,0,0,0,1,0,0
0.7574619927323669,0,0,-1.4536214260732527,1.6285270932761289,0.8479692511061486,0.18057521543186508,0.752245658348686,0.22573669790563242,0.08530943674607064,2,2,6,10,5,0,0,0,0,0,0,-0.7792072838814875,-0.36667149714782643,1.1294285550749006,0.6751309204948542,-0.44063125659122476,0,0,1,0,0,1,0,0
-1.0590261485519572,1,1,0.2047198822560814,-0.864989912373496,-0.6122491643802404,-0.6773580399186196,-0.5331645462157545,-0.4806741855046949,-0.7737316674637214,4,2,0,4,6,0,0,0,0,0,0,0.7680413734515622,-0.6421159094309135,-0.9279915352370031,-0.6313853044523878,-0.44063125659122476,0,1,0,0,1,0,0,0
1.2638039046683667,0,1,1.724866081557971,0.05038939363375611,-0.38566354818407655,0.6339907182595824,-0.07408947315702578,-0.017853261891032163,-0.18802182368431772,3,9,3,5,4,0,0,0,0,0,0,-0.34941599017786257,-0.14333818989126934,0.21668825547991982,0.6751309204948542,-0.44063125659122476,0,1,0,0,0,0,0,0
-0.9419618097668649,1,0,0.8265978728795818,-0.7996056762301208,-0.5870729848028888,-0.6506865397522833,-0.6066165579051511,-0.6268281613826937,-0.46135308411470605,2,2,0,3,9,1,0,0,0,0,0,-0.34941599017786257,0.4025876722914257,-0.8695895050983846,-1.0233401719365605,1.033090511708265,0,1,0,0,1,0,0,0
-0.4156173077303313,1,0,-1.3499750943026694,-0.8144657298990697,-0.5367206256481858,-0.6329055396413925,-0.5698905520604528,-0.5781101694233607,-0.3637347768181388,2,2,0,4,5,0,0,0,0,0,0,-0.34941599017786257,-0.5949677667878626,-0.852903210773065,-0.8926885494418363,-0.44063125659122476,0,0,0,0,1,0,0,0
-0.41528939641720775,0,1,-0.6589995491654468,-0.27058776561554004,-0.6122491643802404,-0.5440005390869381,-0.6800685695945476,-0.6024691654030272,-0.7542080060044078,4,4,2,5,5,0,0,0,0,0,0,-0.5213325076593126,-0.25004188113606884,-0.5642303189450364,0.02187280802123322,-0.44063125659122476,0,1,0,0,1,0,0,0
0.23697304985875298,0,0,1.448475863503082,1.7949596943683566,0.5458550961779303,0.22502771570909227,-0.09245247607937493,-0.3588792056063626,-0.38325843827745226,1,2,3,13,6,0,1,0,0,0,0,-1.0370820601036626,-0.46593074481740737,1.0626833777736222,0.5444792980001301,1.033090511708265,0,1,0,0,0,0,0,0
1.636498534269885,0,0,1.6212197497873877,1.7682115977642485,1.905368793354913,2.985527982924901,1.7622108190778891,1.8334304325636188,-0.070879854928437,1,5,6,10,2,0,0,0,0,0,0,-0.2634577314371376,0.7748098510523542,2.5193968723740214,0.9364341654843027,-0.44063125659122476,0,0,0,1,0,1,0,0
-0.6251057923429495,1,1,-1.6263653123575585,-0.7906896440287514,-0.5618968052255373,-0.641796039696838,-0.6249795608275003,-0.5781101694233607,-0.7932553289230347,3,3,0,3,8,0,0,0,0,0,0,-0.2634577314371376,0.07255067379006916,-0.8862757994237042,-0.762036926947112,-0.44063125659122476,0,0,0,1,0,1,0,0
-0.08995452932538447,0,1,-0.969938544477197,0.4129747031561092,-0.5367206256481858,-0.4239787883384247,-0.2944455082252156,-0.26144322168769674,0.749113926362728,2,8,2,7,7,0,0,0,0,0,0,1.2837909258959121,0.08495807974876678,0.056499829956851884,0.5444792980001301,-0.44063125659122476,0,1,0,0,0,0,0,0
-0.3208977827109408,1,2,0.8611466501364429,-0.4756565062470348,-0.6122491643802404,-0.29951178756218855,-0.5515275491381036,-0.6024691654030272,-0.26611646952157153,5,6,1,4,8,0,0,0,0,0,0,1.799540478340262,-0.21530114445171553,-0.5341949891594611,0.15252443051595743,-0.44063125659122476,0,0,0,1,0,0,0,0
0.23500558198001195,0,1,-1.0390360989909193,-0.14279130406257956,0.19338858209500878,-0.2817307874512977,0.9726016934168757,0.055223726047967214,0.10483309820538408,2,3,3,10,3,0,0,0,0,0,0,-0.6072907664000375,-0.14581967108300886,-0.07198463634810885,0.41382767550540583,-0.44063125659122476,0,1,0,0,1,0,0,0
0.5285798961721583,0,0,0.5502076548246927,1.3253819984295714,-0.46119208691613117,-0.18393528684139787,-0.47807553744870707,-0.4563151895250284,-0.3442111153588253,1,4,3,6,2,0,0,1,0,0,0,-0.43537424891858756,-0.5999307291713416,0.5404023653911196,-0.10877881447349098,1.033090511708265,0,0,1,0,1,0,0,0
-1.0262350172396064,1,0,-0.7280971036791691,-0.8293257835680186,-0.6626015235349434,-0.641796039696838,-0.6433425637498494,-0.5781101694233607,-0.7542080060044078,2,1,0,4,5,0,0,0,0,0,0,-0.09154121395568762,-0.48578259435132354,-0.9129738703442155,-1.0233401719365605,-0.44063125659122476,0,1,0,0,0,1,0,0
-1.7177531321437816,1,0,-1.246328762532086,-0.9006540411789733,-0.5870729848028888,-0.7262557902235696,-0.5331645462157545,-0.6268281613826937,-0.5980187143299003,2,1,0,3,7,0,0,0,0,0,0,-1.9826229062516374,-0.2450789187525898,-0.9596954944551103,-1.1539917944312847,-0.44063125659122476,1,0,0,0,0,1,0,0
0.29843299883275903,1,0,1.5521221952736655,-0.38946819496713125,0.4199741982911726,-0.2150520370354569,0.16462956483351315,0.006505734088634294,-0.5589713914112733,5,5,3,6,5,0,0,0,0,0,0,-1.0370820601036626,-0.4510418576669702,-0.303924127470051,0.5444792980001301,-0.44063125659122476,0,0,0,1,1,0,0,0
-0.1070059176078069,0,1,0.7575003183658595,-0.850129858704547,-0.4108397277614281,-0.7262557902235696,-0.6249795608275003,-0.5293921774640278,-0.8518263133009751,1,1,0,3,2,0,0,0,0,0,0,1.455707443377362,-0.6743751649235273,-0.9430092001297907,-1.2846434169260088,-0.44063125659122476,0,1,0,0,0,0,0,0
0.2708884485303844,0,1,-1.211779985275225,0.23465405912872242,-0.6626015235349434,-0.5039932888374337,-0.5698905520604528,-0.5537511734436943,-0.070879854928437,3,8,1,6,6,0,0,0,0,0,0,0.2522918210072123,-0.431190008133054,-0.19713184378800566,0.41382767550540583,-0.44063125659122476,0,0,0,1,1,0,0,0
1.5417790092504946,0,0,-1.6954628668712808,-0.3419160232264948,1.955721152509616,0.9451582202001727,1.3582247547862079,3.9526630827946008,3.404331884829358,1,4,4,6,1,0,0,0,0,0,0,-0.09154121395568762,-0.8183010740444197,0.9775832767144925,0.02187280802123322,-0.44063125659122476,0,1,0,0,0,0,0,0
-1.6555436715969216,0,0,0.0665247732286369,-0.9006540411789733,-0.5870729848028888,-0.7218105401958469,-0.6433425637498494,-0.5781101694233607,-0.6370660372485272,1,0,0,3,4,0,0,0,0,0,0,-1.3809150950665625,0.4720691456601324,-0.9680386416177701,-1.415295039420733,-0.44063125659122476,1,0,0,0,0,1,0,0
-1.6446757537905425,0,0,-0.002572781285085367,-0.8917380089776039,-0.46119208691613117,-0.6906937900017878,-0.4597125345263579,-0.6024691654030272,-0.5980187143299003,1,2,0,3,7,1,0,0,0,0,0,1.6276239608588121,0.00555068161310204,-0.9246542763719392,-1.1539917944312847,1.033090511708265,0,1,0,0,0,1,0,0
-0.6106308500922119,1,0,-1.1081336535046415,-0.8293257835680186,-0.6374253439575919,-0.6818032899463424,-0.6800685695945476,-0.6511871573623601,-0.7932553289230347,1,1,0,3,7,0,0,0,0,0,0,-0.2634577314371376,-0.5552640677200302,-0.9380033118321949,-1.2846434169260088,-0.44063125659122476,0,0,0,1,0,0,1,0
0.4939149859276732,0,1,-1.246328762532086,-0.5202366672538815,2.5851256419434048,0.41172821687344646,2.4049159213601095,2.2962513561772813,0.7686375878220415,5,6,3,12,4,0,0,0,0,0,0,-0.09154121395568762,-0.4411159329000121,0.47532581752237324,1.4590406554631996,-0.44063125659122476,0,0,0,0,1,0,0,0
-1.129854992186635,1,0,-0.31351177659683555,-0.8798499660424448,-0.008020854523803517,-0.5351100390314927,0.01772554145471996,-0.43195619354536197,0.10483309820538408,2,3,0,4,8,0,0,0,0,0,0,-0.34941599017786257,0.8169950313119261,-0.7144069678729126,-0.762036926947112,-0.44063125659122476,0,1,0,0,1,0,0,0
-0.06119202271712249,0,1,0.23926865951294254,-0.5232086779876713,-0.6626015235349434,-0.6684675398631742,-0.6800685695945476,-0.6268281613826937,-0.7737316674637214,2,4,0,4,7,0,0,0,0,0,0,0.08037530352576235,-0.6718936837317878,-0.7594599625512753,-0.6313853044523878,-0.44063125659122476,0,0,0,1,0,0,0,0
0.11756648740849272,2,1,-0.4171581083674189,-0.8055496976977004,-0.6626015235349434,-0.7173652901681241,-0.6800685695945476,-0.6511871573623601,-0.8518263133009751,1,1,0,3,4,0,0,0,0,0,0,1.6276239608588121,0.18173584622660818,-0.9446778295623227,-1.2846434169260088,-0.44063125659122476,0,0,0,1,1,0,0,0
0.536777679000246,0,1,0.9993417591638873,0.793392077081201,0.5962074553326333,-0.10836603637011165,-0.07408947315702578,0.5667626416209629,2.252435858729864,4,4,5,13,2,0,0,0,0,0,0,0.7680413734515622,0.7177357836423451,0.6688868316960803,1.4590406554631996,-0.44063125659122476,0,1,0,0,0,0,1,0
1.020400021384117,0,2,1.2757319772187765,0.915244517166582,1.6284308180040463,1.571938474109076,4.057586184371533,1.955225412461951,1.2372054628455644,2,9,6,8,5,0,0,0,0,0,0,1.541665702118087,-0.5627085112952488,1.820241140143131,1.3283890329684753,-0.44063125659122476,0,0,1,0,0,0,0,1
-0.3413688175445084,1,1,-0.8317434354497525,-0.7371934508205354,-0.6626015235349434,-0.6995842900572332,-0.6800685695945476,-0.6511871573623601,-0.7932553289230347,2,2,0,3,7,0,0,0,0,0,0,-0.1774994726964126,-0.2028937384930179,-0.894618946586364,-1.0233401719365605,-0.44063125659122476,0,0,1,0,0,0,0,0
-1.3987422689479116,1,0,-0.20986544482625213,-0.8828219767762346,-0.4108397277614281,-0.6818032899463424,-0.6249795608275003,-0.38323820158602906,-0.6370660372485272,2,2,0,3,7,0,0,0,0,0,0,-0.2634577314371376,-0.04407894222168842,-0.9163111292092794,-1.0233401719365605,-0.44063125659122476,0,1,0,0,1,0,0,0
-0.760486320189655,2,1,1.5521221952736655,-0.6866692683461092,-0.5870729848028888,-0.339519037811693,-0.4597125345263579,-0.6268281613826937,-0.2270691466029446,7,4,1,4,8,0,0,0,0,0,0,-0.34941599017786257,0.8269209560788842,-0.656004937734294,0.15252443051595743,-0.44063125659122476,0,0,0,0,1,0,0,0
0.5568739580473867,0,1,-0.14076789031252987,2.000028434999851,-0.36048736860672503,0.38505671670711017,-0.38626052283696133,-0.3588792056063626,1.1200634940896836,4,4,3,12,8,0,1,0,0,0,0,0.2522918210072123,0.6259209795479829,1.2796052040027768,1.067085787979027,1.033090511708265,0,1,0,0,0,1,0,0
0.06510067730873144,0,0,-0.5899019946517245,-0.18737146506942623,-0.6626015235349434,-0.6862485399740651,-0.6800685695945476,-0.6511871573623601,-0.3637347768181388,1,5,1,5,7,0,0,0,0,0,0,1.541665702118087,-0.04656042341342795,-0.5442067657546529,-0.37008205946293943,-0.44063125659122476,0,0,0,1,1,0,0,0
0.7851002319813483,0,0,0.23926865951294254,1.8276518124400443,-0.6626015235349434,1.5052597236932352,1.137868719718018,0.07958272202763367,0.026738452368130272,1,4,9,10,2,0,0,0,0,0,0,-1.8966646475109123,-0.1904863325343203,1.658384085187531,1.197737410473751,-0.44063125659122476,0,0,0,1,0,0,1,0
0.6392733865879939,0,1,1.6212197497873877,0.27626220940177937,0.4955027370232272,0.5406404676774053,-0.3128085111475647,0.27445468986496535,0.5148299888509666,2,6,5,10,3,0,0,0,0,0,0,1.3697491846366372,0.64080986669842,0.4252669345464145,1.067085787979027,-0.44063125659122476,0,0,1,0,1,0,0,0
0.012541178262363447,1,1,-0.34806055385369666,-0.7788016010935923,-0.6626015235349434,-0.6640222898354515,-0.6800685695945476,-0.6511871573623601,-0.500400407033333,3,2,1,3,5,1,0,0,0,0,0,-0.6072907664000375,-0.7215233075665782,-0.8796012816935763,-0.762036926947112,1.033090511708265,0,0,0,1,0,0,1,0
1.989096884824263,0,0,0.44656132305410934,2.398277873327682,-0.05837321367850659,2.77215598159421,2.258011897981316,0.4449676617226306,2.506243457700939,0,5,8,5,2,0,1,1,1,0,0,1.3697491846366372,0.3455136048814167,2.8330992056900293,0.41382767550540583,3.980534048307244,0,1,0,0,0,0,1,0
0.05769925052680083,0,1,0.031975995971775764,-0.5202366672538815,-0.6626015235349434,-0.6462412897245606,-0.6800685695945476,-0.6268281613826937,-0.715160683085781,1,3,1,4,4,0,0,0,0,0,0,0.8539996321922873,-0.800930705702243,-0.7444422976584878,-0.762036926947112,-0.44063125659122476,0,1,0,0,1,0,0,0
-0.9223339754527579,1,0,-0.7971946581928914,-0.49348857064977353,-0.2849588298746704,-0.5840077893364426,-0.22099349653581898,-0.38323820158602906,0.5538773117695935,2,6,2,2,9,1,0,0,0,0,0,-0.43537424891858756,0.8343653996541027,-0.5141714359690777,-0.37008205946293943,1.033090511708265,0,1,0,0,0,1,0,0
0.6282180908884014,0,1,0.3083662140266648,1.0400689679857527,-0.4863682664934827,-0.33062853775624756,-0.6800685695945476,-0.28580221766736325,-0.26611646952157153,7,9,4,8,6,0,1,1,0,0,0,-0.34941599017786257,-0.44607889528349115,0.3234805391619651,1.720343900452648,2.506812280007755,0,1,0,0,0,1,0,0
0.157477978662954,0,1,0.37746376854038705,0.7220638194702462,-0.4863682664934827,-0.11725653642555708,-0.6800685695945476,-0.4806741855046949,0.3781643586357724,3,7,5,8,5,0,0,0,0,0,0,1.1118744084144623,0.5192172883031834,0.26674713845587855,1.067085787979027,-0.44063125659122476,0,0,1,0,0,1,0,0
0.9438561520064295,0,1,-1.557267757843836,0.6745116477296098,1.0745548673023124,0.593983468010078,2.0743818687578246,2.710354287831611,2.076722905596043,3,5,4,8,2,0,0,0,0,0,0,1.2837909258959121,0.3901802663327281,1.2245404327292222,0.6751309204948542,-0.44063125659122476,0,1,0,0,0,0,0,0
1.4252299596717393,0,0,-0.3826093311105578,0.7488119160743543,0.6969121736420395,3.0166447331189596,3.0292580207199804,2.588559307933279,0.3781643586357724,1,7,7,10,3,1,0,0,1,0,0,1.0259161496737372,0.6383283855066805,2.0838845904831804,1.3283890329684753,2.506812280007755,0,0,0,0,1,0,0,0
-0.6654857283304444,0,1,-1.557267757843836,-0.6153410107351545,-0.6374253439575919,-0.5573362891701062,-0.5698905520604528,-0.6024691654030272,-0.3637347768181388,2,4,1,3,7,0,0,0,0,0,0,1.3697491846366372,-0.6793381273070064,-0.7210814856030403,-0.6313853044523878,-0.44063125659122476,0,1,0,0,1,0,0,0
1.1764858064309067,0,1,-1.5918165351006972,0.47241491783190476,1.754311715890804,0.7406767189249277,2.4049159213601095,0.6398396295599622,-0.6565896987078406,1,7,7,12,3,0,0,0,0,0,0,0.7680413734515622,-0.20785670087649696,0.8657851047348513,1.5896922779579237,-0.44063125659122476,0,0,0,1,1,0,0,0
-2.0809383336647183,0,1,0.41201254579724816,-0.8887659982438142,-0.6122491643802404,-0.7262557902235696,-0.6249795608275003,-0.6511871573623601,-0.7542080060044078,1,1,0,2,8,0,0,0,0,0,0,-0.8651655426222125,0.8095505877367075,-0.9780504182129618,-1.415295039420733,-0.44063125659122476,0,1,0,0,1,0,0,0
-0.5106647440628452,1,0,-1.2808775397889471,-0.8620179016397062,-0.4863682664934827,-0.6995842900572332,-0.5698905520604528,-0.26144322168769674,-0.6175423757892137,2,2,0,3,6,0,0,0,0,0,0,-0.005582955214962636,0.5043284011527462,-0.9012934643164918,-1.0233401719365605,-0.44063125659122476,0,0,1,0,0,0,1,0
0.4043483529716521,1,0,-1.4190726488163916,0.8439162595556272,-0.4863682664934827,-0.4017525381998111,1.3398617518638587,-0.28580221766736325,-0.5589713914112733,2,8,4,9,6,0,0,0,0,0,0,-0.5213325076593126,-0.04656042341342795,0.34517272178488057,1.067085787979027,-0.44063125659122476,0,0,0,1,0,0,0,0
0.6937066645664962,0,1,-0.5553532173948634,0.19898993032324508,3.340411029263951,0.12278696507146973,0.38498559990170295,1.9308664164822846,1.9010099524622217,4,4,3,6,3,0,0,0,0,0,0,-0.09154121395568762,0.7748098510523542,0.7089339380768473,0.28317605301068166,-0.44063125659122476,0,1,0,0,0,0,0,1
-1.0050613153064885,1,0,-1.4190726488163916,-0.9006540411789733,-0.5870729848028888,-0.704029540084956,-0.6433425637498494,-0.5293921774640278,-0.7542080060044078,1,1,0,2,7,0,0,0,0,0,0,-0.2634577314371376,-0.5974492479796021,-0.9680386416177701,-1.415295039420733,-0.44063125659122476,0,1,0,0,1,0,0,0
0.0899750926328147,0,1,0.5156588775678316,0.21979400545977354,-0.6626015235349434,-0.34840953786713846,-0.33117151406991385,-0.5537511734436943,0.5734009732289069,4,8,5,3,7,0,0,0,0,0,0,0.3382500797479373,0.06014326783137155,-0.07031600691557689,0.6751309204948542,-0.44063125659122476,0,0,1,0,1,0,0,0
-1.347916015413768,0,0,1.172085645448193,-0.8917380089776039,-0.5115444460708343,-0.704029540084956,-0.5698905520604528,-0.5781101694233607,-0.6565896987078406,1,2,0,3,7,0,0,0,0,0,0,-1.3809150950665625,-0.5254862934191559,-0.9463464589948546,-1.1539917944312847,-0.44063125659122476,0,0,0,0,1,0,0,0
1.5081446774186833,0,0,0.37746376854038705,0.9122725064327921,1.2507881243437733,2.5899007304575785,0.4033486028240521,0.4449676617226306,-0.3442111153588253,1,7,10,6,2,0,0,1,0,0,0,1.1118744084144623,-0.7289677511417968,1.6049879433465086,1.197737410473751,1.033090511708265,0,0,0,1,1,0,0,0
0.5644627627225307,0,1,1.5175734180168043,1.8543999090441523,0.9234977898382032,0.38950196673483284,-0.6800685695945476,-0.3588792056063626,-0.6175423757892137,4,5,4,10,4,0,1,0,0,0,0,0.4242083384886623,0.5738098745214528,1.1094050018845172,1.067085787979027,1.033090511708265,0,0,1,0,0,1,0,0
0.046456576933994846,0,1,-0.5899019946517245,-0.1487353255301591,-0.4108397277614281,-0.5440005390869381,-0.12917848192407322,-0.4075971975656955,3.580044837963179,2,7,3,3,7,1,0,0,0,0,0,-0.1774994726964126,0.48447655161883,-0.04862382429266145,0.02187280802123322,1.033090511708265,0,1,0,0,1,0,0,0
1.0972249576016244,0,0,-1.1426824307615027,1.8246798017062544,0.7724407123740941,3.0033089830357915,1.137868719718018,0.27445468986496535,1.7448206607877141,1,5,8,6,3,0,0,0,1,0,0,-0.09154121395568762,0.4199580406336024,2.4743438776956586,0.6751309204948542,1.033090511708265,0,0,1,0,0,1,0,0
1.3109762892848484,0,0,-0.6589995491654468,0.7517839268081441,2.5851256419434048,2.6432437307902514,-0.14754148484642238,3.8552270988759347,1.315300108682818,1,5,6,7,2,0,0,1,0,0,0,-1.1230403188443874,0.26610620674575197,1.9487256064480918,0.5444792980001301,1.033090511708265,0,1,0,0,1,0,0,0
-1.0269845288124602,1,0,-0.9353897672203358,-0.701529322015058,-0.4863682664934827,-0.4773217886710973,-0.4964385403710562,-0.5293921774640278,-0.6370660372485272,4,3,1,4,8,0,0,0,0,0,0,-1.4668733538072873,0.39266174752446764,-0.7411050387934238,-0.37008205946293943,-0.44063125659122476,0,0,0,1,0,1,0,0
-0.8167465326269883,1,1,1.5521221952736655,-0.8471578479707572,-0.2094302911426158,-0.592898289391888,-0.23935649945816811,-0.6268281613826937,-0.6956370216264675,3,3,0,3,9,0,0,0,0,0,0,-0.6932490251407625,0.7896987382027914,-0.8362169164477454,-0.762036926947112,-0.44063125659122476,0,0,0,1,0,0,0,0
0.061259430497856066,0,1,1.2757319772187765,-0.3805521627657619,1.150083406034367,-0.30395703758991127,1.8172998278449366,-0.13964824178936447,3.6190921608818054,4,5,2,12,5,0,0,0,0,0,0,1.1118744084144623,0.8740690987219352,0.2133509966148559,1.067085787979027,-0.44063125659122476,0,0,0,0,1,0,0,0
-0.2728353531016952,1,1,1.2757319772187765,-0.7342214400867456,-0.6626015235349434,-0.6195697895582243,-0.6800685695945476,-0.6511871573623601,-0.1489745007656908,4,3,2,2,8,0,0,0,0,0,0,-0.5213325076593126,0.8368468808458422,-0.8078502160947022,-0.5007336819576637,-0.44063125659122476,0,0,1,0,0,1,0,0
-0.5373660938457595,0,2,0.17017110499922028,-0.7996056762301208,-0.6626015235349434,-0.7218105401958469,-0.6800685695945476,-0.6511871573623601,-0.6565896987078406,1,1,1,2,5,1,0,0,0,0,0,1.0259161496737372,-0.5205233310356768,-0.9263229058044712,-1.2846434169260088,1.033090511708265,0,0,0,1,0,0,1,0
0.16089762521409914,2,0,0.5847564320815538,0.2079059625246144,0.9486739694155547,-0.22394253709090234,0.8624236758827808,-0.04221225787069863,0.39768802009508586,3,6,2,11,5,0,0,0,0,0,0,-1.3809150950665625,0.3777728603740305,0.2050078494521961,0.9364341654843027,-0.44063125659122476,0,1,0,0,1,0,0,0
-1.4069400517759993,1,0,-1.1772312080183638,-0.6420891073392625,-0.4108397277614281,-0.5351100390314927,-0.6433425637498494,-0.5781101694233607,0.39768802009508586,4,5,1,2,10,0,0,0,0,0,0,-1.4668733538072873,0.5068098823444858,-0.65266767886923,-0.37008205946293943,-0.44063125659122476,0,0,1,0,0,1,0,0
0.534950744541415,0,1,-0.037121558541946494,1.8246798017062544,-0.1339017524105612,-0.2150520370354569,-0.44134953160400875,-0.4075971975656955,-0.4418294226553926,3,8,3,5,6,0,1,0,0,0,0,0.6820831147108373,0.6904394905332104,0.8290752572191482,0.5444792980001301,1.033090511708265,0,0,0,1,0,0,1,0
-0.605431113555539,1,1,1.4830246407599432,-0.8025776869639105,-0.6374253439575919,-0.6773580399186196,-0.6800685695945476,-0.6511871573623601,-0.7542080060044078,3,2,0,3,8,0,0,0,0,0,1,1.2837909258959121,0.645772829081899,-0.9179797586418114,-0.8926885494418363,-0.44063125659122476,0,1,0,0,1,0,0,0
-0.6231383244642085,0,0,0.23926865951294254,-0.5707608497283078,-0.23460647071996735,-0.5440005390869381,-0.05572647023467663,-0.115289245809698,0.8857795565779222,1,2,5,3,3,0,0,0,0,0,0,0.5101665972293873,0.17677288384312914,-0.47746158845337455,-0.5007336819576637,-0.44063125659122476,0,0,1,0,0,0,1,0
0.44711735709761824,0,2,0.6884027638521372,0.31489834894104646,-0.2597826502973189,-0.2328330371463478,-0.6800685695945476,-0.5293921774640278,0.10483309820538408,3,5,2,10,5,0,0,0,0,0,0,1.799540478340262,0.5564395061792762,-0.016919865074554254,0.6751309204948542,-0.44063125659122476,0,0,0,1,1,0,0,0
-0.36366678683690695,1,0,1.2411831999619152,-0.4073002593698699,-0.6122491643802404,-0.46398603858792914,-0.23935649945816811,-0.33452020962669615,-0.715160683085781,4,4,1,6,5,0,0,0,0,0,0,-0.09154121395568762,-0.8207825552361592,-0.5492126540522487,0.02187280802123322,-0.44063125659122476,0,0,1,0,1,0,0,0
0.4808453778760362,0,1,-0.3826093311105578,0.618043443787604,-0.6626015235349434,-0.37063578800575203,-0.6800685695945476,-0.6511871573623601,-0.05135619346912354,3,6,2,10,4,0,0,0,0,0,0,-0.005582955214962636,-0.6048936915548206,0.053162571091787965,0.8057825429895785,-0.44063125659122476,0,0,0,1,0,0,0,1
-0.7164993597578015,2,0,0.9993417591638873,-0.8768779553086551,-0.6374253439575919,-0.7173652901681241,-0.6800685695945476,-0.6511871573623601,-0.8323026518416616,1,0,0,3,5,0,0,0,0,0,0,-0.5213325076593126,-0.004375243153856053,-0.9813876770780258,-1.415295039420733,-0.44063125659122476,0,1,0,0,0,0,0,0
-0.8686970535204126,1,1,-0.3826093311105578,-0.8055496976977004,-0.5115444460708343,-0.5617815391978289,-0.6249795608275003,-0.4806741855046949,-0.6565896987078406,3,2,0,4,7,0,0,0,0,0,0,0.5101665972293873,0.4100321158666443,-0.8428914341778733,-0.762036926947112,-0.44063125659122476,0,1,0,0,0,0,0,0
0.317123943680799,0,1,-0.969938544477197,-0.009050821042039478,-0.38566354818407655,-0.46843128861565186,-0.6066165579051511,-0.4806741855046949,-0.6370660372485272,1,8,2,4,7,0,0,0,0,0,0,0.3382500797479373,-0.6421159094309135,-0.3489771221484138,0.02187280802123322,-0.44063125659122476,0,1,0,0,1,0,0,0
-0.9774699205308105,1,0,1.724866081557971,-0.8887659982438142,-0.4108397277614281,-0.6818032899463424,-0.6249795608275003,-0.4563151895250284,-0.5394477299519599,1,1,0,3,8,0,0,0,0,0,0,-0.6932490251407625,0.44725433374273715,-0.9163111292092794,-1.2846434169260088,-0.44063125659122476,0,0,0,0,1,0,0,0
-0.953860305985918,1,0,1.69031730430111,-0.7193613864177968,-0.6374253439575919,-0.6506865397522833,-0.6066165579051511,-0.6511871573623601,-0.715160683085781,2,2,1,3,8,0,0,0,0,0,0,-0.43537424891858756,0.06758771140659012,-0.8512345813405331,-0.8926885494418363,-0.44063125659122476,0,0,0,1,0,1,0,0
0.5932721138040961,1,1,-0.002572781285085367,-0.7074733434826377,-0.6626015235349434,-0.6684675398631742,-0.6800685695945476,-0.5050331814843614,-0.46135308411470605,2,1,1,4,3,0,0,0,0,0,0,1.2837909258959121,-0.8331899611948568,-0.8278737692850856,-0.8926885494418363,-0.44063125659122476,0,1,0,0,0,0,0,0
-0.8591876254398308,2,0,-0.3826093311105578,-0.8709339338410755,-0.6626015235349434,-0.7173652901681241,-0.6800685695945476,-0.6511871573623601,-0.8323026518416616,1,1,0,2,8,0,0,0,0,0,0,-0.005582955214962636,0.4819950704270905,-0.9797190476454938,-1.415295039420733,-0.44063125659122476,0,0,0,1,1,0,0,0
0.2784772532055284,1,0,-0.037121558541946494,0.11874564051092104,0.2185647616723603,0.05166296462790623,-0.40462352575931043,-0.09093024983003155,-0.5199240684926464,7,7,2,9,6,0,0,0,0,0,0,-0.7792072838814875,-0.17807892657562266,0.013115464711020984,1.3283890329684753,-0.44063125659122476,0,1,0,0,0,0,1,0
-1.2419538168015714,1,0,-0.037121558541946494,-0.8976820304451835,-0.6122491643802404,-0.7218105401958469,-0.44134953160400875,-0.33452020962669615,-0.7737316674637214,1,1,0,4,4,0,0,0,0,0,0,-0.34941599017786257,-0.10115300963169746,-0.9446778295623227,-1.1539917944312847,-0.44063125659122476,0,1,0,0,1,0,0,0
0.19706155860429173,0,1,0.5502076548246927,0.04741738289996633,0.5458550961779303,-0.14837328661961613,0.03608854437706911,1.1026605531736249,0.08530943674607064,4,6,2,10,4,0,0,0,0,0,0,1.3697491846366372,0.07751363617354821,0.09320967747255494,0.9364341654843027,-0.44063125659122476,0,0,1,0,0,0,1,0
0.9170611132769085,0,1,-1.2808775397889471,0.47835893929948436,-0.03319703410115505,-0.15281853664733883,1.8172998278449366,-0.6511871573623601,-0.12945083930637735,2,8,3,13,4,0,0,0,0,0,0,-0.1774994726964126,0.0651062302148506,0.3184746508643692,1.4590406554631996,-0.44063125659122476,0,0,1,0,0,0,1,0
1.5451049668550332,0,0,1.69031730430111,2.059468649675647,-0.2849588298746704,1.1007419711704678,1.137868719718018,0.07958272202763367,0.6319719576068473,1,5,6,12,2,0,1,1,0,1,0,-0.2634577314371376,-0.18552337015084125,1.7134488564610857,1.197737410473751,3.980534048307244,0,1,0,0,0,0,1,0
-0.13932860418712412,0,0,0.13562232774235916,0.3951426387533705,-0.46119208691613117,0.17612996540414236,2.258011897981316,0.5424036456412964,-0.03183253200981009,2,7,10,5,6,1,0,0,0,0,0,2.229331772043887,0.42243952182534195,0.4970180001452887,1.197737410473751,1.033090511708265,0,0,0,1,0,0,0,0
-1.9449019831917658,1,0,0.10107355048549801,-0.8976820304451835,-0.6122491643802404,-0.6906937900017878,-0.4964385403710562,-0.5050331814843614,-0.6175423757892137,2,1,0,4,5,0,0,0,0,0,0,-1.7247481300294623,-0.7115973827996201,-0.9363346823996629,-1.0233401719365605,-0.44063125659122476,0,0,0,0,0,0,1,0
0.34256049268452254,1,0,-1.557267757843836,0.4278347568250581,0.344445659559118,1.3452307226952174,0.7889716641933842,-0.6511871573623601,0.9248268794965492,3,11,2,12,7,0,0,0,0,0,0,0.16633356226648732,0.4720691456601324,0.8741282518975111,1.720343900452648,-0.44063125659122476,0,0,1,0,0,1,0,0
0.38275305077880395,0,1,1.4830246407599432,0.5883233364497061,-0.36048736860672503,-0.25505928728496136,-0.38626052283696133,-0.5050331814843614,0.9053032180372357,2,7,2,10,6,0,0,0,0,0,0,-0.43537424891858756,0.06262474902311108,0.21835688491245178,0.8057825429895785,-0.44063125659122476,0,1,0,0,1,0,0,0
0.9336440568262974,0,0,-0.6935483264223079,0.16035379078397793,2.056425870819022,1.0962967211427452,1.9091148424566822,1.7116354526652864,-0.2270691466029446,1,2,8,6,1,0,0,0,0,0,0,-1.1230403188443874,0.1842173274183477,0.9091694699806823,0.28317605301068166,-0.44063125659122476,0,1,0,0,0,0,1,0
-1.1129441373241227,1,0,-0.9008409899634747,-0.8947100197113937,-0.2094302911426158,-0.6240150395859471,-0.47807553744870707,-0.4563151895250284,-0.6175423757892137,3,2,0,4,7,0,0,0,0,0,0,-0.09154121395568762,0.1941432521853058,-0.8779326522610443,-0.762036926947112,-0.44063125659122476,0,1,0,0,1,0,0,0
1.6793143828691546,0,1,0.41201254579724816,3.5306139629015876,0.2940933004044149,0.5361952176496826,0.23808157652290973,0.7372756134786281,-0.20754548514363116,1,5,10,4,6,0,1,1,1,1,0,0.8539996321922873,0.14947659073399439,2.257422051466504,0.6751309204948542,5.454255816606734,0,1,0,0,0,0,1,0
0.1685801188358499,1,2,-1.3154263170458083,0.33273041334378517,-0.6626015235349434,-0.6240150395859471,-0.6800685695945476,-0.6511871573623601,-0.7737316674637214,9,6,3,6,7,0,1,0,0,0,0,1.197832667155187,-0.23019003160215265,-0.26387702108928396,1.197737410473751,1.033090511708265,0,0,0,1,0,1,0,0
1.5815031226117424,0,0,-1.4881702033301138,2.948099859078791,-0.23460647071996735,0.6428812183150279,0.146266561911164,1.0295835652346257,0.143880421124011,1,2,4,10,1,0,1,1,1,1,0,1.2837909258959121,-0.6024122103630811,1.977092306801135,0.28317605301068166,5.454255816606734,0,1,0,0,0,0,0,0
-1.0940658145828692,1,0,0.2738174367698037,-0.8709339338410755,-0.5870729848028888,-0.641796039696838,-0.6433425637498494,-0.6024691654030272,-0.7346843445450945,2,2,0,3,6,0,0,0,0,0,0,-1.1230403188443874,0.08495807974876678,-0.931328794102067,-1.0233401719365605,-0.44063125659122476,0,1,0,0,0,1,0,0
1.9431893009869718,1,2,1.6557685270442488,2.8975756766043648,-0.2849588298746704,0.5361952176496826,-0.3128085111475647,-0.6511871573623601,-0.5589713914112733,3,3,4,7,5,0,1,1,0,0,0,1.2837909258959121,0.18669880861008722,1.6884194149731064,0.28317605301068166,2.506812280007755,0,1,0,0,1,0,0,0
-0.15160185619260397,1,2,-1.4190726488163916,-0.8739059445748653,-0.6626015235349434,-0.7084747901126787,-0.6433425637498494,-0.6511871573623601,-0.8323026518416616,1,1,0,2,8,0,0,0,0,0,0,1.3697491846366372,-0.3368937228469522,-0.9747131593478979,-1.415295039420733,-0.44063125659122476,0,1,0,0,1,0,0,0
0.679419100208972,0,1,-1.211779985275225,2.196181143429977,-0.05837321367850659,-0.308402287617634,-0.09245247607937493,-0.06657125385036508,2.213388535811237,2,3,5,10,6,0,0,0,0,0,0,0.6820831147108373,-0.1805604077673622,1.2896169805979685,0.6751309204948542,-0.44063125659122476,0,0,0,1,0,0,1,0
-0.5703446030513237,1,0,-0.20986544482625213,-0.6658651932095807,-0.2849588298746704,-0.3261832877285249,-0.3128085111475647,-0.33452020962669615,0.16340408258332445,3,5,1,4,8,0,0,0,0,0,0,-1.6387898712887374,-0.6594862777730902,-0.5525499129173126,-0.2394304369682152,-0.44063125659122476,0,1,0,0,0,1,0,0
0.605545365809576,0,0,-0.24441422208311328,1.034124946518173,0.5458550961779303,0.8162459693962139,1.0460537051062724,1.3949685049296225,1.2567291243048777,1,9,3,6,5,0,0,0,0,0,0,1.0259161496737372,0.6209580171645038,1.2212031738641582,0.5444792980001301,-0.44063125659122476,0,1,0,0,0,1,0,0
1.428977517536008,0,0,-0.4862556628811412,0.5288831217739106,3.038296874335732,1.5230407238041261,1.2296837343297637,1.955225412461951,1.2372054628455644,1,3,5,12,1,0,0,1,0,0,0,0.2522918210072123,-0.5800788796374254,1.4214387057679931,0.8057825429895785,1.033090511708265,0,1,0,0,0,0,1,0
-1.3159680846208774,0,0,-1.5918165351006972,-0.9006540411789733,-0.46119208691613117,-0.7129200401404014,-0.6066165579051511,-0.4563151895250284,-0.5394477299519599,1,1,0,3,7,0,0,0,0,0,0,-1.5528316125480124,-0.49819000031002114,-0.9363346823996629,-1.2846434169260088,-0.44063125659122476,0,0,0,0,0,1,0,0
1.5528811494233905,0,0,1.5521221952736655,0.5645472505793879,1.6536069975813978,0.9985012205328453,2.8823539973411876,-0.38323820158602906,3.853376098393567,1,3,4,10,0,0,0,0,0,0,0,-0.6932490251407625,-0.649560353006132,1.3663739344944386,0.41382767550540583,-0.44063125659122476,0,1,0,0,0,1,0,0
-1.0014074463888267,1,0,0.7575003183658595,-0.8917380089776039,-0.36048736860672503,-0.672912789890897,-0.33117151406991385,-0.4806741855046949,-0.6175423757892137,2,2,0,3,7,0,0,0,0,0,0,-0.8651655426222125,0.6879580093414709,-0.892950317153832,-1.0233401719365605,-0.44063125659122476,0,1,0,0,0,0,1,0
0.4971472545856049,0,1,-1.246328762532086,-0.419188302305029,0.5458550961779303,-0.339519037811693,-0.6800685695945476,0.4449676617226306,0.16340408258332445,1,3,2,8,3,0,0,0,0,0,0,1.197832667155187,-0.18304188895910173,-0.34397123385081796,-0.10877881447349098,-0.44063125659122476,0,1,0,0,0,1,0,0
-0.9230366425523082,0,0,-0.7626458809360303,-0.8739059445748653,-0.05837321367850659,-0.672912789890897,-0.44134953160400875,-0.6268281613826937,-0.26611646952157153,1,2,1,3,7,1,0,0,0,0,0,0.7680413734515622,-0.5180418498439373,-0.852903210773065,-1.0233401719365605,1.033090511708265,0,0,0,0,0,1,0,0
1.4953561362068666,0,0,0.2738174367698037,1.7741556192318282,0.11786004336295416,0.7940197192576003,0.6971566495816385,0.10394171800730014,2.877193025427894,1,4,4,11,1,0,0,1,0,0,0,1.455707443377362,0.17429140265138962,1.6183369788067643,0.6751309204948542,1.033090511708265,0,1,0,0,0,0,1,0
-0.794214340968073,1,0,-1.3154263170458083,-0.43404835597397795,-0.5115444460708343,-0.5395552890592153,-0.5331645462157545,-0.6024691654030272,-0.8127789903823482,7,3,2,5,7,0,0,0,0,0,0,-0.9511238013629375,0.25369880078705437,-0.6393186434089745,0.28317605301068166,-0.44063125659122476,0,1,0,0,1,0,0,0
0.23997109615016793,0,1,-0.31351177659683555,-0.023910874710988374,-0.33531118902937346,-0.277285537423575,-0.47807553744870707,-0.33452020962669615,-0.3637347768181388,3,4,2,9,3,0,0,0,0,0,0,1.6276239608588121,0.7847357758193123,-0.23717895016877266,0.41382767550540583,-0.44063125659122476,0,1,0,0,1,0,0,0
-1.5726289538499776,0,0,-1.6609140896144197,-0.9006540411789733,-0.36048736860672503,-0.6995842900572332,-0.6800685695945476,-0.3101612136470297,-0.715160683085781,1,2,0,3,7,0,0,0,0,0,0,-1.8107063887701873,-0.24756039994432932,-0.9363346823996629,-1.1539917944312847,-0.44063125659122476,0,1,0,0,1,0,0,0
1.1344663138777944,0,0,0.2738174367698037,0.8379722380880477,0.9990263285702579,2.163156727796198,-0.36789751991461217,-0.6511871573623601,-0.3442111153588253,1,5,9,6,2,0,0,0,0,0,0,1.799540478340262,-0.7339307135252758,1.2412267270545418,0.8057825429895785,-0.44063125659122476,0,0,0,1,0,0,1,0
0.582404195997717,1,0,0.5847564320815538,2.208069186365136,-0.6626015235349434,-0.11725653642555708,0.5502526262028453,0.27445468986496535,2.1352938899739833,2,4,3,12,8,0,0,0,0,0,0,-1.3809150950665625,0.8219579936954051,1.4030837820101416,0.8057825429895785,-0.44063125659122476,0,0,0,1,1,0,0,0
-0.2826258480220971,0,1,-0.24441422208311328,-0.8114937191652799,-0.6626015235349434,-0.7129200401404014,-0.6800685695945476,-0.6268281613826937,-0.6956370216264675,1,1,0,3,6,0,0,0,0,0,0,-0.9511238013629375,0.04773586187267393,-0.931328794102067,-1.2846434169260088,-0.44063125659122476,0,0,0,0,0,1,0,0
-0.642953536671529,1,0,1.2757319772187765,-0.8352698050355981,-0.6626015235349434,-0.6906937900017878,-0.6433425637498494,-0.6268281613826937,-0.7932553289230347,1,1,0,3,5,0,0,0,0,0,0,-1.4668733538072873,0.0551803054478925,-0.9413405706972587,-1.2846434169260088,-0.44063125659122476,0,0,0,1,0,0,1,0
-0.681787605040013,1,0,-1.557267757843836,-0.8947100197113937,-0.6122491643802404,-0.6906937900017878,-0.6433425637498494,-0.6024691654030272,-0.6565896987078406,1,1,0,2,6,1,0,0,0,0,0,-0.5213325076593126,-0.36667149714782643,-0.9580268650225784,-1.415295039420733,1.033090511708265,0,0,1,0,1,0,0,0
-1.0481113862722748,1,0,0.10107355048549801,-0.8828219767762346,-0.6374253439575919,-0.7129200401404014,-0.6249795608275003,-0.6268281613826937,-0.6370660372485272,1,1,1,2,4,1,0,0,0,0,0,-0.09154121395568762,-0.0961900472482184,-0.9596954944551103,-1.2846434169260088,1.033090511708265,0,0,1,0,0,1,0,0
-0.10096298055167367,0,0,1.4830246407599432,-0.30327988368722764,0.5206789166005787,0.1361227151546379,0.32989659113465547,0.37189067378363116,2.0571992441367293,1,5,4,8,4,0,0,0,0,0,0,-1.8966646475109123,0.19910621456878486,0.14660581931357758,0.41382767550540583,-0.44063125659122476,0,1,0,0,0,1,0,0
1.9932191984749583,0,1,0.895695427393304,2.1189088643514427,0.16821240251765723,1.1140777212536361,1.3031357460191604,1.7847124406042858,-0.5394477299519599,1,5,5,5,5,0,1,1,0,0,0,0.9399578909330122,-0.6346714658556949,1.8135666224130031,0.15252443051595743,2.506812280007755,0,1,0,0,0,1,0,0
0.9901384916301474,0,1,-0.45170688562428,0.31489834894104646,2.1571305891284283,1.1274134713368043,-0.6800685695945476,1.3462505129702895,0.53435365031028,1,9,3,13,4,0,0,0,0,0,0,1.885498737080987,-0.10115300963169746,0.8190634806239565,1.4590406554631996,-0.44063125659122476,0,0,0,1,0,0,1,0
-1.4754735162188124,1,0,-1.522718980586975,-0.8917380089776039,-0.36048736860672503,-0.7173652901681241,-0.6249795608275003,-0.26144322168769674,-0.5199240684926464,2,2,0,3,7,0,0,0,0,0,0,-1.4668733538072873,0.6581802350405966,-0.9129738703442155,-1.0233401719365605,-0.44063125659122476,1,0,0,0,1,0,0,0
-0.6136288963836267,0,1,0.23926865951294254,-0.6955853005474785,-0.6626015235349434,-0.6906937900017878,-0.6433425637498494,-0.4563151895250284,-0.4027820997367657,1,2,1,3,6,0,0,0,0,0,0,1.7135822195995372,0.807069106544968,-0.8178619926898939,-1.0233401719365605,-0.44063125659122476,0,1,0,0,0,0,1,0
-1.100951952158463,1,0,-0.45170688562428,-0.8917380089776039,-0.6122491643802404,-0.7173652901681241,-0.6433425637498494,-0.6511871573623601,-0.8518263133009751,1,1,0,2,6,0,0,0,0,0,0,0.16633356226648732,-0.3865233466817426,-0.9863935653756216,-1.415295039420733,-0.44063125659122476,0,0,0,1,0,0,0,0
-1.7366782993583383,1,0,-0.34806055385369666,-0.8412138265031777,-0.6122491643802404,-0.6151245395305016,-0.6249795608275003,-0.6024691654030272,-0.6761133601671541,3,2,0,4,8,0,0,0,0,0,0,-0.6072907664000375,0.04773586187267393,-0.8996248348839598,-0.762036926947112,-0.44063125659122476,0,0,0,1,0,0,0,0
0.4624354998678164,0,1,0.8611466501364429,-0.11901521819226131,0.5206789166005787,0.09611546490513342,0.3115335882123063,0.4936856536819635,-0.6370660372485272,2,4,4,10,2,0,0,0,0,0,0,0.6820831147108373,-0.13589374631605078,0.011446835278489026,0.6751309204948542,-0.44063125659122476,0,0,1,0,1,0,0,0
0.6610092222007522,0,1,0.9302442046501651,-0.03282690691235771,0.2185647616723603,0.05610821465562895,0.16462956483351315,0.785993605437961,0.41721168155439936,2,8,3,7,7,0,0,0,0,0,0,1.0259161496737372,0.4522172961262162,0.12157637782559823,0.6751309204948542,-0.44063125659122476,0,1,0,0,0,0,0,1
-1.1398328650002503,1,0,-0.3826093311105578,-0.8857939875100244,-0.6626015235349434,-0.7173652901681241,-0.6800685695945476,-0.6511871573623601,-0.8323026518416616,1,1,0,2,7,0,0,0,0,0,0,-1.1230403188443874,0.22143954529444054,-0.9880621948081536,-1.415295039420733,-0.44063125659122476,0,0,1,0,0,0,1,0
-1.682526088219656,1,0,0.6884027638521372,-0.9006540411789733,-0.5870729848028888,-0.7307010402512922,-0.3128085111475647,0.07958272202763367,0.06578577528675718,3,2,1,2,8,0,0,0,0,0,0,-0.9511238013629375,0.8467728056128004,-0.8362169164477454,-0.8926885494418363,-0.44063125659122476,1,0,0,0,1,0,0,0
-2.204560898712281,0,0,-1.0044873217340582,-0.8976820304451835,-0.6374253439575919,-0.735146290279015,-0.6617055666721985,-0.6511871573623601,-0.3637347768181388,0,0,0,0,14,0,0,0,0,0,0,0.3382500797479373,-0.8331899611948568,-0.9580268650225784,-1.93790152939963,-0.44063125659122476,0,1,0,0,0,0,0,0
-1.0999213737457891,2,0,0.13562232774235916,-0.8471578479707572,-0.5870729848028888,-0.6951390400295105,-0.47807553744870707,-0.4563151895250284,-0.7346843445450945,3,2,1,4,4,0,0,0,0,0,0,-0.7792072838814875,-0.5403751805695931,-0.9129738703442155,-0.6313853044523878,-0.44063125659122476,0,1,0,0,1,0,0,0
0.9382816596833299,1,0,1.5175734180168043,1.046012989453332,1.3514928426531794,1.2829972223070993,0.27480758236760805,1.955225412461951,0.9638742024151761,2,8,4,8,4,1,0,1,0,0,0,-1.4668733538072873,0.47703210804361146,1.3997465231450776,0.9364341654843027,2.506812280007755,0,1,0,0,1,0,0,0
1.4245741370454923,0,0,0.37746376854038705,2.9926800200856376,-0.6626015235349434,0.8562532196457183,0.16462956483351315,1.5167634848279548,-0.5199240684926464,1,4,3,10,2,0,0,1,0,0,0,-1.4668733538072873,0.2809950938961891,2.0321570780746896,0.41382767550540583,1.033090511708265,0,0,0,1,1,0,0,0
1.3421278640315817,0,0,1.2411831999619152,1.560170846398964,2.8117112581395682,1.1718659716140314,0.4217116057464012,1.5898404727669542,-0.5589713914112733,1,4,6,13,2,0,0,0,0,0,0,-0.1774994726964126,0.6954024529166895,1.6016506844814447,1.197737410473751,-0.44063125659122476,0,0,1,0,0,0,1,0
0.4541908725664254,0,0,-0.7626458809360303,0.8944404420300535,1.6284308180040463,1.0340632207546272,-0.6800685695945476,0.4449676617226306,3.1505242858582827,2,3,6,8,3,0,0,0,0,0,0,-1.8966646475109123,0.7326246707927824,1.236220838756946,0.5444792980001301,-0.44063125659122476,0,0,0,0,0,1,0,0
-0.8003041224975095,1,1,0.44656132305410934,-0.8204097513666493,-0.08354939325585813,-0.6106792895027788,-0.14754148484642238,-0.3101612136470297,0.06578577528675718,3,2,1,4,6,0,0,0,0,0,0,1.541665702118087,0.4546987773179557,-0.7244187444681043,-0.6313853044523878,-0.44063125659122476,0,1,0,0,1,0,0,0
-0.7682156582847091,1,0,-1.4190726488163916,-0.8709339338410755,-0.5367206256481858,-0.641796039696838,-0.4597125345263579,-0.5293921774640278,-0.6370660372485272,2,3,0,3,7,0,0,0,0,0,0,-1.0370820601036626,-0.18304188895910173,-0.8979562054514278,-0.8926885494418363,-0.44063125659122476,0,0,0,0,1,0,0,0
0.6509845049138335,0,0,1.724866081557971,-0.11009918599089198,0.2940933004044149,2.376528729126888,2.0560188658354757,3.368047179282606,0.3781643586357724,1,5,4,10,3,0,0,0,0,0,0,-0.7792072838814875,0.5812543180966714,1.2996287571931604,0.6751309204948542,-0.44063125659122476,0,1,0,0,1,0,0,0
-0.20388028839915182,1,1,-1.5918165351006972,-0.7045013327488479,-0.6374253439575919,-0.6506865397522833,-0.6800685695945476,-0.6024691654030272,-0.24659280806225808,3,2,2,2,7,0,0,0,0,0,0,1.7135822195995372,0.1321062223918177,-0.8061815866621702,-0.762036926947112,-0.44063125659122476,0,0,1,0,0,0,0,1
1.6520040549332966,0,0,0.8265978728795818,1.8009037158359362,2.131954409551077,2.4787694797645106,0.2197185736005606,1.151378545132958,0.22197506696126482,1,10,2,6,3,0,0,0,0,0,0,-1.2089985775851124,0.11969881643312011,2.2006886507604175,0.5444792980001301,-0.44063125659122476,0,0,0,1,0,1,0,0
-1.1463910912627204,0,0,0.2738174367698037,-0.7936616547625412,-0.36048736860672503,-0.6373507896691152,-0.5331645462157545,-0.38323820158602906,0.16340408258332445,1,2,1,3,7,0,0,0,0,0,0,1.541665702118087,0.24129139482835674,-0.7694717391464672,-1.0233401719365605,-0.44063125659122476,0,0,1,0,1,0,0,0
-2.167694298222538,1,1,0.653853986595276,-0.8204097513666493,-0.6626015235349434,-0.7129200401404014,-0.6617055666721985,-0.6268281613826937,-0.5980187143299003,1,1,0,0,20,1,0,0,0,0,0,1.6276239608588121,-0.582560360829165,-0.9263229058044712,-1.6765982844101814,1.033090511708265,0,0,0,1,0,0,1,0
-1.364030514230123,1,0,0.895695427393304,-0.8620179016397062,-0.6374253439575919,-0.7084747901126787,-0.6433425637498494,-0.6268281613826937,-0.8323026518416616,1,2,0,2,9,0,0,0,0,0,0,-0.1774994726964126,-0.024227092687772237,-0.9647013827527061,-1.2846434169260088,-0.44063125659122476,0,1,0,0,0,1,0,0
0.8856753161636585,1,1,1.3102807544756376,-0.4845725384484042,1.099731046879664,-0.26839503736812953,0.642067640814591,-0.18836623374869738,-0.4027820997367657,2,4,2,8,3,0,0,0,0,0,0,-0.9511238013629375,-0.32944927927173356,-0.2889064625772633,0.15252443051595743,-0.44063125659122476,0,0,0,0,1,0,0,0
0.88834545114195,1,0,0.5502076548246927,0.30598231673967713,1.099731046879664,0.3228232163189921,1.2113207314074146,1.4924044888482884,0.1829277440426379,1,5,4,4,2,0,0,0,0,0,0,-0.1774994726964126,-0.21033818206823648,0.5937985072321422,-0.10877881447349098,-0.44063125659122476,0,1,0,0,1,0,0,0
-1.0962675048281272,1,1,0.2047198822560814,-0.8709339338410755,-0.6626015235349434,-0.6951390400295105,-0.6800685695945476,-0.6024691654030272,-0.46135308411470605,1,1,1,2,6,0,0,0,0,0,0,0.7680413734515622,0.09240252332398535,-0.9363346823996629,-1.2846434169260088,-0.44063125659122476,0,0,1,0,1,0,0,0
1.9004202968610058,0,0,0.7575003183658595,2.005972456467431,0.4451503778685241,3.4167172356140045,-0.14754148484642238,-0.04221225787069863,-0.42230576119607915,1,7,5,12,3,0,1,1,1,0,0,-1.2089985775851124,0.20158769576052438,2.3859065177714647,1.3283890329684753,3.980534048307244,0,0,0,1,1,0,0,0
1.0594214676458145,0,0,-0.969938544477197,0.2257380269273531,1.804664075045507,2.5187767300140154,1.3398617518638587,2.0770203923602835,-0.3051637924401984,1,8,8,5,3,0,0,1,0,0,0,-0.1774994726964126,0.0551803054478925,1.429781852930653,0.9364341654843027,1.033090511708265,0,1,0,0,0,0,1,0
-1.103809465029968,1,0,-0.4862556628811412,-0.8857939875100244,-0.6626015235349434,-0.7173652901681241,-0.6433425637498494,-0.6268281613826937,-0.8127789903823482,1,1,0,2,7,0,0,0,0,0,0,-1.2089985775851124,-0.24259743756085028,-0.9813876770780258,-1.415295039420733,-0.44063125659122476,0,1,0,0,0,0,1,0
0.7241555722136791,0,1,0.6193052093384149,1.518562696125907,-0.46119208691613117,-0.5039932888374337,-0.47807553744870707,-0.6511871573623601,0.5148299888509666,4,2,2,9,7,0,1,0,0,0,0,1.541665702118087,0.4646247020849138,0.5887926189345464,0.28317605301068166,1.033090511708265,0,0,1,0,1,0,0,0
0.4407465087283615,1,1,-0.24441422208311328,0.6834276799309791,-0.5367206256481858,-0.5306647890037699,-0.6800685695945476,-0.5293921774640278,-0.05135619346912354,5,11,1,6,8,0,0,0,0,0,0,0.9399578909330122,0.33062471773097957,0.046488053361660134,1.067085787979027,-0.44063125659122476,0,0,1,0,0,1,0,0
-0.9251446438509593,0,1,-1.6954628668712808,-0.850129858704547,-0.6626015235349434,-0.7307010402512922,-0.6800685695945476,-0.6511871573623601,-0.8127789903823482,1,1,0,3,4,0,0,0,0,0,0,0.9399578909330122,-0.02670857387951176,-0.971375900482834,-1.2846434169260088,-0.44063125659122476,0,0,0,1,0,0,0,0
-1.0650222411347872,1,0,-0.20986544482625213,-0.8263537728342288,-0.6626015235349434,-0.7129200401404014,-0.6800685695945476,-0.6511871573623601,-0.8127789903823482,1,1,0,3,8,0,0,0,0,0,0,0.08037530352576235,0.18173584622660818,-0.9513523472924506,-1.2846434169260088,-0.44063125659122476,0,0,0,1,1,0,0,0
-0.27246059731526834,1,1,1.206634422705054,-0.8144657298990697,-0.6626015235349434,-0.704029540084956,-0.6433425637498494,-0.6511871573623601,-0.5784950528705868,1,1,1,2,6,0,0,0,0,0,0,-0.6072907664000375,-0.7289677511417968,-0.9179797586418114,-1.2846434169260088,-0.44063125659122476,0,0,1,0,0,0,1,0
-0.5254207531534031,2,1,-0.4171581083674189,-0.7282774186191661,-0.6626015235349434,-0.6906937900017878,-0.6066165579051511,-0.6024691654030272,-0.7542080060044078,4,3,0,4,7,0,0,0,0,0,0,0.08037530352576235,0.45966173970143476,-0.8729267639634485,-0.5007336819576637,-0.44063125659122476,0,0,0,1,0,0,1,0
0.24423394322077352,1,1,-0.037121558541946494,0.005809232626909418,-0.5367206256481858,-0.25505928728496136,-0.2944455082252156,2.003943404421284,0.9443505409558626,9,5,2,10,6,0,0,0,0,0,0,-0.2634577314371376,0.03036549353049727,0.06317434768697971,1.4590406554631996,-0.44063125659122476,0,0,1,0,1,0,0,0
-0.91385512578485,0,0,-1.3154263170458083,-0.8441858372369675,-0.5115444460708343,-0.7173652901681241,-0.6800685695945476,-0.43195619354536197,-0.6175423757892137,1,1,0,3,7,1,0,0,0,0,0,-1.2949568363258375,0.04277289948919489,-0.9213170175068752,-1.2846434169260088,1.033090511708265,0,0,0,0,0,0,1,0
-0.972691784253868,1,0,0.44656132305410934,-0.8293257835680186,-0.5115444460708343,-0.6684675398631742,-0.3128085111475647,-0.6511871573623601,-0.7542080060044078,2,2,0,3,8,0,0,0,0,0,0,-1.3809150950665625,0.43484692778403955,-0.8879444288562361,-1.0233401719365605,-0.44063125659122476,0,1,0,0,1,0,0,0
1.01974419875787,0,1,0.3083662140266648,1.1975855368766108,-0.1339017524105612,0.371720966623942,0.88078667880513,0.3962496697632977,0.5734009732289069,2,6,2,8,2,1,0,0,0,0,0,-0.1774994726964126,-0.2674122494782455,0.959228352956641,0.41382767550540583,1.033090511708265,0,1,0,0,1,0,0,0
-1.3212146656308537,1,0,0.9302442046501651,-0.8857939875100244,-0.5870729848028888,-0.6773580399186196,-0.40462352575931043,-0.4806741855046949,-0.1489745007656908,3,3,1,2,7,0,0,0,0,0,0,-0.6072907664000375,-0.1061159720151765,-0.8729267639634485,-0.762036926947112,-0.44063125659122476,0,0,0,0,1,0,0,0
1.20136022175499,0,1,-0.6589995491654468,2.7519471506486655,-0.6626015235349434,1.0207274706714589,3.580148108390455,3.6847141270182697,2.2329121972705503,1,10,2,8,5,0,1,1,1,0,0,-0.8651655426222125,0.8194765125036656,2.6528872269765778,0.8057825429895785,3.980534048307244,0,1,0,0,0,0,1,0
1.1887122139630832,0,1,-0.10621911305566875,0.35947850994789315,2.232659127860483,0.5584214677882962,-0.2577195023805173,0.20137770192596596,0.6905429419847877,1,6,6,11,3,0,0,0,0,0,0,-0.8651655426222125,-0.2574863247112874,0.6088161721249299,1.197737410473751,-0.44063125659122476,0,1,0,0,0,0,1,0
-0.417022641929432,1,0,1.0338905364207485,-0.769885568892223,-0.4863682664934827,-0.29951178756218855,-0.6066165579051511,-0.04221225787069863,-0.012308870550496634,3,4,1,4,6,0,0,0,0,0,0,-0.09154121395568762,-0.32696779807999404,-0.6359813845439105,-0.37008205946293943,-0.44063125659122476,0,1,0,0,0,1,0,0
-0.3905086700397312,0,1,-0.7971946581928914,-0.6093969892675749,-0.6122491643802404,-0.6906937900017878,-0.6066165579051511,-0.6511871573623601,-0.5394477299519599,3,3,0,4,8,0,0,0,0,0,0,-0.9511238013629375,0.807069106544968,-0.7878266629043187,-0.6313853044523878,-0.44063125659122476,0,1,0,0,1,0,0,0
0.1836171947662279,0,1,-1.0390360989909193,0.43675078902642744,-0.6626015235349434,-0.5662267892255517,-0.6800685695945476,-0.5537511734436943,-0.38325843827745226,1,7,1,8,5,0,0,0,0,0,0,-0.6932490251407625,-0.758745525442671,-0.14373570194698304,0.28317605301068166,-0.44063125659122476,0,0,1,0,1,0,0,0
-1.2212954040747903,1,0,-0.14076789031252987,-0.8768779553086551,-0.5618968052255373,-0.6595770398077287,-0.5515275491381036,-0.5293921774640278,-0.7542080060044078,2,2,0,3,7,0,0,0,0,0,0,-0.7792072838814875,0.3976247099079467,-0.9279915352370031,-1.0233401719365605,-0.44063125659122476,0,1,0,0,0,0,1,0
0.16174082573355958,0,1,-1.5918165351006972,-0.7788016010935923,-0.38566354818407655,-0.48621228872654276,-0.4964385403710562,0.030864730068300754,-0.5784950528705868,1,1,1,6,2,0,0,0,0,0,0,-0.6932490251407625,-0.21778262564345505,-0.73776777992836,-0.762036926947112,-0.44063125659122476,0,1,0,0,0,0,1,0
-0.10499160525576248,0,2,0.5847564320815538,0.31787035967483623,-0.6626015235349434,-0.6240150395859471,-0.6800685695945476,-0.6511871573623601,-0.4418294226553926,6,7,1,7,7,0,0,0,0,0,0,-0.6072907664000375,-0.26244928709476645,-0.24385346789890047,0.8057825429895785,-0.44063125659122476,0,0,1,0,1,0,0,0
0.04355221958918663,0,1,1.5175734180168043,1.2183896120131394,-0.46119208691613117,-0.29951178756218855,-0.47807553744870707,-0.6511871573623601,0.06578577528675718,4,10,7,5,8,1,0,0,0,0,0,1.0259161496737372,0.5762913557131923,0.45863952319705364,1.4590406554631996,1.033090511708265,0,1,0,0,1,0,0,0
0.8608945897861819,1,0,1.3793783089893599,2.202125164897556,0.8731454306835001,0.7629029690635413,0.4217116057464012,0.46932665770229703,0.046262113827443725,3,5,5,13,8,0,0,0,0,0,0,-0.5213325076593126,0.015476606380060133,1.6550468263224674,1.4590406554631996,-0.44063125659122476,0,1,0,0,0,0,0,0
-0.7350966156592348,1,0,-1.1081336535046415,-0.8620179016397062,-0.6122491643802404,-0.6062340394750562,-0.5331645462157545,-0.6024691654030272,-0.7932553289230347,1,2,0,4,5,0,0,0,0,0,0,-0.1774994726964126,-0.21778262564345505,-0.9096366114791515,-1.0233401719365605,-0.44063125659122476,0,0,1,0,0,1,0,0
-0.438852166488797,1,1,1.5175734180168043,-0.8174377406328595,-0.6374253439575919,-0.6906937900017878,-0.6800685695945476,-0.6511871573623601,-0.8518263133009751,2,2,0,3,4,0,0,0,0,0,0,-0.7792072838814875,0.4720691456601324,-0.9396719412647268,-1.0233401719365605,-0.44063125659122476,0,1,0,0,0,0,1,0
-0.21409238357928392,0,1,0.7229515411089984,-0.39244020570092103,-0.36048736860672503,-0.2417235372017932,-0.5331645462157545,-0.6511871573623601,-0.3637347768181388,4,6,1,5,7,0,0,0,0,0,0,1.541665702118087,0.25121731959531485,-0.459106664695523,0.15252443051595743,-0.44063125659122476,0,0,1,0,0,0,1,0
-0.1413897610124719,0,1,-1.6609140896144197,-0.06254701425025551,-0.4108397277614281,-0.5706720392532744,-0.6800685695945476,-0.33452020962669615,-0.32468745389951187,4,7,2,4,8,0,0,0,0,0,0,0.7680413734515622,0.5738098745214528,-0.3890242285291808,0.28317605301068166,-0.44063125659122476,0,1,0,0,0,1,0,0
-0.1323956221382271,1,1,-1.1772312080183638,-0.4756565062470348,-0.6374253439575919,-0.5973435394196107,-0.6433425637498494,-0.6268281613826937,-0.715160683085781,4,4,1,4,7,0,0,0,0,0,0,0.4242083384886623,-0.160708558233446,-0.6960520441150609,-0.2394304369682152,-0.44063125659122476,0,1,0,0,1,0,0,0
1.7977840558533478,0,0,-1.4536214260732527,0.8617483239583659,2.711006539830162,2.7543749814833194,-0.07408947315702578,2.6129183039129456,0.26102238987989174,0,5,6,8,1,0,0,1,0,0,0,-0.8651655426222125,-0.41133815859913786,1.8919922057420053,0.5444792980001301,1.033090511708265,0,1,0,0,0,0,1,0
0.0962522520554647,0,1,-0.969938544477197,0.9390206030369002,-0.2597826502973189,-0.006125285732489115,-0.6800685695945476,-0.06657125385036508,0.749113926362728,5,5,5,12,5,0,0,0,0,0,0,0.9399578909330122,0.10729141047442249,0.5053611473079485,1.5896922779579237,-0.44063125659122476,0,1,0,0,0,0,1,0
-0.017439284651785854,0,0,1.0684393136776096,-0.662893182475791,-0.38566354818407655,-0.5173290389206018,-0.6249795608275003,-0.6024691654030272,-0.09040351638775045,1,1,3,4,2,0,0,0,0,0,0,0.8539996321922873,-0.26493076828650597,-0.6977206735475929,-0.762036926947112,-0.44063125659122476,0,0,0,1,0,1,0,0
-0.009616257610125021,0,1,0.2047198822560814,-0.6123690000013647,-0.6374253439575919,-0.6640222898354515,-0.6800685695945476,-0.6268281613826937,-0.7542080060044078,1,3,0,4,7,0,1,0,0,0,0,0.3382500797479373,-0.0738567165225627,-0.8045129572296382,-0.8926885494418363,1.033090511708265,0,0,0,1,0,0,1,0
-0.9848245028394378,1,0,-0.4862556628811412,-0.8322977943018084,-0.6626015235349434,-0.704029540084956,-0.6800685695945476,-0.6511871573623601,-0.8323026518416616,2,1,0,3,6,0,0,0,0,0,0,-0.43537424891858756,0.697883934108429,-0.9530209767249824,-1.1539917944312847,-0.44063125659122476,0,0,0,1,0,1,0,0
-0.11375152176349049,1,0,-0.10621911305566875,-0.33597200175891523,-0.43601590733877965,-0.308402287617634,-0.6800685695945476,-0.5050331814843614,0.749113926362728,2,6,1,5,7,0,0,0,0,0,0,-0.2634577314371376,0.2164765829109615,-0.3656634164737334,-0.10877881447349098,-0.44063125659122476,0,0,1,0,0,1,0,0
-1.0367281792595588,1,0,-0.969938544477197,-0.8620179016397062,-0.6626015235349434,-0.7129200401404014,-0.6800685695945476,-0.6511871573623601,-0.8518263133009751,2,2,0,3,5,0,0,0,0,0,0,-0.2634577314371376,-0.7388936759087549,-0.9747131593478979,-1.0233401719365605,-0.44063125659122476,0,0,0,1,1,0,0,0
-0.8785343929141178,0,1,-1.6954628668712808,-0.6658651932095807,-0.6374253439575919,-0.5751172892809971,-0.6800685695945476,-0.6268281613826937,-0.3637347768181388,3,2,1,4,7,0,0,0,0,0,0,0.3382500797479373,0.697883934108429,-0.7678031097139352,-0.6313853044523878,-0.44063125659122476,0,0,1,0,0,1,0,0
0.7346487342336314,0,0,1.206634422705054,0.0949695546406028,0.042331504630899554,0.513968967511069,2.698723968117696,0.6641986255396287,0.20245140550195134,1,2,8,6,1,0,0,0,0,0,0,-1.5528316125480124,0.2785136127044496,0.5570886597164392,0.28317605301068166,-0.44063125659122476,0,1,0,0,0,0,1,0
-0.35429789217623525,1,1,-1.0390360989909193,-0.8441858372369675,-0.6626015235349434,-0.6773580399186196,-0.5515275491381036,-0.5781101694233607,-0.8323026518416616,3,2,0,4,3,0,0,0,0,0,0,-0.7792072838814875,-0.8207825552361592,-0.932997423534599,-0.762036926947112,-0.44063125659122476,0,1,0,0,1,0,0,0
1.0823284150911565,0,1,0.8611466501364429,1.8454838768427828,0.9486739694155547,0.05610821465562895,1.7622108190778891,-0.3588792056063626,0.6514956190661608,2,9,4,6,5,0,0,0,0,0,0,1.3697491846366372,0.479513589235351,1.311309163220884,0.8057825429895785,-0.44063125659122476,0,1,0,0,1,0,0,0
1.3321499912179664,0,0,0.23926865951294254,3.533585973635377,1.5025499201172885,1.2785519722793766,1.376587757708557,0.3962496697632977,-0.012308870550496634,2,4,4,5,2,0,1,1,1,0,0,1.7135822195995372,0.3479950860731562,2.7146265159802603,0.02187280802123322,3.980534048307244,0,0,0,1,1,0,0,0
0.49316547435481944,0,1,0.41201254579724816,0.6269594759889733,0.5206789166005787,0.4472902170952282,0.4584376115910995,0.9565065772956262,-0.1099271778470639,2,5,5,4,3,0,1,0,0,0,0,0.8539996321922873,-0.4187826021743564,0.6522005373707608,0.15252443051595743,1.033090511708265,0,1,0,0,0,1,0,0
-1.3325041836969629,1,0,-0.34806055385369666,-0.7906896440287514,-0.2849588298746704,-0.4995480388097109,-0.6249795608275003,-0.4563151895250284,-0.285640130980885,3,3,0,4,8,0,0,0,0,0,0,-1.4668733538072873,-0.22770855041041313,-0.7627972214163393,-0.6313853044523878,-0.44063125659122476,0,1,0,0,1,0,0,0
0.5288141185386751,0,0,-1.5918165351006972,-0.47268449551324504,4.196401134893903,1.3007782224179902,3.084347029487028,-0.017853261891032163,1.9791045982994755,2,3,8,7,2,0,0,0,0,0,0,-1.1230403188443874,0.6482543102736386,0.9492165763614492,0.6751309204948542,-0.44063125659122476,0,1,0,0,1,0,0,0
0.7264509514055437,0,0,-1.4881702033301138,0.8647203346921557,1.7794878954681554,0.5539762177605735,1.6520328015437942,2.588559307933279,1.5105367232759526,1,11,5,12,6,0,0,0,0,0,0,-1.5528316125480124,0.7921802193945309,1.2679247979750532,1.8509955229473722,-0.44063125659122476,0,1,0,0,0,0,1,0
1.547306657100291,0,0,0.8265978728795818,-0.4073002593698699,0.5458550961779303,1.936448976382339,0.4768006145134487,1.1026605531736249,0.5538773117695935,1,3,10,4,2,0,1,1,1,0,0,1.3697491846366372,0.11969881643312011,0.7005907909141875,0.41382767550540583,3.980534048307244,0,0,1,0,0,0,0,1
-1.5567486774001391,0,0,0.9647929819070262,-0.8857939875100244,-0.6374253439575919,-0.7084747901126787,-0.2577195023805173,-0.5537511734436943,-0.4808767455740195,1,1,1,2,8,0,0,0,0,0,0,0.8539996321922873,0.5092913635362253,-0.9079679820466197,-1.2846434169260088,-0.44063125659122476,0,1,0,0,1,0,0,0
0.8757442878233466,0,0,-0.14076789031252987,0.14549373711502905,0.8731454306835001,2.6076817305684696,0.05445154729941826,0.46932665770229703,-0.32468745389951187,1,3,3,7,2,0,0,0,0,0,0,-0.09154121395568762,0.07006919259832964,1.1277599256423687,-0.10877881447349098,-0.44063125659122476,0,1,0,0,1,0,0,0
0.9526160685141575,0,1,-0.7280971036791691,0.6477635511255018,-0.6626015235349434,1.5808289741645216,3.488333093778709,2.271892360197615,1.7643443222470274,2,6,9,5,2,0,0,0,0,0,0,-0.1774994726964126,-0.13093078393257174,1.5365741366126984,0.9364341654843027,-0.44063125659122476,0,1,0,0,0,1,0,0
-0.411401305133029,0,1,0.653853986595276,-0.5053766135849327,-0.46119208691613117,-0.4017525381998111,-0.5698905520604528,-0.6511871573623601,-0.6370660372485272,1,4,1,5,6,0,0,0,0,0,0,1.0259161496737372,0.48943951400230906,-0.615957831353527,-0.5007336819576637,-0.44063125659122476,0,1,0,0,1,0,0,0
-0.8383418348198365,1,1,-1.3154263170458083,-0.850129858704547,-0.5115444460708343,-0.672912789890897,-0.4597125345263579,-0.4563151895250284,-0.5199240684926464,3,2,1,3,5,0,0,0,0,0,0,1.6276239608588121,-0.03663449864646985,-0.8812699111261083,-0.762036926947112,-0.44063125659122476,0,1,0,0,0,0,1,0
-0.7607673870294751,1,0,-0.5208044401380023,-0.8352698050355981,-0.6626015235349434,-0.704029540084956,-0.5698905520604528,-0.6024691654030272,-0.500400407033333,1,1,1,3,2,0,0,0,0,0,0,-0.09154121395568762,-0.8455973671535544,-0.9129738703442155,-1.1539917944312847,-0.44063125659122476,0,0,0,1,0,0,0,0
-1.917966411042335,0,0,-0.5208044401380023,-0.8798499660424448,-0.5618968052255373,-0.6951390400295105,-0.6433425637498494,-0.6024691654030272,-0.7737316674637214,2,3,0,3,5,0,0,0,0,0,0,-1.7247481300294623,-0.7562640442509315,-0.9580268650225784,-0.8926885494418363,-0.44063125659122476,0,0,1,0,0,0,0,0
1.1310935117999525,0,1,0.6193052093384149,2.410165916262841,-0.36048736860672503,-0.17059953675822973,-0.07408947315702578,-0.3588792056063626,0.6319719576068473,1,2,3,4,6,0,1,0,0,1,0,-0.5213325076593126,0.5812543180966714,1.2879483511654366,-0.6313853044523878,2.506812280007755,0,1,0,0,1,0,0,0
-2.0809383336647183,0,0,-0.8662922127066136,-0.8947100197113937,-0.2094302911426158,-0.6773580399186196,-0.40462352575931043,-0.115289245809698,0.12435675966469754,3,3,1,3,9,0,0,0,0,0,0,-2.326455941214537,-26.558705475958494,-0.8045129572296382,-0.6313853044523878,-0.44063125659122476,0,0,0,0,1,0,0,0
-1.4494279890621453,0,0,-1.211779985275225,-0.8976820304451835,-0.36048736860672503,-0.6951390400295105,-0.5698905520604528,-0.33452020962669615,-0.26611646952157153,1,3,1,2,8,0,0,0,0,0,0,-0.6932490251407625,0.2040691769522639,-0.8862757994237042,-1.0233401719365605,-0.44063125659122476,0,0,0,0,0,0,1,0
0.6208635085797741,0,1,0.2738174367698037,1.9495042525254251,0.042331504630899554,0.07388921476651983,3.3597920733222653,1.053942561214292,0.5148299888509666,4,9,6,6,6,0,0,0,0,0,0,-0.005582955214962636,0.6581802350405966,1.54658591320789,1.3283890329684753,-0.44063125659122476,0,0,1,0,0,0,1,0
1.2655839946538943,0,0,0.2738174367698037,1.4561504707163218,2.232659127860483,0.340604216429883,2.0743818687578246,-0.6511871573623601,3.1505242858582827,1,8,5,6,3,0,0,0,0,0,0,1.541665702118087,-0.35674557238086835,1.506538806827123,0.6751309204948542,-0.44063125659122476,0,0,0,1,1,0,0,0
1.1912886599947679,0,1,-0.3826093311105578,-0.08632310012057375,0.8227930715287971,-0.2639497873404068,0.5869786320475435,1.8090714365839522,0.30006971279851863,2,6,4,8,4,0,0,0,0,0,0,-0.9511238013629375,-0.36667149714782643,0.10989597179787453,0.6751309204948542,-0.44063125659122476,0,1,0,0,1,0,0,0
-0.28182949197594004,0,1,-1.0044873217340582,0.0028372218931196386,-0.5870729848028888,-0.6195697895582243,-0.6066165579051511,-0.5781101694233607,1.959580936840162,2,5,4,4,5,1,0,0,0,0,0,0.4242083384886623,0.18669880861008722,-0.19713184378800566,0.02187280802123322,1.033090511708265,0,1,0,0,0,1,0,0
2.194884656045916,0,0,-0.9008409899634747,2.068384681877016,-0.18425411156526428,2.4209812294041155,1.6153067956990959,2.150097380299283,-0.1099271778470639,0,4,6,9,1,0,1,0,0,0,0,0.7680413734515622,-0.5230048122274163,2.3425221525256337,0.5444792980001301,1.033090511708265,0,0,1,0,0,1,0,0
0.5186488678318464,1,0,0.8611466501364429,-0.23789564754385248,-0.36048736860672503,-0.5262195389760472,-0.6066165579051511,-0.3588792056063626,-0.6175423757892137,1,6,2,4,6,0,0,0,0,0,0,-0.9511238013629375,-0.5602270301035093,-0.4874733650485663,-0.2394304369682152,-0.44063125659122476,0,1,0,0,0,0,1,0
-0.44630043774403094,1,1,-0.4862556628811412,-0.7609695366908537,-0.33531118902937346,-0.48621228872654276,-0.23935649945816811,-0.28580221766736325,-0.3637347768181388,4,3,1,4,7,0,0,0,0,0,0,-1.0370820601036626,-0.6371529470474344,-0.7043951912777208,-0.37008205946293943,-0.44063125659122476,0,0,0,0,0,1,0,0
-0.867572786161132,1,1,0.37746376854038705,-0.8263537728342288,-0.6122491643802404,-0.6551317897800061,-0.4964385403710562,-0.5293921774640278,-0.6956370216264675,3,2,1,3,8,0,0,0,0,0,0,1.455707443377362,0.008032162804841564,-0.8912816877213,-0.762036926947112,-0.44063125659122476,0,1,0,0,0,0,1,0
0.3481349850076222,0,2,0.3429149912835259,-0.38946819496713125,-0.1339017524105612,-0.39286203814436566,0.03608854437706911,-0.33452020962669615,-0.5980187143299003,1,4,4,7,3,0,0,0,0,0,0,1.3697491846366372,-0.6867825708822249,-0.44575762923526735,0.15252443051595743,-0.44063125659122476,0,0,1,0,1,0,0,0
0.176309456930904,0,1,-0.7626458809360303,1.0965371719277583,-0.6626015235349434,0.1450132152100833,-0.0006374614676291876,0.4936856536819635,-0.3442111153588253,2,6,3,5,4,1,0,0,0,0,0,0.2522918210072123,0.3901802663327281,0.6305083547478453,0.15252443051595743,1.033090511708265,0,1,0,0,0,0,0,0
0.6075596781616204,0,1,0.9647929819070262,0.6626236047944507,-0.05837321367850659,0.2828159660694876,-0.09245247607937493,-0.06657125385036508,0.41721168155439936,2,6,4,12,4,0,0,0,0,0,0,-0.6072907664000375,-0.7736344125931083,0.4970180001452887,1.197737410473751,-0.44063125659122476,0,1,0,0,0,0,0,0
0.5513931546708938,0,1,0.48111010031097046,0.8409442488218374,0.4199741982911726,0.7584577190358185,0.09117755314411656,1.468045492868622,0.20245140550195134,3,11,6,9,6,0,0,0,0,0,0,-0.7792072838814875,-0.21033818206823648,0.9108380994132141,1.8509955229473722,-0.44063125659122476,0,1,0,0,0,0,0,0
0.6059201215960028,0,0,0.9993417591638873,0.7488119160743543,-0.31013500945202194,2.4476527295704518,3.1761620440987737,-0.6511871573623601,-0.012308870550496634,1,7,5,10,4,0,0,0,0,0,0,1.1118744084144623,0.5961432052471085,1.5616035781006776,1.067085787979027,-0.44063125659122476,0,0,1,0,0,1,0,0
-0.523968574480999,2,1,-0.8662922127066136,-0.8709339338410755,-0.6626015235349434,-0.7218105401958469,-0.6800685695945476,-0.6511871573623601,-0.8127789903823482,1,1,0,2,8,0,0,0,0,0,0,1.0259161496737372,-0.34681964761391026,-0.9797190476454938,-1.415295039420733,-0.44063125659122476,0,0,0,1,0,1,0,0
-1.0627268619429227,1,0,-0.6589995491654468,-0.7936616547625412,-0.5618968052255373,-0.6329055396413925,-0.38626052283696133,-0.43195619354536197,-0.6761133601671541,2,4,0,3,9,0,0,0,0,0,0,-1.5528316125480124,-0.19544929491779933,-0.8428914341778733,-0.762036926947112,-0.44063125659122476,0,1,0,0,0,1,0,0
1.6235226151648547,0,0,0.7920490956227206,0.6774836584633995,-0.1339017524105612,-0.17504478678595242,-0.20263049361346983,-0.16400723776903092,-0.46135308411470605,0,4,2,5,1,0,0,1,0,0,0,-1.2089985775851124,0.35792101084011435,0.2367118086703033,-0.5007336819576637,1.033090511708265,0,0,0,1,1,0,0,0
1.0058782346600759,0,0,1.5521221952736655,-0.09523913232194309,-0.4863682664934827,-0.3839715380889202,-0.3128085111475647,-0.4806741855046949,-0.6370660372485272,1,4,4,6,2,0,0,0,0,0,0,-1.5528316125480124,-0.5949677667878626,-0.3456398632833499,0.02187280802123322,-0.44063125659122476,0,0,1,0,1,0,0,0
0.13855281144839723,1,0,0.2738174367698037,0.011753254094488977,1.477373740539937,-0.13059228650872523,1.1929577284850654,0.4449676617226306,1.4519657388980123,2,6,2,11,5,0,0,0,0,0,0,-0.7792072838814875,0.35295804845663525,0.3184746508643692,0.8057825429895785,-0.44063125659122476,0,0,0,1,0,1,0,0
-0.702446017766794,1,1,-0.10621911305566875,-0.7520535044894843,-0.6626015235349434,-0.6684675398631742,-0.6800685695945476,-0.6511871573623601,-0.7737316674637214,2,3,0,3,8,0,0,0,0,0,0,1.197832667155187,-0.7835603373600664,-0.889613058288768,-0.8926885494418363,-0.44063125659122476,0,0,1,0,0,1,0,0
-0.10564742788200951,0,0,-0.4862556628811412,2.6063186246929666,-0.008020854523803517,-0.20616153698001147,-0.36789751991461217,-0.33452020962669615,-0.09040351638775045,2,5,10,5,8,1,0,0,0,0,0,1.197832667155187,0.8318839184623632,1.3213209398160757,0.9364341654843027,1.033090511708265,0,0,0,1,0,1,0,0
-0.7484004460773885,1,1,-0.8662922127066136,-0.8798499660424448,-0.6626015235349434,-0.7262557902235696,-0.6800685695945476,-0.6511871573623601,-0.8518263133009751,1,0,0,3,5,0,0,0,0,0,0,1.7135822195995372,-0.16815300180866458,-0.9897308242406855,-1.415295039420733,-0.44063125659122476,0,0,0,1,0,0,0,0
0.38814016520869016,1,1,-1.246328762532086,0.5467151861766493,-0.08354939325585813,-0.4239787883384247,-0.40462352575931043,-0.6511871573623601,0.30006971279851863,11,8,3,7,7,0,1,0,0,0,0,-0.34941599017786257,0.7127728212588661,0.08653515974242712,1.8509955229473722,1.033090511708265,0,1,0,0,0,0,0,1
-0.32108516060415426,0,1,-0.8317434354497525,-0.8620179016397062,-0.6626015235349434,-0.7262557902235696,-0.6800685695945476,-0.6511871573623601,-0.7932553289230347,1,1,0,2,7,0,0,0,0,0,0,-0.43537424891858756,0.1643654778844315,-0.9747131593478979,-1.415295039420733,-0.44063125659122476,0,0,0,1,0,0,1,0
0.0012048157229507428,0,1,0.0665247732286369,-0.6599211717420012,0.16821240251765723,-0.4995480388097109,0.6237046378922418,0.07958272202763367,-0.05135619346912354,2,5,2,4,5,0,0,0,0,0,0,-0.5213325076593126,-0.14333818989126934,-0.48914199448109824,-0.2394304369682152,-0.44063125659122476,0,1,0,0,1,0,0,0
-0.036598674232859396,0,0,1.6212197497873877,-0.4756565062470348,-0.6626015235349434,-0.7084747901126787,-0.6800685695945476,-0.6511871573623601,-0.7346843445450945,1,3,1,4,5,0,0,0,0,0,0,2.487206548266062,0.03284697472223679,-0.7461109270910197,-0.762036926947112,-0.44063125659122476,0,0,0,1,0,1,0,0
1.225953570239253,0,0,0.13562232774235916,0.19007389812187575,0.14303622294030569,2.10092322740808,-0.44134953160400875,0.3962496697632977,-0.6565896987078406,1,4,7,5,1,0,0,0,0,0,0,1.885498737080987,-0.3542640911891288,0.835749774949276,0.28317605301068166,-0.44063125659122476,0,0,1,0,0,0,1,0
0.49611667617293104,0,1,-1.1426824307615027,0.6418195296579222,0.39479801871382103,-0.30395703758991127,-0.6800685695945476,0.37189067378363116,-0.5784950528705868,2,6,4,10,6,0,0,0,0,0,0,0.16633356226648732,-0.12348634035735316,0.18665292569434458,0.9364341654843027,-0.44063125659122476,0,0,1,0,0,0,1,0
-0.46480400469885746,0,0,-0.9008409899634747,-0.5350967209228304,1.427021381385234,0.4472902170952282,0.88078667880513,0.785993605437961,-0.16849816222500427,2,5,2,11,5,0,0,0,0,0,0,-1.5528316125480124,0.47703210804361146,0.08152927144483124,0.6751309204948542,-0.44063125659122476,0,0,0,1,0,1,0,0
-1.0531705893890375,1,1,1.5866709725305266,-0.8531018694383369,-0.46119208691613117,-0.6773580399186196,-0.4964385403710562,-0.5537511734436943,-0.7932553289230347,2,1,0,4,7,0,0,0,0,0,0,0.7680413734515622,-0.05152338579690699,-0.9146424997767474,-1.0233401719365605,-0.44063125659122476,0,1,0,0,1,0,0,0
1.6249279493639557,0,0,0.5847564320815538,0.4218907353574785,2.031249691241671,2.6743604809843102,-0.07408947315702578,4.123176054652266,0.1829277440426379,1,5,6,6,2,0,0,0,0,0,0,1.541665702118087,-0.11356041559039508,1.666727232350191,0.41382767550540583,-0.44063125659122476,0,1,0,0,0,0,1,0
-0.5561975721137095,0,1,-0.9008409899634747,-0.864989912373496,-0.5115444460708343,-0.7084747901126787,-0.6800685695945476,-0.5781101694233607,-0.7932553289230347,1,1,0,3,6,0,0,0,0,0,0,1.455707443377362,-0.21530114445171553,-0.9546896061575144,-1.2846434169260088,-0.44063125659122476,0,1,0,0,0,0,0,1
1.2160693863722445,0,0,-0.6935483264223079,-0.701529322015058,2.5851256419434048,1.0207274706714589,2.7721759798070926,-0.115289245809698,-0.5589713914112733,1,3,3,5,1,0,0,0,0,0,0,-1.0370820601036626,-0.7016714580326621,0.35685312781260425,-0.37008205946293943,-0.44063125659122476,0,0,1,0,0,0,1,0
-0.6634245715050966,1,0,0.17017110499922028,-0.8263537728342288,-0.5870729848028888,-0.6818032899463424,-0.6433425637498494,-0.4075971975656955,-0.8518263133009751,1,2,0,3,6,0,0,0,0,0,0,-0.2634577314371376,-0.05152338579690699,-0.9179797586418114,-1.1539917944312847,-0.44063125659122476,0,0,1,0,0,0,0,0
0.3540842331171487,0,1,-0.07167033579880762,-0.3746081412981823,-0.5870729848028888,-0.36174528795030664,0.6237046378922418,0.9565065772956262,0.2805460513392052,2,3,3,8,2,0,0,0,0,0,0,-0.5213325076593126,-0.23267151279389217,-0.23884757960130462,0.15252443051595743,-0.44063125659122476,0,1,0,0,0,0,1,0
0.7188153022570963,0,1,-1.6954628668712808,-0.5053766135849327,-0.38566354818407655,-0.4773217886710973,-0.40462352575931043,-0.6024691654030272,-0.26611646952157153,1,3,2,5,2,0,0,0,0,0,0,0.9399578909330122,-0.7339307135252758,-0.5892597604330158,-0.5007336819576637,-0.44063125659122476,0,1,0,0,1,0,0,0
0.9494306443295292,0,0,1.0338905364207485,0.8706643561597353,3.5166442863054117,1.9142227262437255,2.478367933049506,3.392406175262272,4.009565390068075,1,5,6,4,3,0,0,0,0,0,0,0.3382500797479373,0.39266174752446764,2.2407357571411843,0.15252443051595743,-0.44063125659122476,0,1,0,0,1,0,0,0
-0.03149262664279334,1,0,-0.7280971036791691,0.11280161904334148,0.14303622294030569,0.2828159660694876,-0.05572647023467663,0.1283007139869666,-0.070879854928437,5,10,5,4,9,1,0,0,0,0,0,-1.8107063887701873,0.2809950938961891,0.17664114909915282,1.197737410473751,1.033090511708265,0,0,0,0,0,1,0,0
-1.526815058959293,1,0,-0.34806055385369666,-0.8322977943018084,-0.6374253439575919,-0.6684675398631742,-0.4597125345263579,-0.6024691654030272,-0.7542080060044078,3,4,0,3,8,0,0,0,0,0,0,0.08037530352576235,-0.3617085347643474,-0.9079679820466197,-0.6313853044523878,-0.44063125659122476,0,1,0,0,1,0,0,0
-0.43234078469963017,1,0,-0.6935483264223079,-0.8798499660424448,-0.5618968052255373,-0.6506865397522833,-0.5698905520604528,-0.5781101694233607,-0.5394477299519599,1,1,0,3,5,0,0,0,0,0,0,-0.7792072838814875,-0.795967743318764,-0.9129738703442155,-1.2846434169260088,-0.44063125659122476,0,1,0,0,1,0,0,0
-0.9190548623215228,0,1,0.48111010031097046,-0.7996056762301208,-0.6626015235349434,-0.7307010402512922,-0.6800685695945476,-0.6511871573623601,-0.8127789903823482,2,1,0,4,5,0,0,0,0,0,0,-0.09154121395568762,-0.5701529548704674,-0.9430092001297907,-1.0233401719365605,-0.44063125659122476,0,0,0,1,0,1,0,0
-1.0095115402703077,1,1,-0.5553532173948634,-0.8590458909059164,-0.6626015235349434,-0.6862485399740651,-0.5515275491381036,-0.5781101694233607,-0.715160683085781,3,2,0,3,7,0,0,0,0,0,0,-0.1774994726964126,0.5167358071114438,-0.9346660529671309,-0.8926885494418363,-0.44063125659122476,0,1,0,0,0,0,0,1
1.333789547783584,0,0,0.44656132305410934,0.41891872462368873,-0.03319703410115505,2.398754979265502,0.7889716641933842,1.200096537092291,0.08530943674607064,1,6,5,12,2,0,0,0,1,0,0,1.197832667155187,-0.3095974297378174,1.2946228688955643,1.197737410473751,1.033090511708265,0,1,0,0,1,0,0,0
0.08613384582193931,1,1,-1.4536214260732527,-0.43404835597397795,-0.6626015235349434,-0.4017525381998111,-0.44134953160400875,-0.4806741855046949,0.53435365031028,6,4,4,3,5,0,0,0,0,0,0,-0.2634577314371376,-0.2028937384930179,-0.46578118242565086,0.28317605301068166,-0.44063125659122476,0,0,1,0,1,0,0,0
-0.8643405175032003,1,0,-0.07167033579880762,-0.7758295903598026,-0.6122491643802404,-0.6195697895582243,-0.6800685695945476,-0.43195619354536197,-0.6175423757892137,3,3,0,4,7,0,0,0,0,0,0,-0.34941599017786257,0.7003654153001685,-0.852903210773065,-0.6313853044523878,-0.44063125659122476,0,1,0,0,1,0,0,0
1.3761837961231231,0,1,-1.1081336535046415,2.0802727248121755,-0.36048736860672503,-0.09503028628694349,-0.09245247607937493,-0.3588792056063626,-0.1489745007656908,3,10,3,5,5,0,0,0,1,0,0,0.5101665972293873,0.6556987538488571,1.0626833777736222,0.8057825429895785,1.033090511708265,0,0,0,1,1,0,0,0
-1.0224406149020344,1,0,-0.6589995491654468,-0.8887659982438142,-0.5870729848028888,-0.6906937900017878,-0.4597125345263579,-0.5293921774640278,-0.6761133601671541,1,2,0,3,6,0,0,0,0,0,0,-1.2089985775851124,-0.7562640442509315,-0.932997423534599,-1.1539917944312847,-0.44063125659122476,0,1,0,0,1,0,0,0
0.5995961177000495,1,0,-0.07167033579880762,-0.00310679957445992,-0.6626015235349434,0.5050784674556236,0.4217116057464012,2.9295852516486094,-0.5589713914112733,4,8,2,11,6,0,0,0,0,0,0,-0.1774994726964126,-0.7661899690178896,0.3351609451896888,1.3283890329684753,-0.44063125659122476,0,1,0,0,1,0,0,0
-1.075046958421706,0,0,0.3429149912835259,-0.29139184075206853,-0.6626015235349434,-0.5351100390314927,-0.6249795608275003,-0.6024691654030272,-0.6175423757892137,2,5,1,5,8,0,0,0,0,0,0,-0.6932490251407625,0.697883934108429,-0.5592244306474404,-0.2394304369682152,-0.44063125659122476,0,0,0,1,1,0,0,0
1.6750046913252457,0,0,0.44656132305410934,2.838135461928569,3.667701363769521,2.883287232287278,1.1011427138733196,2.953944247628276,-0.20754548514363116,1,7,11,10,4,1,0,1,1,0,0,-1.6387898712887374,-0.014301167920814145,3.203534939712124,1.8509955229473722,3.980534048307244,0,1,0,0,0,0,1,0
-0.25761089927810377,1,1,-1.4881702033301138,-0.701529322015058,-0.6626015235349434,-0.6684675398631742,-0.6800685695945476,-0.6511871573623601,-0.6956370216264675,3,2,0,4,7,0,0,0,0,0,0,-0.2634577314371376,-0.14581967108300886,-0.854571840205597,-0.762036926947112,-0.44063125659122476,0,0,1,0,0,1,0,0
0.9382816596833299,1,0,1.5175734180168043,1.046012989453332,1.3514928426531794,1.2829972223070993,0.27480758236760805,1.955225412461951,0.9638742024151761,2,8,4,8,4,1,0,1,0,0,0,-1.4668733538072873,0.47703210804361146,1.3997465231450776,0.9364341654843027,2.506812280007755,0,1,0,0,1,0,0,0
-0.9517523046872668,1,0,-1.1772312080183638,-0.6836972576123194,-0.6626015235349434,-0.5528910391423836,-0.6433425637498494,-0.6268281613826937,-0.7346843445450945,2,2,1,4,7,0,0,0,0,0,0,-0.8651655426222125,0.598624686438848,-0.7995070689320424,-0.762036926947112,-0.44063125659122476,0,0,0,1,1,0,0,0
-0.4959555794455907,1,0,-0.8662922127066136,-0.5707608497283078,-0.18425411156526428,-0.6462412897245606,-0.38626052283696133,-0.3101612136470297,-0.7542080060044078,3,4,1,4,7,0,0,0,0,0,0,0.08037530352576235,-0.39148630906522164,-0.6960520441150609,-0.37008205946293943,-0.44063125659122476,0,0,1,0,0,0,0,0
-1.5427890243557383,1,0,-0.20986544482625213,-0.8857939875100244,-0.6626015235349434,-0.7129200401404014,-0.6433425637498494,-0.6268281613826937,-0.8323026518416616,2,1,0,3,7,0,0,0,0,0,0,-1.2949568363258375,-0.758745525442671,-0.9813876770780258,-1.1539917944312847,-0.44063125659122476,0,0,0,1,1,0,0,0
-0.4702848080753504,1,0,-1.246328762532086,-0.8085217084314902,0.19338858209500878,-0.5573362891701062,0.6604306437369402,-0.26144322168769674,1.4129184159793853,3,4,2,3,7,0,0,0,0,0,0,-1.6387898712887374,0.3082913870053239,-0.4874733650485663,-0.37008205946293943,-0.44063125659122476,0,1,0,0,0,0,1,0
-0.99531766485939,1,0,-1.211779985275225,-0.8739059445748653,-0.6122491643802404,-0.6684675398631742,-0.47807553744870707,-0.6024691654030272,-0.4418294226553926,1,1,0,3,8,0,0,0,0,0,0,-0.2634577314371376,0.6234394983562433,-0.9046307231815557,-1.2846434169260088,-0.44063125659122476,0,1,0,0,1,0,0,0
-0.8974127156553712,1,0,-0.002572781285085367,-0.864989912373496,-0.5870729848028888,-0.6640222898354515,-0.5515275491381036,-0.5781101694233607,-0.7932553289230347,2,2,0,4,5,0,0,0,0,0,0,-0.8651655426222125,-0.5378936993778536,-0.931328794102067,-0.8926885494418363,-0.44063125659122476,0,0,1,0,1,0,0,0
0.41769902786310925,1,1,0.7920490956227206,0.8795803883611045,-0.1339017524105612,-0.17059953675822973,3.4148810820893125,3.002662239587609,1.6472023534911469,13,2,2,12,8,0,0,0,0,0,0,-0.8651655426222125,0.812032068928447,1.07770104266641,1.8509955229473722,-0.44063125659122476,0,0,0,0,0,0,1,0
0.345230627662814,0,1,0.7575003183658595,0.21979400545977354,-0.31013500945202194,-0.43731453842159285,-0.33117151406991385,-0.3101612136470297,-0.5784950528705868,2,3,5,8,3,0,0,0,0,0,0,1.6276239608588121,0.09488400451572487,-0.16209062570483457,0.41382767550540583,-0.44063125659122476,0,0,0,1,0,0,1,0
-0.5561975721137095,0,1,0.41201254579724816,-0.6331730751378931,0.9738501489929063,-0.5084385388651563,-0.4964385403710562,0.4206086657429641,-0.3051637924401984,3,3,2,6,5,0,0,0,0,0,0,-0.43537424891858756,0.5812543180966714,-0.5241832125642694,-0.10877881447349098,-0.44063125659122476,0,1,0,0,1,0,0,0
1.1173212366487653,1,0,-0.7626458809360303,0.10685759757576192,-0.1339017524105612,-0.1439280365918934,4.057586184371533,-0.3101612136470297,0.24149872842057826,1,7,5,8,4,0,0,0,0,0,0,-1.0370820601036626,-0.7066344204161411,0.365196274975264,0.8057825429895785,-0.44063125659122476,0,0,0,0,0,0,1,0
-0.44672203800376115,1,0,-0.20986544482625213,-0.7104453542164274,-0.5618968052255373,-0.6684675398631742,-0.6800685695945476,-0.5537511734436943,-0.6370660372485272,1,3,0,3,8,0,0,0,0,0,0,-1.4668733538072873,0.4695876644683929,-0.8412228047453413,-1.0233401719365605,-0.44063125659122476,0,0,1,0,0,0,1,0
1.092821577111109,0,0,-0.5208044401380023,1.2391936871496678,2.131954409551077,3.372264735336777,1.1011427138733196,-0.21272522972836383,-0.500400407033333,1,7,6,5,5,0,0,0,0,0,0,-0.2634577314371376,0.8145135501201866,2.145623879486863,0.5444792980001301,-0.44063125659122476,0,0,1,0,1,0,0,0
1.0467734598539076,0,0,1.172085645448193,-0.31219591588859696,0.9990263285702579,0.6606622184259187,1.1011427138733196,3.5872781430996037,-0.05135619346912354,1,4,3,5,2,0,0,0,0,0,0,1.197832667155187,0.3901802663327281,0.4803317058199691,-0.2394304369682152,-0.44063125659122476,0,1,0,0,1,0,0,0
-0.11323623255715355,1,1,-1.557267757843836,0.8914684312962636,-0.6626015235349434,-0.2950665375344658,-0.33117151406991385,-0.6511871573623601,-0.3051637924401984,9,10,2,8,8,0,0,0,0,0,0,-0.1774994726964126,0.34303212368967717,0.24505495583296308,1.8509955229473722,-0.44063125659122476,0,0,1,0,1,0,0,0
-0.8360933001012752,1,1,0.6884027638521372,-0.5024046028511429,-0.6374253439575919,-0.5573362891701062,-0.4964385403710562,-0.6268281613826937,0.45625900447302625,5,3,3,3,6,1,0,0,0,0,0,1.455707443377362,0.020439568763539178,-0.5825852427028879,-0.10877881447349098,1.033090511708265,0,1,0,0,0,0,1,0
0.5589819593460378,0,0,-0.7280971036791691,0.16332580151776774,0.2185647616723603,0.656216968398196,1.0276907021839232,2.174456376278949,0.8857795565779222,1,7,3,13,4,0,0,0,0,0,0,-0.7792072838814875,0.4025876722914257,0.6705554611286123,1.197737410473751,-0.44063125659122476,0,0,0,0,0,0,1,0
1.3428773756044354,0,0,-0.8317434354497525,0.6031833901186551,1.6787831771587494,1.571938474109076,3.7637781376139468,0.32317268182429826,-0.3442111153588253,1,5,10,5,1,0,0,0,1,0,0,2.143373513303162,-0.4584863012421888,1.3747170816570984,0.8057825429895785,1.033090511708265,0,1,0,0,1,0,0,0
-2.0809383336647183,1,0,-1.4536214260732527,-0.8976820304451835,-0.46119208691613117,-0.6906937900017878,-0.6249795608275003,-0.4563151895250284,-0.4418294226553926,4,3,2,2,7,0,0,0,0,0,0,-0.8651655426222125,0.18669880861008722,-0.9196483880743433,-0.5007336819576637,-0.44063125659122476,0,0,0,0,0,0,1,0
-0.4654598273251045,0,1,-1.1772312080183638,-0.823381762100439,-0.5367206256481858,-0.704029540084956,-0.5331645462157545,-0.5781101694233607,-0.6175423757892137,3,3,0,4,4,0,0,0,0,0,0,-0.7792072838814875,-0.5031529626935002,-0.9029620937490237,-0.6313853044523878,-0.44063125659122476,0,1,0,0,0,0,0,0
1.121584083719371,0,0,0.8265978728795818,0.5318551325077003,-0.6626015235349434,1.887551226077389,2.1845598862919196,-0.6511871573623601,-0.6175423757892137,1,3,5,10,1,0,0,0,0,0,0,2.229331772043887,-0.6272270222804763,1.0643520072061543,0.5444792980001301,-0.44063125659122476,0,0,0,1,1,0,0,0
0.6981100450570119,0,0,0.8265978728795818,-0.18142744360184668,1.8801926137775615,1.0607347209209634,-0.14754148484642238,0.32317268182429826,-0.070879854928437,1,4,5,6,2,0,0,0,0,0,0,0.16633356226648732,0.017958087571799657,0.4235983051138826,0.15252443051595743,-0.44063125659122476,0,1,0,0,0,0,1,0
0.24254754218185262,0,0,-1.0390360989909193,-0.365692109096813,-0.1339017524105612,-0.4328692883938701,0.03608854437706911,-0.5781101694233607,1.0224451867931164,1,3,3,6,3,0,0,0,0,0,0,-0.34941599017786257,-0.3368937228469522,-0.32561631009296643,-0.2394304369682152,-0.44063125659122476,0,1,0,0,0,0,1,0
-1.2228412716938013,1,0,0.0665247732286369,-0.8887659982438142,-0.6122491643802404,-0.704029540084956,-0.6433425637498494,-0.6024691654030272,-0.6761133601671541,1,0,1,2,7,0,0,0,0,0,0,-0.1774994726964126,0.6854765281497314,-0.9613641238876423,-1.415295039420733,-0.44063125659122476,0,1,0,0,0,0,0,0
1.1961604852183172,0,0,1.2411831999619152,1.102481193395338,-0.38566354818407655,1.0385084707823498,-0.40462352575931043,0.4449676617226306,-0.6370660372485272,1,2,5,10,1,0,0,1,0,0,0,1.885498737080987,-0.5627085112952488,0.9225185054409378,0.41382767550540583,1.033090511708265,0,1,0,0,0,1,0,0
0.7073852507710768,0,0,1.5175734180168043,0.41594671388989896,0.4451503778685241,0.9584939702833408,-0.47807553744870707,-0.4563151895250284,-0.5199240684926464,1,3,7,13,2,0,0,0,0,0,1,-0.7792072838814875,-0.5602270301035093,0.5036925178754165,1.197737410473751,-0.44063125659122476,0,1,0,0,1,0,0,0
0.6229246654051219,0,0,-1.5918165351006972,1.7414635011601405,0.9234977898382032,0.5584214677882962,-0.6800685695945476,-0.04221225787069863,-0.6175423757892137,4,8,4,7,6,0,0,0,0,0,0,0.3382500797479373,0.7971431817780099,1.1310971845074327,1.067085787979027,-0.44063125659122476,0,0,0,1,0,0,1,0
0.38771856494895995,1,2,-0.002572781285085367,-0.8798499660424448,-0.6374253439575919,-0.7084747901126787,-0.6433425637498494,-0.6511871573623601,-0.8518263133009751,1,0,0,3,4,0,0,0,0,0,0,-0.7792072838814875,-0.13093078393257174,-0.9780504182129618,-1.415295039420733,-0.44063125659122476,0,1,0,0,0,1,0,0
1.308961976932804,0,1,-1.2808775397889471,-0.6926132898136887,1.8298402546228585,0.4961879674001781,2.717086971040045,2.2962513561772813,-0.1099271778470639,1,5,10,5,1,0,0,0,0,0,0,1.2837909258959121,-0.8232640364278987,0.31346876256677336,0.8057825429895785,-0.44063125659122476,0,1,0,0,0,0,0,0
0.8222947437842147,0,0,-1.5918165351006972,-0.13090326112742043,1.5025499201172885,1.745303225190262,0.4768006145134487,-0.43195619354536197,0.45625900447302625,1,4,6,4,2,0,0,0,0,0,0,-0.005582955214962636,-0.17559744538388314,0.7339633795648267,0.02187280802123322,-0.44063125659122476,0,0,0,1,0,0,1,0
0.7271536185050941,0,1,0.48111010031097046,1.3461860735661,1.3514928426531794,0.22502771570909227,-0.14754148484642238,1.2975325210109567,-0.6370660372485272,5,9,6,12,6,0,0,0,0,0,0,-0.43537424891858756,0.8517357679962795,0.9508852057939812,2.242950390431545,-0.44063125659122476,0,1,0,0,1,0,0,0
0.9544898474462918,0,0,0.10107355048549801,0.9538806567058491,0.2185647616723603,0.01165571437840176,0.38498559990170295,-0.2370842257080303,-0.3637347768181388,1,4,3,6,1,0,1,1,0,0,0,1.7135822195995372,-0.5751159172539464,0.5420709948236515,-0.10877881447349098,2.506812280007755,0,1,0,0,0,0,0,1
-0.08409897016246469,0,1,1.3448295317324988,-0.08929511085436352,-0.6626015235349434,-0.6462412897245606,-0.6066165579051511,-0.5050331814843614,-0.5589713914112733,1,5,1,6,6,0,1,0,0,0,0,0.5961248559701122,-0.7736344125931083,-0.47412432958831063,-0.2394304369682152,1.033090511708265,0,1,0,0,0,0,1,0
1.128142309981841,0,0,0.7920490956227206,2.01786049940259,-0.15907793198791273,0.9896107204774,3.7270521317692484,0.5667626416209629,-0.070879854928437,1,3,5,13,6,0,0,0,1,0,0,1.197832667155187,0.37032841679881195,1.865294134821494,0.9364341654843027,1.033090511708265,0,1,0,0,0,0,1,0
1.5129228136956259,0,0,-0.7626458809360303,0.3862266065520012,2.786535078562217,1.0385084707823498,0.146266561911164,2.685995291851945,0.026738452368130272,1,3,4,10,1,0,0,0,0,0,0,-1.6387898712887374,-0.48578259435132354,0.9909323121747481,0.41382767550540583,-0.44063125659122476,0,1,0,0,1,0,0,0
0.6372590742359495,0,1,-0.9353897672203358,0.27626220940177937,-0.18425411156526428,-0.4328692883938701,-0.4597125345263579,-0.6511871573623601,-0.6761133601671541,1,4,4,8,2,0,0,0,0,0,0,0.4242083384886623,-0.6545233153896112,-0.16375925513736653,0.28317605301068166,-0.44063125659122476,0,0,0,1,1,0,0,0
0.8097872694122181,0,0,-1.557267757843836,0.5704912720469675,0.14303622294030569,3.0344257332298508,3.5250590996234075,0.51804464966163,1.6472023534911469,2,5,3,6,4,0,0,0,1,0,0,-0.2634577314371376,0.7624024450936566,1.9654119007734114,0.15252443051595743,1.033090511708265,0,1,0,0,1,0,0,0
0.4020061293064842,0,1,0.8265978728795818,0.4575548641629559,-0.6626015235349434,-0.6329055396413925,-0.5698905520604528,-0.5537511734436943,-0.18802182368431772,2,6,2,8,6,0,0,0,0,0,0,-0.1774994726964126,-0.49819000031002114,-0.13038666648672737,0.41382767550540583,-0.44063125659122476,0,0,0,1,0,1,0,0
0.7908621021976614,0,1,0.8265978728795818,-0.3627200983630232,-0.6122491643802404,-0.5217742889483244,-0.36789751991461217,-0.33452020962669615,-0.46135308411470605,1,3,1,7,2,0,0,0,0,0,0,0.8539996321922873,-0.14333818989126934,-0.535863618591993,-0.37008205946293943,-0.44063125659122476,0,0,0,1,0,0,0,0
0.9260552521511534,0,0,-1.6954628668712808,0.0949695546406028,2.610301821520756,1.0874062210872997,3.7270521317692484,0.1283007139869666,-0.012308870550496634,1,4,7,5,2,0,0,0,0,0,0,0.9399578909330122,-0.592486285596123,0.9809205355795564,0.28317605301068166,-0.44063125659122476,0,0,0,1,0,1,0,0
1.486924131012262,1,1,0.2738174367698037,1.6701352435491859,-0.1339017524105612,-0.06835878612060718,-0.16590448776877154,-0.13964824178936447,0.8272085721999819,3,2,2,12,5,0,0,0,0,0,0,0.08037530352576235,0.1842173274183477,0.9492165763614492,0.5444792980001301,-0.44063125659122476,0,0,0,1,0,0,0,0
1.2400537567035639,0,0,-1.246328762532086,-0.01796685324340882,0.01715532505354802,2.3587477290159975,3.2863400616328686,-0.06657125385036508,2.389101488945058,1,4,6,5,2,0,0,0,0,0,0,-1.4668733538072873,0.3876987851409886,1.3747170816570984,0.15252443051595743,-0.44063125659122476,0,1,0,0,0,0,1,0
-0.6427661587783156,0,1,-1.0390360989909193,-0.21114755093974447,-0.6626015235349434,-0.6373507896691152,-0.6800685695945476,-0.6511871573623601,-0.6175423757892137,4,5,1,5,8,0,0,0,0,0,0,0.7680413734515622,0.2834765750879286,-0.5608930600799724,0.02187280802123322,-0.44063125659122476,0,0,0,1,0,0,1,0
0.5204758022906774,0,0,1.1375368681913318,-0.3270559695575459,0.8731454306835001,1.3941284730001673,3.451607087934011,2.0770203923602835,-0.26611646952157153,1,3,4,8,2,0,0,0,0,0,0,0.8539996321922873,-0.28974558020390123,0.8307438866516802,0.15252443051595743,-0.44063125659122476,0,1,0,0,0,0,0,0
0.8645953031771473,0,1,1.206634422705054,0.7398958838729849,-0.03319703410115505,-0.10836603637011165,0.513526620358147,0.9808655732752927,-0.6956370216264675,3,6,3,13,4,0,0,0,0,0,0,-0.6072907664000375,0.3479950860731562,0.42693556397894644,1.3283890329684753,-0.44063125659122476,0,0,1,0,0,1,0,0
0.13260356333887072,0,1,1.3102807544756376,-0.3181399373561765,2.031249691241671,0.26948021598631944,-0.5515275491381036,0.785993605437961,1.7057733378690871,3,5,2,11,4,0,0,0,0,0,0,0.8539996321922873,-0.13093078393257174,0.20667647888472807,0.8057825429895785,-0.44063125659122476,0,1,0,0,0,0,1,0
-0.7113933121677355,1,1,0.10107355048549801,-0.8739059445748653,-0.6626015235349434,-0.7262557902235696,-0.6800685695945476,-0.6511871573623601,-0.7737316674637214,1,1,0,2,6,0,0,0,0,0,0,0.5101665972293873,0.17925436503486866,-0.9797190476454938,-1.415295039420733,-0.44063125659122476,0,0,0,1,0,1,0,0
0.3877654094222633,0,1,-1.5918165351006972,0.5883233364497061,-0.18425411156526428,-0.15281853664733883,-0.6800685695945476,-0.5050331814843614,-0.3442111153588253,6,6,2,11,6,0,0,0,0,0,0,1.799540478340262,0.4968839575775276,0.1349254132858539,1.3283890329684753,-0.44063125659122476,0,0,0,1,0,1,0,0
0.842203644938142,0,1,1.5866709725305266,0.023641297029648095,-0.1339017524105612,0.17612996540414236,1.1929577284850654,1.5898404727669542,2.0571992441367293,3,7,3,10,5,0,0,0,0,0,0,-0.005582955214962636,0.1321062223918177,0.46364541149464955,1.067085787979027,-0.44063125659122476,0,1,0,0,0,0,0,0
0.10772914801478749,0,1,1.69031730430111,-0.31219591588859696,-0.36048736860672503,-0.6017887894473334,-0.6249795608275003,-0.3588792056063626,-0.715160683085781,1,3,3,5,3,0,0,0,0,0,0,-0.34941599017786257,-0.5527825865282907,-0.5675675778101003,-0.37008205946293943,-0.44063125659122476,0,0,0,1,1,0,0,0
0.930973921848006,0,0,0.17017110499922028,0.14846574784881883,-0.1339017524105612,0.6428812183150279,2.3865529184377605,1.1757375411126243,-0.2270691466029446,1,9,3,4,4,0,0,0,0,0,0,-0.1774994726964126,-0.2351529939856317,0.5937985072321422,0.28317605301068166,-0.44063125659122476,0,1,0,0,0,0,1,0
-0.9036430306047178,0,0,-0.5899019946517245,-0.716389375684007,3.1390015926451382,-0.13059228650872523,2.129470877524872,-0.18836623374869738,0.1829277440426379,2,4,4,8,5,0,0,0,0,0,0,0.5101665972293873,0.8765505799136747,-0.04695519486012949,0.41382767550540583,-0.44063125659122476,0,0,0,0,1,0,0,0
0.20287027329390817,0,1,1.172085645448193,0.6091274115862346,-0.6626015235349434,-0.450650288504761,-0.5515275491381036,-0.38323820158602906,-0.7542080060044078,4,7,2,9,6,0,0,0,0,0,0,0.5101665972293873,0.5614024685627552,-0.01191397677695838,0.9364341654843027,-0.44063125659122476,0,1,0,0,0,0,1,0
1.510580590030458,0,0,-1.3845238715595305,3.4890058126285304,-0.18425411156526428,1.0518442208655179,-0.6800685695945476,-0.18836623374869738,-0.8518263133009751,1,7,6,6,3,0,1,1,0,0,0,-1.1230403188443874,-0.0415974610299489,2.1940141330302896,0.6751309204948542,2.506812280007755,0,0,0,1,1,0,0,0
-1.7940627791549522,1,0,1.5175734180168043,-0.8739059445748653,-0.6122491643802404,-0.672912789890897,-0.6433425637498494,-0.6268281613826937,-0.7346843445450945,2,2,0,3,6,0,0,0,0,0,0,-0.6072907664000375,0.4522172961262162,-0.9480150884273866,-1.0233401719365605,-0.44063125659122476,0,1,0,0,1,0,0,0
-0.3953804952632805,2,1,1.172085645448193,-0.850129858704547,-0.6374253439575919,-0.5973435394196107,-0.5698905520604528,-0.5781101694233607,-0.3051637924401984,3,2,0,4,6,0,0,0,0,0,0,0.2522918210072123,-0.2847826178204222,-0.8612463579357248,-0.762036926947112,-0.44063125659122476,0,1,0,0,0,0,1,0
0.6299513364006256,0,0,-1.6609140896144197,-0.6926132898136887,-0.10872557283320966,-0.2417235372017932,1.854025833689635,1.5167634848279548,-0.285640130980885,1,2,3,13,1,0,0,0,0,0,0,-1.2949568363258375,-0.02670857387951176,-0.23884757960130462,0.5444792980001301,-0.44063125659122476,0,0,0,0,1,0,0,0
0.6255011114368066,0,0,-1.3845238715595305,0.24951411279767133,-0.31013500945202194,0.22947296573681497,0.9909646963392248,-0.3101612136470297,-0.4418294226553926,1,4,3,13,2,0,0,0,0,0,0,2.143373513303162,0.271069169129231,0.2367118086703033,0.8057825429895785,-0.44063125659122476,0,1,0,0,1,0,0,0
-1.917966411042335,0,0,-0.5208044401380023,-0.8798499660424448,-0.5618968052255373,-0.6951390400295105,-0.6433425637498494,-0.6024691654030272,-0.7737316674637214,2,3,0,3,5,0,0,0,0,0,0,-1.7247481300294623,-0.7562640442509315,-0.9580268650225784,-0.8926885494418363,-0.44063125659122476,0,0,1,0,0,0,0,0
-0.49089637632882804,1,0,1.0338905364207485,-0.3954122164347108,-0.4863682664934827,0.020546214433847198,-0.22099349653581898,-0.18836623374869738,0.8857795565779222,6,8,1,5,8,0,0,0,0,0,0,-0.6932490251407625,-0.6297085034722159,-0.2038063615181335,0.6751309204948542,-0.44063125659122476,0,1,0,0,1,0,0,0
-0.22238385535397834,1,1,1.1029880909344707,-0.4073002593698699,-0.6122491643802404,-0.5440005390869381,-0.5698905520604528,-0.6024691654030272,-0.4808767455740195,7,4,2,4,8,1,0,0,0,0,0,0.5961248559701122,0.6606617162323362,-0.6076146841908673,0.28317605301068166,1.033090511708265,0,0,1,0,0,0,1,0
-0.7015091283007269,1,1,-0.002572781285085367,-0.6420891073392625,-0.5870729848028888,-0.6462412897245606,-0.6066165579051511,-0.6268281613826937,-0.3637347768181388,4,3,0,4,9,0,0,0,0,0,0,0.16633356226648732,0.8641431739549771,-0.771140368578999,-0.5007336819576637,-0.44063125659122476,0,0,0,1,1,0,0,0
-1.6131025787840791,1,0,-0.4171581083674189,-0.9036260519127631,-0.6626015235349434,-0.735146290279015,-0.5515275491381036,-0.5537511734436943,-0.7346843445450945,1,1,0,2,7,0,0,0,0,0,0,-1.7247481300294623,0.3107728681970634,-0.9780504182129618,-1.415295039420733,-0.44063125659122476,1,0,0,0,1,0,0,0
0.7050430271059089,0,0,1.69031730430111,0.48133095003327414,-0.10872557283320966,1.1807564716694767,2.0192928599907773,2.1013793883399496,1.1395871555489971,1,8,7,12,3,0,0,0,0,0,0,-1.7247481300294623,0.161883996692692,1.1310971845074327,1.720343900452648,-0.44063125659122476,0,0,0,1,0,0,1,0
0.30869193848619453,0,1,-0.8317434354497525,1.7563235548290894,-0.4108397277614281,-0.2906212875067431,-0.44134953160400875,-0.6511871573623601,2.11577022851467,5,3,4,8,8,0,0,0,0,0,0,0.4242083384886623,-0.14830115227474838,0.9458793174963853,0.6751309204948542,-0.44063125659122476,0,1,0,0,1,0,0,0
-1.4892926358433032,0,0,1.724866081557971,-0.9036260519127631,-0.5115444460708343,-0.7262557902235696,-0.5515275491381036,-0.5050331814843614,-0.6175423757892137,1,1,0,3,8,0,0,0,0,0,0,-0.43537424891858756,-0.592486285596123,-0.9513523472924506,-1.2846434169260088,-0.44063125659122476,0,0,0,0,1,0,0,0
1.3598819194135545,0,0,-1.0044873217340582,1.4085982989756853,3.8187584412336304,2.3231857287942157,0.0728145502217674,0.006505734088634294,0.007214790908816819,1,8,5,11,8,0,1,1,1,0,0,-0.005582955214962636,0.35543952964837483,1.9236961649601125,1.3283890329684753,3.980534048307244,0,1,0,0,1,0,0,0
0.4350314829853518,0,0,0.8265978728795818,0.48133095003327414,-0.6626015235349434,0.2561444659031513,1.505128778165001,0.5424036456412964,1.0810161711710569,1,5,3,4,2,0,0,0,0,0,0,-0.09154121395568762,-0.08626412248126032,0.5887926189345464,-0.2394304369682152,-0.44063125659122476,0,1,0,0,0,1,0,0
0.2626906657022967,0,1,0.653853986595276,-0.7550255152232741,-0.6374253439575919,-0.6195697895582243,-0.5698905520604528,-0.4806741855046949,-0.8323026518416616,1,1,1,4,1,0,0,0,0,0,0,1.541665702118087,-0.20537521968475742,-0.854571840205597,-1.0233401719365605,-0.44063125659122476,0,0,1,0,0,0,0,0
-1.117300673341335,0,0,0.5502076548246927,-0.7877176332949617,0.16821240251765723,-0.16170903670278428,0.0728145502217674,-0.017853261891032163,0.007214790908816819,2,5,1,5,8,0,0,0,0,0,0,-0.9511238013629375,0.8095505877367075,-0.4858047356160343,-0.2394304369682152,-0.44063125659122476,0,1,0,0,0,1,0,0
-1.228041008230474,1,0,-1.0735848762477804,-0.9006540411789733,-0.5115444460708343,-0.7307010402512922,-0.6249795608275003,-0.5050331814843614,-0.3637347768181388,1,1,0,3,7,0,0,0,0,0,0,-1.2949568363258375,-0.44856037647523067,-0.9363346823996629,-1.2846434169260088,-0.44063125659122476,1,0,0,0,0,1,0,0
1.176017361697873,0,1,-0.9008409899634747,1.533422749794856,0.7724407123740941,0.33615896640216025,0.146266561911164,-0.6511871573623601,-0.6370660372485272,2,8,3,6,4,0,0,0,0,0,0,1.455707443377362,-0.4932270379265421,0.9525538352265132,0.5444792980001301,-0.44063125659122476,0,0,1,0,1,0,0,0
-0.5732958048694352,1,0,-0.2789629993399744,-0.8471578479707572,-0.6626015235349434,-0.5840077893364426,-0.5698905520604528,-0.5537511734436943,-0.5199240684926464,2,2,1,2,7,0,0,0,0,0,1,-1.2949568363258375,0.7003654153001685,-0.8729267639634485,-1.0233401719365605,-0.44063125659122476,0,0,0,1,0,1,0,0
-0.6663757733232082,1,0,1.1375368681913318,-0.8025776869639105,-0.5115444460708343,-0.6462412897245606,-0.47807553744870707,-0.5537511734436943,-0.6956370216264675,1,2,1,3,6,0,0,0,0,0,0,-0.6072907664000375,-0.49819000031002114,-0.8679208756658526,-1.0233401719365605,-0.44063125659122476,0,1,0,0,0,1,0,0
-1.6289828552339176,1,0,1.0684393136776096,-0.8768779553086551,-0.43601590733877965,-0.6906937900017878,-0.44134953160400875,-0.4075971975656955,-0.5394477299519599,4,3,1,3,8,0,0,0,0,0,0,-0.6072907664000375,-0.47337518839262593,-0.894618946586364,-0.5007336819576637,-0.44063125659122476,0,1,0,0,1,0,0,0
1.1174617700686753,0,0,-1.2808775397889471,1.2124455905455598,-0.008020854523803517,1.651952974608085,0.5869786320475435,-0.33452020962669615,0.7100666034441011,1,3,6,11,1,0,1,1,0,0,0,-1.1230403188443874,0.04277289948919489,1.391403375982418,0.8057825429895785,2.506812280007755,0,0,1,0,0,1,0,0
-0.2751307322935598,1,1,-1.3154263170458083,0.11280161904334148,-0.43601590733877965,-0.2417235372017932,-0.33117151406991385,-0.3101612136470297,-0.4808767455740195,10,5,2,9,7,0,0,0,0,0,0,-0.6072907664000375,0.0005877192296229938,-0.1487415902445789,1.4590406554631996,-0.44063125659122476,0,1,0,0,1,0,0,0
0.5453502176147605,0,0,-1.6954628668712808,1.3818502023715773,1.3514928426531794,0.38061146667938744,-0.40462352575931043,0.1770187059462995,0.41721168155439936,1,10,10,7,6,1,0,0,0,0,0,1.2837909258959121,-0.47585666958436545,1.0192990125277914,1.720343900452648,1.033090511708265,0,0,0,0,1,0,0,0
-1.5195073211239691,2,0,1.0684393136776096,-0.8857939875100244,-0.6626015235349434,-0.7218105401958469,-0.6800685695945476,-0.6511871573623601,-0.8518263133009751,1,1,0,2,7,0,0,0,0,0,0,-1.4668733538072873,-0.160708558233446,-0.9913994536732175,-1.415295039420733,-0.44063125659122476,0,0,1,0,0,1,0,0
-0.012707992848146667,0,1,-0.5899019946517245,-0.03282690691235771,-0.5115444460708343,-0.6373507896691152,-0.44134953160400875,-0.5050331814843614,0.9443505409558626,4,6,2,5,8,0,0,0,0,0,0,0.7680413734515622,0.635846904314941,-0.2855692037121994,0.28317605301068166,-0.44063125659122476,0,1,0,0,1,0,0,0
-0.4663498723178683,1,1,0.5847564320815538,-0.8352698050355981,-0.5618968052255373,-0.6951390400295105,-0.6800685695945476,-0.6024691654030272,-0.5589713914112733,1,1,0,3,4,0,0,0,0,0,0,-1.0370820601036626,-0.3095974297378174,-0.9179797586418114,-1.2846434169260088,-0.44063125659122476,0,1,0,0,0,1,0,0
-0.017439284651785854,1,0,-1.0390360989909193,-0.8887659982438142,-0.6374253439575919,-0.7262557902235696,-0.6249795608275003,5.755228785289919,6.215739134970495,0,27,0,0,1,0,0,0,0,0,0,-1.4668733538072873,0.375291379182291,0.054831200524319924,1.5896922779579237,-0.44063125659122476,0,1,0,0,0,1,0,0
1.349904046599939,0,0,1.4830246407599432,1.0995091826615482,1.6536069975813978,2.5321124800971835,0.03608854437706911,-0.6511871573623601,0.9443505409558626,1,3,11,9,1,0,0,0,0,0,0,0.9399578909330122,0.14699510954225486,1.7167861153261497,1.197737410473751,-0.44063125659122476,0,0,1,0,1,0,0,0
1.578551920793631,0,0,0.653853986595276,0.33273041334378517,0.4955027370232272,3.372264735336777,0.4217116057464012,1.955225412461951,0.046262113827443725,1,3,6,4,1,0,0,0,0,0,0,0.4242083384886623,-0.42126408336609594,1.661721344052595,-0.10877881447349098,-0.44063125659122476,0,1,0,0,0,0,0,1
1.5722279168976776,0,0,0.8265978728795818,0.9687407103747979,-0.008020854523803517,1.9764562266318435,0.12790355898881486,-0.21272522972836383,0.20245140550195134,1,6,6,6,2,0,0,0,0,0,0,0.9399578909330122,-0.8307084800031173,1.2996287571931604,0.5444792980001301,-0.44063125659122476,0,0,0,0,0,1,0,0
-0.24304226808075935,1,2,1.2757319772187765,-0.6064249785337852,-0.6374253439575919,-0.5662267892255517,-0.5698905520604528,-0.6268281613826937,0.6319719576068473,4,3,2,3,6,1,0,0,0,0,0,0.2522918210072123,-0.22770855041041313,-0.6359813845439105,-0.37008205946293943,1.033090511708265,0,0,0,1,0,1,0,0
1.3722957048389444,0,0,0.9647929819070262,0.5615752398455982,1.099731046879664,0.7006694686754231,2.000929857068428,0.32317268182429826,0.788161249281355,1,3,7,11,1,0,0,0,0,0,0,-1.7247481300294623,0.00555068161310204,0.9225185054409378,0.9364341654843027,-0.44063125659122476,0,1,0,0,0,1,0,0
-1.200074857668369,1,0,-1.522718980586975,-0.8917380089776039,-0.6374253439575919,-0.7173652901681241,-0.6433425637498494,-0.6511871573623601,-0.7737316674637214,1,1,0,2,7,0,0,0,0,0,0,-0.005582955214962636,0.07006919259832964,-0.9813876770780258,-1.415295039420733,-0.44063125659122476,0,1,0,0,1,0,0,0
-0.5169419034854953,1,1,-0.5899019946517245,-0.7550255152232741,-0.5618968052255373,-0.5440005390869381,-0.4964385403710562,-0.4075971975656955,-0.012308870550496634,3,3,1,3,9,0,0,0,0,0,0,1.455707443377362,0.18918028980182675,-0.7394364093608919,-0.6313853044523878,-0.44063125659122476,0,1,0,0,0,1,0,0
-1.7391610564434163,1,0,-1.6609140896144197,-0.864989912373496,-0.5870729848028888,-0.704029540084956,-0.5515275491381036,-0.5537511734436943,-0.5394477299519599,2,1,0,3,9,0,0,0,0,0,0,-1.2949568363258375,0.7624024450936566,-0.9229856469394072,-1.1539917944312847,-0.44063125659122476,0,0,0,0,1,0,0,0
0.4808453778760362,0,0,-0.002572781285085367,1.450206449248742,-0.6626015235349434,0.48285221731700995,0.146266561911164,0.4449676617226306,1.6081550305725199,1,4,8,5,3,0,0,0,0,0,0,1.0259161496737372,0.04029141829745536,1.1327658139399646,0.41382767550540583,-0.44063125659122476,0,1,0,0,1,0,0,0
-0.42878060472857493,0,1,-1.1772312080183638,-0.6926132898136887,-0.6626015235349434,-0.6818032899463424,-0.6249795608275003,-0.6268281613826937,-0.8518263133009751,2,1,1,4,4,0,0,0,0,0,0,0.5961248559701122,-0.20537521968475742,-0.8612463579357248,-0.8926885494418363,-0.44063125659122476,0,0,0,1,1,0,0,0
-1.135476328983038,1,0,1.413927086246221,-0.4518804203767166,-0.43601590733877965,-0.20171628695228874,-0.4597125345263579,-0.3588792056063626,0.026738452368130272,4,6,2,4,8,0,0,0,0,0,0,-0.7792072838814875,0.8715876175301956,-0.42239681717981997,0.15252443051595743,-0.44063125659122476,0,0,0,1,0,0,1,0
-0.2384983541703336,1,1,1.206634422705054,-0.8382418157693879,-0.6122491643802404,-0.6951390400295105,-0.5698905520604528,-0.5537511734436943,-0.18802182368431772,2,1,2,2,4,0,0,0,0,0,0,-0.005582955214962636,0.10729141047442249,-0.8779326522610443,-1.0233401719365605,-0.44063125659122476,0,0,0,0,1,0,0,0
0.9165458240705716,0,0,1.3102807544756376,-0.4221603130388188,0.16821240251765723,-0.1883805368691206,0.05445154729941826,0.030864730068300754,2.506243457700939,2,3,4,7,1,0,0,0,0,0,0,0.3382500797479373,0.38025434156577004,-0.07532189521317277,0.15252443051595743,-0.44063125659122476,0,0,0,0,0,0,1,0
-1.3046317220814647,1,0,1.0338905364207485,-0.8768779553086551,-0.6374253439575919,-0.7129200401404014,-0.6249795608275003,-0.6511871573623601,-0.7737316674637214,1,1,0,2,8,0,0,0,0,0,0,-1.2089985775851124,0.23880991363661722,-0.9697072710503021,-1.415295039420733,-0.44063125659122476,0,1,0,0,0,1,0,0
-0.5442522314213531,1,0,1.1375368681913318,-0.7936616547625412,-0.6626015235349434,-0.6640222898354515,-0.6800685695945476,-0.6511871573623601,-0.7932553289230347,1,2,0,3,7,0,0,0,0,0,0,0.16633356226648732,-0.17559744538388314,-0.9129738703442155,-1.1539917944312847,-0.44063125659122476,0,0,0,1,0,1,0,0
1.0882776632006832,0,1,1.0338905364207485,0.7101757765350871,-0.4108397277614281,0.17168471537641963,2.258011897981316,2.832149267729944,0.749113926362728,1,6,3,6,3,0,0,0,0,0,0,0.9399578909330122,0.7946617005862704,0.8991576933854905,0.15252443051595743,-0.44063125659122476,0,0,1,0,0,1,0,0
1.0844364163898077,0,1,1.172085645448193,0.8290562058866783,0.19338858209500878,0.6339907182595824,-0.4597125345263579,-0.115289245809698,1.5886313691132063,2,5,4,8,3,0,0,0,0,0,0,0.5961248559701122,0.44477285255099763,0.802377186298637,0.5444792980001301,-0.44063125659122476,0,1,0,0,0,0,1,0
-0.7397810629895706,0,1,-0.10621911305566875,-0.4370203667077677,0.4199741982911726,-0.17504478678595242,0.5686156291251944,0.7129166174989616,-0.12945083930637735,6,3,8,4,4,1,0,0,0,0,0,1.2837909258959121,0.4199580406336024,-0.19379458492294177,0.8057825429895785,1.033090511708265,0,1,0,0,0,1,0,0
0.04322430827606313,1,0,-1.4536214260732527,0.23762606986251222,-0.03319703410115505,0.5584214677882962,1.7071218103108416,0.3475316778039647,0.39768802009508586,3,8,8,6,6,1,0,0,0,0,0,-0.34941599017786257,-0.05648634818038604,0.5537514008513752,1.3283890329684753,1.033090511708265,0,1,0,0,1,0,0,0
-0.7672319243453386,1,0,0.9647929819070262,-0.8144657298990697,-0.5367206256481858,-0.6373507896691152,-0.6066165579051511,-0.6268281613826937,-0.7737316674637214,1,2,0,3,7,0,0,0,0,0,0,-0.7792072838814875,-0.5701529548704674,-0.8962875760188959,-1.1539917944312847,-0.44063125659122476,0,0,1,0,0,1,0,0
-0.07730652153347774,1,0,0.895695427393304,-0.6093969892675749,-0.33531118902937346,-0.4462050384770383,0.1095405560664657,-0.4563151895250284,-0.7737316674637214,3,4,1,5,7,0,0,0,0,0,0,-1.1230403188443874,-0.0415974610299489,-0.619295090218591,-0.2394304369682152,-0.44063125659122476,0,1,0,0,0,0,1,0
0.10505901303649606,0,0,0.7920490956227206,-0.5261806887214611,-0.5618968052255373,-0.4150882882829792,-0.40462352575931043,-0.5050331814843614,-0.6370660372485272,1,2,1,7,2,0,0,0,0,0,0,-0.005582955214962636,0.13458770358355723,-0.6142892019209951,-0.5007336819576637,-0.44063125659122476,0,1,0,0,0,0,1,0
0.9506954451087198,0,0,1.5175734180168043,1.521534706859697,0.39479801871382103,1.2607709721684857,0.32989659113465547,0.7129166174989616,2.1548175514332963,1,3,10,8,2,0,0,0,0,0,0,0.5961248559701122,0.25369880078705437,1.6166683493742322,0.9364341654843027,-0.44063125659122476,0,0,1,0,0,1,0,0
1.204358268046405,0,0,0.8265978728795818,2.6627868286349723,1.9808973320869676,2.6299079807070833,-0.6800685695945476,0.37189067378363116,2.0181519212181023,1,4,2,6,2,0,1,1,0,0,0,1.885498737080987,0.33062471773097957,2.7496677340634315,-0.2394304369682152,2.506812280007755,0,0,1,0,0,0,1,0
0.022987495809012343,0,2,0.23926865951294254,-0.026882885444778154,2.006073511664319,0.4650712172061191,0.6971566495816385,1.735994448644953,0.41721168155439936,4,6,4,12,6,0,0,0,0,0,0,-0.005582955214962636,0.4199580406336024,0.5103670356055443,1.4590406554631996,-0.44063125659122476,0,1,0,0,1,0,0,0
0.04922040085889298,0,1,1.4830246407599432,1.640415136211288,-0.6626015235349434,-0.4017525381998111,-0.4597125345263579,-0.43195619354536197,3.033382317102402,7,9,6,9,8,0,0,0,0,0,0,1.1118744084144623,0.6333654231232014,0.9141753582782781,2.112298767936821,-0.44063125659122476,0,0,1,0,1,0,0,0
-0.037395030279016486,1,1,1.0338905364207485,-0.8263537728342288,-0.6374253439575919,-0.6906937900017878,-0.6800685695945476,-0.6268281613826937,-0.3637347768181388,2,1,0,3,3,0,0,0,0,0,0,1.197832667155187,-0.37163445953130547,-0.9012934643164918,-1.1539917944312847,-0.44063125659122476,0,0,1,0,0,1,0,0
-0.06568909215424489,0,1,-0.8317434354497525,-0.5707608497283078,-0.6626015235349434,-0.7129200401404014,-0.6433425637498494,-0.6268281613826937,-0.5784950528705868,2,3,1,3,6,0,0,0,0,0,0,0.9399578909330122,-0.47337518839262593,-0.7828207746067228,-0.762036926947112,-0.44063125659122476,0,0,0,1,0,0,0,1
-0.44634728221733433,1,0,0.6884027638521372,-0.8590458909059164,-0.6122491643802404,-0.6951390400295105,-0.6800685695945476,-0.6268281613826937,-0.7737316674637214,1,1,0,3,7,0,0,0,0,0,0,-0.2634577314371376,-0.6073751727465602,-0.9546896061575144,-1.2846434169260088,-0.44063125659122476,0,0,1,0,0,1,0,0
-0.6857225407974952,1,1,-0.10621911305566875,-0.8709339338410755,-0.6374253439575919,-0.7307010402512922,-0.6433425637498494,-0.6268281613826937,-0.7346843445450945,1,0,0,3,6,0,0,0,0,0,0,-0.5213325076593126,0.2834765750879286,-0.9697072710503021,-1.415295039420733,-0.44063125659122476,0,0,0,0,1,0,0,0
-0.6857225407974952,1,1,-0.10621911305566875,-0.8709339338410755,-0.6374253439575919,-0.7307010402512922,-0.6433425637498494,-0.6268281613826937,-0.7346843445450945,1,0,0,3,6,0,0,0,0,0,0,-0.5213325076593126,0.2834765750879286,-0.9697072710503021,-1.415295039420733,-0.44063125659122476,0,0,0,0,1,0,0,0
-1.0104952742096782,1,0,-1.0390360989909193,-0.8620179016397062,-0.6626015235349434,-0.6329055396413925,-0.6249795608275003,-0.5781101694233607,-0.8127789903823482,1,3,0,2,9,0,0,0,0,0,0,-0.43537424891858756,0.11225437285790153,-0.931328794102067,-1.1539917944312847,-0.44063125659122476,0,0,0,1,0,0,1,0
-2.3176434572665876,1,0,-0.24441422208311328,-0.9006540411789733,-0.6374253439575919,6.928464757514953,-0.6617055666721985,-0.6268281613826937,-0.8323026518416616,15,0,28,0,1,0,0,0,0,0,0,-0.8651655426222125,0.48695803281056954,1.8786431702817497,3.6801182378735113,-0.44063125659122476,0,1,0,0,1,0,0,0
-0.3463343317146644,0,1,1.69031730430111,0.6953157228661382,-0.33531118902937346,-0.3350737877839703,-0.36789751991461217,-0.5050331814843614,-0.3442111153588253,6,6,2,11,5,0,1,0,0,0,0,0.2522918210072123,0.04029141829745536,0.14493718988104565,1.3283890329684753,1.033090511708265,0,1,0,0,1,0,0,0
-1.4317207781534758,1,0,-1.6609140896144197,-0.8679619231072857,-0.6122491643802404,-0.6640222898354515,-0.5698905520604528,-0.6268281613826937,-0.6565896987078406,2,2,0,3,8,0,0,0,0,0,0,-0.2634577314371376,0.22888398886965913,-0.9279915352370031,-1.0233401719365605,-0.44063125659122476,0,1,0,0,0,1,0,0
-0.33883921598612704,1,1,1.1375368681913318,-0.850129858704547,-0.6626015235349434,-0.7173652901681241,-0.6800685695945476,-0.6511871573623601,-0.6370660372485272,2,1,1,2,7,1,0,0,0,0,0,1.541665702118087,-0.4287085269413145,-0.9513523472924506,-1.1539917944312847,1.033090511708265,0,1,0,0,1,0,0,0
-1.3003688750108593,1,1,-1.5918165351006972,-0.8917380089776039,-0.6374253439575919,-0.7084747901126787,-0.6433425637498494,-0.6268281613826937,-0.8127789903823482,2,1,0,3,4,0,0,0,0,0,0,-0.09154121395568762,-0.20537521968475742,-0.9797190476454938,-1.1539917944312847,-0.44063125659122476,0,1,0,0,0,1,0,0
-0.7251187428456195,1,1,-1.3845238715595305,-0.7104453542164274,-0.6626015235349434,-0.5351100390314927,-0.6066165579051511,-0.5781101694233607,-0.46135308411470605,4,3,1,3,8,0,0,0,0,0,0,0.6820831147108373,0.4174765594418629,-0.7778148863091269,-0.5007336819576637,-0.44063125659122476,0,1,0,0,1,0,0,0
-0.9389637634754501,0,1,-1.4536214260732527,-0.8352698050355981,-0.5618968052255373,-0.7173652901681241,-0.4964385403710562,-0.5293921774640278,-0.4027820997367657,1,1,0,4,3,0,0,0,0,0,0,-0.6932490251407625,-0.8331899611948568,-0.8912816877213,-1.1539917944312847,-0.44063125659122476,0,0,0,0,0,1,0,0
-1.1006240408453394,1,0,0.6193052093384149,-0.850129858704547,-0.5870729848028888,-0.6551317897800061,-0.6249795608275003,-0.5781101694233607,-0.7346843445450945,2,2,0,3,8,0,0,0,0,0,0,-1.2089985775851124,0.30332842462184484,-0.9213170175068752,-1.0233401719365605,-0.44063125659122476,0,1,0,0,0,0,1,0
1.6164490996960477,0,0,-1.3499750943026694,0.47538692856569453,0.042331504630899554,3.1411117338951957,-0.14754148484642238,-0.21272522972836383,-0.12945083930637735,0,7,4,7,2,0,0,0,1,0,0,0.6820831147108373,-0.30463446735433836,1.4097582997402696,0.41382767550540583,1.033090511708265,0,1,0,0,0,1,0,0
-0.4558098658246127,0,0,-0.31351177659683555,-0.7847456225611719,-0.2849588298746704,-0.672912789890897,-0.36789751991461217,-0.5050331814843614,-0.715160683085781,1,2,1,3,4,0,0,0,0,0,0,1.799540478340262,-0.1160418967821346,-0.8412228047453413,-1.0233401719365605,-0.44063125659122476,0,1,0,0,1,0,0,0
-0.8009599451237566,0,0,0.5502076548246927,-0.8917380089776039,-0.6122491643802404,-0.6906937900017878,-0.6433425637498494,-0.6511871573623601,-0.3637347768181388,1,1,0,2,6,0,0,0,0,0,0,-2.240497682473812,-0.6148196163217787,-0.9346660529671309,-1.415295039420733,-0.44063125659122476,0,1,0,0,0,1,0,0
-1.039492003184457,1,0,-0.9008409899634747,-0.8293257835680186,-0.6626015235349434,-0.704029540084956,-0.6800685695945476,-0.6268281613826937,-0.7737316674637214,1,2,0,2,9,0,0,0,0,0,0,-0.1774994726964126,-0.6123381351300392,-0.9446778295623227,-1.2846434169260088,-0.44063125659122476,0,0,0,1,0,0,1,0
0.3481349850076222,1,1,0.13562232774235916,-0.21114755093974447,-0.6122491643802404,-0.5039932888374337,-0.6249795608275003,-0.5293921774640278,-0.5784950528705868,3,6,1,5,6,0,0,0,0,0,0,1.455707443377362,-0.28974558020390123,-0.49081062391363023,0.02187280802123322,-0.44063125659122476,0,0,1,0,0,0,0,0
0.019193093471440326,0,0,0.48111010031097046,-0.2735597763493298,-0.5367206256481858,-0.592898289391888,-0.5515275491381036,-0.6511871573623601,-0.8127789903823482,1,3,2,6,4,0,1,0,0,0,0,0.8539996321922873,-0.09370856605647888,-0.5759107249727601,-0.37008205946293943,1.033090511708265,0,1,0,0,0,0,0,0
1.3158012700350943,0,1,-1.5918165351006972,0.34759046701273405,1.2507881243437733,1.6430624745526397,0.8256976700380825,3.6847141270182697,1.1395871555489971,2,8,6,5,4,0,0,0,0,0,0,-0.9511238013629375,0.20655065814400342,1.3196523103835438,0.8057825429895785,-0.44063125659122476,0,1,0,0,1,0,0,0
0.0681924125467531,1,1,-0.2789629993399744,0.549687196910439,-0.5115444460708343,-0.06391353609288446,-0.5331645462157545,-0.5050331814843614,1.7252969993284006,10,9,4,6,8,0,0,0,0,0,0,0.5101665972293873,0.74503207675148,0.3151373919993053,1.8509955229473722,-0.44063125659122476,0,0,0,1,1,0,0,0
0.4637939895936138,0,1,-0.7971946581928914,0.6507355618592915,-0.4863682664934827,-0.1439280365918934,-0.0006374614676291876,-0.3101612136470297,2.4476724733229984,4,8,2,10,7,0,0,0,0,0,0,1.455707443377362,0.38025434156577004,0.46698267035971347,1.197737410473751,-0.44063125659122476,0,1,0,0,0,1,0,0
0.6476117028359917,0,1,1.6212197497873877,0.1246896619785006,-0.23460647071996735,-0.5262195389760472,-0.2577195023805173,-0.33452020962669615,-0.5980187143299003,4,8,1,6,6,0,1,0,0,0,0,-0.005582955214962636,-0.5676714736787278,-0.24051620903383658,0.5444792980001301,1.033090511708265,0,1,0,0,1,0,0,0
-0.7954791417472636,1,1,-0.7971946581928914,-0.7877176332949617,-0.6122491643802404,-0.6284602896136697,-0.6066165579051511,-0.5781101694233607,-0.38325843827745226,2,3,0,3,8,0,0,0,0,0,0,1.1118744084144623,0.34055064249793765,-0.8462286930429371,-0.8926885494418363,-0.44063125659122476,0,0,1,0,0,0,1,0
-0.4403043451612011,0,0,1.6212197497873877,-0.8620179016397062,0.24374094124971185,-0.6906937900017878,-0.6249795608275003,-0.017853261891032163,-0.16849816222500427,1,1,1,4,2,0,0,0,0,0,0,0.4242083384886623,-0.6843010896904854,-0.7995070689320424,-1.0233401719365605,-0.44063125659122476,0,1,0,0,1,0,0,0
-0.5308547120565926,1,1,-0.6589995491654468,-0.44593639890913706,-0.6626015235349434,-0.5173290389206018,-0.5698905520604528,-0.38323820158602906,-0.12945083930637735,5,3,4,3,6,1,0,0,0,0,0,-0.005582955214962636,-0.1805604077673622,-0.577579354405292,0.02187280802123322,1.033090511708265,0,1,0,0,0,0,0,1
-0.3570617161011334,1,1,0.5502076548246927,-0.8144657298990697,-0.6626015235349434,-0.6995842900572332,-0.6800685695945476,-0.6511871573623601,-0.7932553289230347,2,1,0,3,6,0,0,0,0,0,0,0.3382500797479373,0.07006919259832964,-0.9380033118321949,-1.1539917944312847,-0.44063125659122476,0,1,0,0,1,0,0,0
-0.4959555794455907,1,0,-0.8662922127066136,-0.5707608497283078,-0.18425411156526428,-0.6462412897245606,-0.38626052283696133,-0.3101612136470297,-0.7542080060044078,3,4,1,4,7,0,0,0,0,0,0,0.08037530352576235,-0.39148630906522164,-0.6960520441150609,-0.37008205946293943,-0.44063125659122476,0,0,1,0,0,0,0,0
0.47480244081990297,0,1,0.10107355048549801,-0.009050821042039478,-0.4863682664934827,-0.41064303825525655,-0.4964385403710562,-0.6511871573623601,0.2805460513392052,4,6,1,7,6,0,0,0,0,0,0,1.1118744084144623,0.1395506659670363,-0.2572025033591561,0.41382767550540583,-0.44063125659122476,0,0,1,0,1,0,0,0
-1.518148831398172,1,1,-0.07167033579880762,-0.8620179016397062,-0.5870729848028888,-0.6462412897245606,-0.6433425637498494,-0.6268281613826937,-0.3051637924401984,4,3,1,2,8,1,0,0,0,0,0,0.08037530352576235,-0.4684122260091469,-0.892950317153832,-0.6313853044523878,1.033090511708265,0,1,0,0,1,0,0,0
0.9230103613864351,0,0,1.5521221952736655,0.7190918087364565,1.150083406034367,0.9318224701170046,1.0460537051062724,2.8808672596892766,0.5538773117695935,1,5,5,8,3,0,1,0,0,0,0,-0.8651655426222125,0.6507357914653781,1.1694756614556676,0.5444792980001301,1.033090511708265,0,1,0,0,1,0,0,0
0.874760553883976,0,0,0.653853986595276,0.12766167271229037,0.4451503778685241,1.634171974497194,-0.36789751991461217,-0.6511871573623601,-0.3442111153588253,1,3,5,12,2,0,0,0,0,0,0,-1.3809150950665625,0.7177357836423451,0.6071475426923979,0.8057825429895785,-0.44063125659122476,0,1,0,0,0,1,0,0
0.23083642385601305,0,1,1.172085645448193,-0.8025776869639105,-0.6374253439575919,-0.6551317897800061,-0.6433425637498494,-0.4806741855046949,-0.8518263133009751,1,1,1,3,2,0,0,0,0,0,0,-0.1774994726964126,-0.6073751727465602,-0.9029620937490237,-1.1539917944312847,-0.44063125659122476,0,0,1,0,1,0,0,0
1.4678584303777953,0,0,0.23926865951294254,0.6893717013985586,0.01715532505354802,1.8831059760496665,0.01772554145471996,1.955225412461951,0.45625900447302625,1,5,10,12,6,1,0,1,0,0,1,-2.240497682473812,0.7599209639019171,1.269593427407585,1.720343900452648,2.506812280007755,0,0,0,0,0,1,0,0
0.11869075476777333,0,1,-0.9008409899634747,0.14252172638123928,-0.6626015235349434,-0.6195697895582243,-0.4964385403710562,-0.6511871573623601,-0.3637347768181388,3,6,1,7,6,0,0,0,0,0,0,0.6820831147108373,0.025402531147018226,-0.3172731629303066,0.28317605301068166,-0.44063125659122476,0,0,0,1,1,0,0,0
-0.653540387638088,1,0,1.6557685270442488,-0.8887659982438142,-0.5618968052255373,-0.6951390400295105,-0.6433425637498494,-0.6024691654030272,-0.715160683085781,1,1,0,3,8,0,0,0,0,0,0,-0.34941599017786257,-0.31456039212129644,-0.9580268650225784,-1.2846434169260088,-0.44063125659122476,0,1,0,0,1,0,0,0
1.6131231420915093,1,1,0.9993417591638873,1.9405882203240559,0.5206789166005787,1.4563619733882853,0.8256976700380825,0.4936856536819635,1.0029215253338029,4,5,3,6,8,0,0,0,0,0,0,0.2522918210072123,0.8616616927632376,1.865294134821494,0.41382767550540583,-0.44063125659122476,0,1,0,0,0,1,0,0
-0.6251994812895563,0,1,-1.6263653123575585,-0.8025776869639105,-0.6626015235349434,-0.7084747901126787,-0.6800685695945476,-0.6511871573623601,-0.8518263133009751,1,1,0,3,7,0,0,0,0,0,0,-0.34941599017786257,-0.5602270301035093,-0.9396719412647268,-1.2846434169260088,-0.44063125659122476,0,0,1,0,1,0,0,0
-0.6931239675794257,1,0,-1.3845238715595305,-0.769885568892223,-0.5870729848028888,-0.6995842900572332,-0.6066165579051511,-0.5537511734436943,-0.715160683085781,1,1,2,2,6,1,0,0,0,0,0,-0.1774994726964126,-0.6247455410887368,-0.8879444288562361,-1.1539917944312847,1.033090511708265,0,0,0,1,1,0,0,0
-0.31471431223489754,1,0,1.5175734180168043,-0.8144657298990697,-0.38566354818407655,-0.6284602896136697,-0.14754148484642238,-0.6268281613826937,-0.500400407033333,1,1,1,4,3,0,0,0,0,0,0,-1.6387898712887374,-0.6545233153896112,-0.8178619926898939,-1.0233401719365605,-0.44063125659122476,0,0,0,0,0,0,1,0
1.0744585435761924,0,0,0.48111010031097046,0.7904200663474111,1.1752595856117185,1.9897919767150116,1.7622108190778891,1.8334304325636188,0.5734009732289069,1,6,5,11,3,0,0,0,1,0,0,1.7135822195995372,0.11969881643312011,1.6033193139139765,1.067085787979027,1.033090511708265,0,0,0,0,0,0,0,1
-1.2484651985907382,1,0,-0.14076789031252987,-0.8739059445748653,-0.6374253439575919,-0.6595770398077287,-0.4964385403710562,-0.5537511734436943,-0.715160683085781,1,1,1,2,9,0,0,0,0,0,0,-1.2089985775851124,0.5663654309462343,-0.9246542763719392,-1.2846434169260088,-0.44063125659122476,0,1,0,0,1,0,0,0
1.0677597838938122,0,1,1.4830246407599432,-0.5083486243187224,0.01715532505354802,1.1318587213645268,-0.44134953160400875,4.0988170586726,0.53435365031028,2,7,3,5,4,0,0,0,0,0,0,-0.2634577314371376,-0.13093078393257174,0.42693556397894644,0.28317605301068166,-0.44063125659122476,0,1,0,0,1,0,0,0
0.5890561112067939,0,1,-1.1081336535046415,2.5736265066212787,0.5458550961779303,0.6828884685645323,0.09117755314411656,0.1283007139869666,2.8967166868872076,5,11,4,9,8,1,0,0,0,0,0,1.2837909258959121,0.7797728134358333,2.0021217482891145,1.8509955229473722,1.033090511708265,0,1,0,0,0,0,0,0
-0.56959509147847,1,0,-1.3845238715595305,-0.6658651932095807,-0.6374253439575919,-0.4728765386433746,-0.6066165579051511,-0.5050331814843614,-0.5394477299519599,2,5,1,2,9,0,0,0,0,0,0,-0.1774994726964126,-0.03415301745473033,-0.7294246327657001,-0.6313853044523878,-0.44063125659122476,0,0,1,0,0,1,0,0
-1.4691963567961623,1,0,1.3448295317324988,-0.864989912373496,-0.6374253439575919,-0.6106792895027788,-0.6249795608275003,-0.6511871573623601,-0.715160683085781,2,2,0,3,8,0,0,0,0,0,0,-1.3809150950665625,0.3256617553475005,-0.9196483880743433,-1.0233401719365605,-0.44063125659122476,0,0,1,0,1,0,0,0
-0.40563943491671595,0,1,-1.6263653123575585,-0.12495923965984088,-0.5115444460708343,-0.46843128861565186,-0.6800685695945476,-0.4075971975656955,1.1395871555489971,3,5,2,6,5,0,0,0,0,0,0,-0.6932490251407625,0.6011061676305876,-0.2722201682519438,0.15252443051595743,-0.44063125659122476,0,0,1,0,1,0,0,0
-0.5219542621289546,0,1,-0.6589995491654468,-0.2230355938749036,0.01715532505354802,-0.4239787883384247,-0.44134953160400875,-0.5781101694233607,-0.18802182368431772,4,7,1,5,9,0,0,0,0,0,0,-0.6072907664000375,0.7847357758193123,-0.379012451933989,0.28317605301068166,-0.44063125659122476,0,1,0,0,0,0,0,0
-1.8111141674373745,1,1,-0.037121558541946494,-0.8768779553086551,-0.5618968052255373,-0.6640222898354515,-0.4964385403710562,-0.6024691654030272,-0.715160683085781,4,3,0,3,8,0,0,0,0,0,0,-0.09154121395568762,-0.08130116009778127,-0.9263229058044712,-0.6313853044523878,-0.44063125659122476,0,1,0,0,1,0,0,0
-0.39631738472934763,1,1,0.031975995971775764,-0.636145085871683,-0.23460647071996735,-0.308402287617634,-0.40462352575931043,-0.5050331814843614,-0.5589713914112733,6,4,1,5,8,0,0,0,0,0,0,1.455707443377362,0.7748098510523542,-0.6076146841908673,0.15252443051595743,-0.44063125659122476,0,1,0,0,0,0,1,0
1.4359573440582083,0,0,0.5847564320815538,2.680618893037711,0.722088353219391,1.2385447220298722,2.4049159213601095,-0.21272522972836383,-0.500400407033333,1,2,4,12,1,0,0,1,0,0,0,0.8539996321922873,0.8790320611054142,2.178996468137502,0.5444792980001301,1.033090511708265,0,0,1,0,0,0,1,0
1.13886969436831,0,1,-0.969938544477197,0.6388475189241324,0.5962074553326333,0.0027652143229563225,1.7071218103108416,-0.6511871573623601,-0.05135619346912354,1,8,3,11,3,0,1,0,0,0,0,-0.2634577314371376,-0.4957085191182816,0.5053611473079485,1.067085787979027,1.033090511708265,0,0,1,0,1,0,0,0
0.5286267406454617,0,0,0.653853986595276,0.3981146494871603,3.5921728250374665,1.7719747253565985,0.9909646963392248,3.4654831632012715,0.5148299888509666,1,2,3,6,7,0,0,0,1,0,0,-1.9826229062516374,0.4522172961262162,1.4981956596644632,-0.37008205946293943,1.033090511708265,0,1,0,0,0,0,1,0
-2.0809383336647183,1,0,-1.0390360989909193,-0.8828219767762346,-0.6626015235349434,-0.6862485399740651,-0.44134953160400875,-0.4806741855046949,-0.2270691466029446,5,4,1,2,9,1,0,0,0,0,0,-0.6072907664000375,0.8790320611054142,-0.889613058288768,-0.37008205946293943,1.033090511708265,0,1,0,0,1,0,0,0
-0.07191940710359154,0,2,1.448475863503082,0.19304590885566553,-0.43601590733877965,-0.3528547878948612,-0.4597125345263579,-0.3101612136470297,-0.18802182368431772,3,6,2,8,5,0,0,0,0,0,0,1.1118744084144623,-0.10115300963169746,-0.13205529591925932,0.5444792980001301,-0.44063125659122476,0,1,0,0,1,0,0,0
-0.19202863665340217,0,1,-1.6954628668712808,-0.7461094830219047,-0.6374253439575919,-0.7173652901681241,-0.6433425637498494,-0.6268281613826937,-0.6565896987078406,2,2,0,3,8,0,0,0,0,0,0,0.7680413734515622,-0.004375243153856053,-0.8879444288562361,-1.0233401719365605,-0.44063125659122476,0,0,0,0,0,1,0,0
-0.017439284651785854,1,0,-0.9008409899634747,-0.8768779553086551,-0.31013500945202194,-0.6595770398077287,-0.5331645462157545,-0.6268281613826937,-0.6175423757892137,4,3,1,3,6,0,0,0,0,0,0,-0.6932490251407625,0.12218029762485963,-0.9046307231815557,-0.5007336819576637,-0.44063125659122476,0,1,0,0,0,0,1,0
-1.2760097488931128,1,0,1.69031730430111,-0.8798499660424448,-0.5618968052255373,-0.6951390400295105,-0.5698905520604528,-0.4806741855046949,-0.7346843445450945,2,2,0,4,5,0,0,0,0,0,0,-1.8107063887701873,-0.5701529548704674,-0.9396719412647268,-0.8926885494418363,-0.44063125659122476,0,0,0,0,1,0,0,0
-0.35354838060338156,0,1,0.8265978728795818,-0.27058776561554004,-0.5367206256481858,-0.6151245395305016,-0.5515275491381036,-0.4806741855046949,-0.05135619346912354,1,4,1,6,5,0,0,0,0,0,0,0.3382500797479373,-0.6073751727465602,-0.5058282888064178,-0.37008205946293943,-0.44063125659122476,0,1,0,0,1,0,0,0
-0.017439284651785854,0,0,0.13562232774235916,-0.8085217084314902,-0.6122491643802404,6.4039252542436715,-0.4597125345263579,-0.5537511734436943,-0.42230576119607915,0,0,0,1,0,0,1,0,0,0,0,-0.7792072838814875,0.8517357679962795,1.7935430692226197,-1.8072499069049057,1.033090511708265,0,0,0,0,0,0,1,0
-1.3966342676492605,1,1,-0.10621911305566875,-0.8887659982438142,-0.5870729848028888,-0.6995842900572332,-0.5698905520604528,-0.6024691654030272,-0.7346843445450945,2,2,0,3,7,0,0,0,0,0,0,-0.6932490251407625,-0.7215233075665782,-0.9563582355900464,-1.0233401719365605,-0.44063125659122476,0,1,0,0,1,0,0,0
-1.4678847115436684,1,0,-0.34806055385369666,-0.8976820304451835,-0.5870729848028888,-0.7129200401404014,-0.6066165579051511,-0.6268281613826937,-0.6761133601671541,1,1,1,2,7,0,0,0,0,0,0,-0.09154121395568762,-0.7289677511417968,-0.9663700121852381,-1.2846434169260088,-0.44063125659122476,0,1,0,0,0,1,0,0
-1.2550702693265117,1,0,-1.3499750943026694,-0.8976820304451835,-0.5367206256481858,-0.7084747901126787,-0.6800685695945476,-0.21272522972836383,-0.500400407033333,2,2,0,3,7,0,0,0,0,0,0,-0.9511238013629375,-0.1805604077673622,-0.9246542763719392,-1.0233401719365605,-0.44063125659122476,0,0,0,0,0,0,1,0
0.29913566593230945,0,1,0.9647929819070262,1.1500333651359744,-0.6626015235349434,-0.4328692883938701,-0.4964385403710562,-0.6511871573623601,1.6862496764097736,4,2,6,3,8,0,0,0,0,0,0,0.4242083384886623,0.4720691456601324,0.49368074128022477,0.02187280802123322,-0.44063125659122476,0,0,1,0,0,1,0,0
-0.3275028534467143,0,1,-1.6954628668712808,-0.6718092146771603,-0.6626015235349434,-0.6906937900017878,-0.6800685695945476,-0.6511871573623601,-0.715160683085781,1,2,1,3,5,0,0,0,0,0,0,0.16633356226648732,-0.44856037647523067,-0.8478973224754691,-1.0233401719365605,-0.44063125659122476,0,1,0,0,0,0,1,0
1.529552601718318,0,0,0.7920490956227206,0.24654210206388155,-0.15907793198791273,2.4298717294595606,0.01772554145471996,0.6641986255396287,2.3305305045671174,1,9,11,11,5,0,0,0,0,0,0,1.455707443377362,0.11721733524138059,1.2862797217329047,2.242950390431545,-0.44063125659122476,0,1,0,0,0,1,0,0
1.2251103697197927,0,0,0.7920490956227206,0.7963640878149907,-0.46119208691613117,0.41172821687344646,-0.05572647023467663,0.20137770192596596,0.7100666034441011,1,3,5,5,1,0,0,0,0,0,0,-0.2634577314371376,-0.6396344282391739,0.6405201313430371,-0.10877881447349098,-0.44063125659122476,0,0,0,1,1,0,0,0
-1.7893783318246164,1,0,-0.20986544482625213,-0.8976820304451835,-0.4863682664934827,-0.7173652901681241,-0.6433425637498494,-0.28580221766736325,-0.32468745389951187,1,2,0,2,9,1,0,0,0,0,0,-1.6387898712887374,0.8045876253532285,-0.9113052409116835,-1.2846434169260088,1.033090511708265,1,0,0,0,0,0,1,0
-0.760486320189655,2,1,1.5521221952736655,-0.6866692683461092,-0.5870729848028888,-0.339519037811693,-0.4597125345263579,-0.6268281613826937,-0.2270691466029446,7,4,1,4,8,0,0,0,0,0,0,-0.34941599017786257,0.8269209560788842,-0.656004937734294,0.15252443051595743,-0.44063125659122476,0,0,0,0,1,0,0,0
0.24643563346603137,1,1,0.0665247732286369,0.47538692856569453,-0.5367206256481858,-0.4550955385324837,-0.5515275491381036,-0.6511871573623601,0.5148299888509666,8,9,1,7,8,0,0,0,0,0,0,0.2522918210072123,0.3082913870053239,0.009778205845957068,1.3283890329684753,-0.44063125659122476,0,0,1,0,1,0,0,0
-0.9568115078040296,0,1,-0.9353897672203358,-0.5826488926634669,-0.6374253439575919,-0.6151245395305016,-0.44134953160400875,-0.6268281613826937,-0.7737316674637214,2,3,1,4,8,0,0,0,0,0,0,0.5961248559701122,0.5638839497544947,-0.7494481859560836,-0.6313853044523878,-0.44063125659122476,0,0,0,1,0,0,1,0
0.33675177799490613,0,0,1.413927086246221,0.6537075725930813,-0.6626015235349434,-0.1439280365918934,-0.16590448776877154,0.030864730068300754,2.17434121289261,1,11,1,8,7,0,0,0,0,0,0,1.2837909258959121,0.19910621456878486,0.4419532288717341,0.8057825429895785,-0.44063125659122476,0,1,0,0,1,0,0,0
1.0754891219888663,1,1,-0.037121558541946494,0.5972393686510755,1.150083406034367,0.4606259671783964,-0.019000464389978336,0.006505734088634294,0.20245140550195134,4,9,2,12,5,0,0,0,0,0,0,0.6820831147108373,0.3355876801144586,0.6004730249622701,1.5896922779579237,-0.44063125659122476,0,0,1,0,0,0,1,0
1.3215631402514074,1,0,-0.31351177659683555,2.7162830218431884,-0.2597826502973189,0.46951646723384177,1.2296837343297637,-0.6511871573623601,-0.3637347768181388,2,5,3,6,6,0,1,1,1,0,0,-0.2634577314371376,0.15443955311747343,1.7201233741912136,0.15252443051595743,3.980534048307244,0,1,0,0,1,0,0,0
0.30728660428709376,0,1,0.3429149912835259,0.8082521307501499,-0.4863682664934827,-0.22838778711862506,-0.33117151406991385,-0.4806741855046949,-0.715160683085781,2,7,4,9,6,0,1,0,0,0,0,1.197832667155187,-0.5800788796374254,0.21168236718232394,0.9364341654843027,1.033090511708265,0,0,0,1,1,0,0,0
-0.7115806900609489,1,1,0.7575003183658595,-0.8412138265031777,-0.5367206256481858,-0.7262557902235696,-0.4964385403710562,-0.6268281613826937,-0.715160683085781,3,1,1,4,2,0,0,0,0,0,0,0.8539996321922873,-0.39893075264044026,-0.929660164669535,-0.762036926947112,-0.44063125659122476,0,0,0,1,1,0,0,0
-0.22941052634948209,1,1,-1.4881702033301138,-0.8560738801721266,-0.6626015235349434,-0.7262557902235696,-0.6800685695945476,-0.6511871573623601,-0.8323026518416616,1,1,0,2,7,0,0,0,0,0,0,0.3382500797479373,-0.5031529626935002,-0.9747131593478979,-1.415295039420733,-0.44063125659122476,0,0,0,1,0,0,0,0
0.47189808347509477,0,1,-0.7626458809360303,2.216985218566505,-0.36048736860672503,-0.09947553631466621,-0.6800685695945476,-0.6511871573623601,-0.38325843827745226,3,6,4,8,5,0,1,0,1,1,0,-0.6932490251407625,0.42492100301708147,1.0443284540157707,0.8057825429895785,3.980534048307244,0,0,0,1,1,0,0,0
0.4986931222046157,0,1,1.724866081557971,0.17224183371913707,-0.23460647071996735,1.0296179707269044,0.7889716641933842,0.20137770192596596,0.3391170357171455,3,5,3,5,4,0,0,0,1,0,0,0.5961248559701122,-0.644597390622653,0.5821181012044185,0.15252443051595743,1.033090511708265,0,1,0,0,0,0,1,0
0.8309609713453361,0,0,1.0684393136776096,1.046012989453332,-0.2597826502973189,-0.26839503736812953,-0.09245247607937493,-0.26144322168769674,-0.6956370216264675,1,7,3,12,3,0,0,0,0,0,0,-0.9511238013629375,-0.7339307135252758,0.38355119873311555,1.067085787979027,-0.44063125659122476,0,0,1,0,1,0,0,0
-0.46100960236128546,1,0,1.2757319772187765,-0.3835241734995517,-0.4108397277614281,-0.25061403725723863,0.3115335882123063,-0.5050331814843614,-0.32468745389951187,2,6,3,4,6,1,0,0,0,0,0,-1.1230403188443874,0.36040249203185387,-0.37066930477132926,0.02187280802123322,1.033090511708265,0,1,0,0,1,0,0,0
0.9793174182970718,0,1,-1.1081336535046415,2.6776468823039212,-0.6626015235349434,0.3050422162081012,-0.33117151406991385,-0.3101612136470297,3.1505242858582827,6,6,3,13,7,0,0,0,0,0,0,0.5961248559701122,0.3901802663327281,1.7918744397900879,1.720343900452648,-0.44063125659122476,0,0,1,0,1,0,0,0
1.1139484345709234,1,1,0.9647929819070262,1.0281809250505936,0.042331504630899554,0.829581719479382,0.146266561911164,0.37189067378363116,-0.26611646952157153,5,4,6,11,8,0,0,0,0,0,0,0.16633356226648732,0.8095505877367075,0.9075008405481503,1.4590406554631996,-0.44063125659122476,0,1,0,0,0,0,1,0
0.7207827701358374,1,1,0.9302442046501651,0.6269594759889733,0.5206789166005787,0.06499871471107439,2.0560188658354757,1.6629174607059536,1.0029215253338029,15,9,6,9,7,0,0,0,0,0,0,0.16633356226648732,0.44477285255099763,0.797371298001041,3.1575117478946146,-0.44063125659122476,0,0,0,0,0,0,1,0
-0.5692203356920431,1,0,1.4830246407599432,-0.8857939875100244,-0.6122491643802404,-0.6595770398077287,-0.6433425637498494,-0.4563151895250284,-0.5784950528705868,1,2,0,3,4,0,0,0,0,0,0,-0.6932490251407625,-0.3418566852304312,-0.9246542763719392,-1.1539917944312847,-0.44063125659122476,0,1,0,0,0,0,1,0
0.7481399425449986,0,1,-0.6244507719085857,1.2094735798117702,0.042331504630899554,-0.10836603637011165,0.2197185736005606,-0.21272522972836383,0.06578577528675718,2,3,2,9,8,0,0,0,0,0,0,-0.5213325076593126,0.7276617084093033,0.6522005373707608,0.15252443051595743,-0.44063125659122476,0,0,0,0,0,0,0,0
0.9662946547187381,1,1,-0.34806055385369666,1.5512548141975946,0.5962074553326333,0.6695527184813641,0.23808157652290973,0.27445468986496535,-0.1099271778470639,9,5,2,12,8,0,0,0,0,0,0,1.2837909258959121,0.6333654231232014,1.192836473511115,1.720343900452648,-0.44063125659122476,0,0,0,1,1,0,0,0
0.5583261367197908,0,1,0.5156588775678316,0.9836007640437469,-0.2849588298746704,-0.2950665375344658,-0.3128085111475647,-0.4806741855046949,1.7057733378690871,1,9,3,9,6,0,0,0,0,0,0,0.08037530352576235,0.2264025076779196,0.5070297767404804,0.9364341654843027,-0.44063125659122476,0,0,1,0,0,0,0,0
1.8195667359394092,0,0,-0.8317434354497525,0.7220638194702462,1.8298402546228585,2.86995148220411,2.0927448716801735,1.3462505129702895,-0.20754548514363116,0,4,6,5,1,0,0,1,1,0,0,-0.09154121395568762,-0.46344926362566785,1.8686313936865577,0.02187280802123322,2.506812280007755,0,1,0,0,1,0,0,0
-0.598498131506642,1,0,-1.6609140896144197,-0.6242570429365238,-0.6374253439575919,-0.592898289391888,-0.44134953160400875,-0.3588792056063626,-0.6175423757892137,3,4,0,4,8,0,0,0,0,0,0,-1.4668733538072873,0.3901802663327281,-0.7327618916307641,-0.5007336819576637,-0.44063125659122476,0,1,0,0,0,1,0,0
0.5723326342374949,0,2,0.7575003183658595,3.4325376086865247,-0.6626015235349434,-0.46843128861565186,-0.6800685695945476,-0.28580221766736325,3.3457609004514173,5,2,5,6,5,1,0,1,0,1,0,0.4242083384886623,-0.1582270770417065,1.9120157589323887,0.41382767550540583,3.980534048307244,0,0,0,1,0,0,0,0
0.5704588553053607,0,1,1.5175734180168043,0.6091274115862346,-0.6626015235349434,-0.6195697895582243,-0.6800685695945476,-0.6511871573623601,-0.6565896987078406,1,8,3,6,7,0,1,0,0,0,0,0.4242083384886623,-0.1259678215490927,-0.09701407783608822,0.41382767550540583,1.033090511708265,0,0,1,0,1,0,0,0
-0.8647621177629305,1,0,0.9993417591638873,-0.8382418157693879,-0.5870729848028888,-0.6595770398077287,-0.6800685695945476,-0.6511871573623601,-0.3637347768181388,1,2,0,3,7,0,0,0,0,0,0,-0.8651655426222125,-0.0415974610299489,-0.894618946586364,-1.1539917944312847,-0.44063125659122476,0,0,1,0,0,0,0,0
-0.41810006481540923,1,1,1.448475863503082,-0.8917380089776039,-0.6626015235349434,-0.7173652901681241,-0.6800685695945476,-0.6268281613826937,-0.3637347768181388,1,1,0,2,7,0,0,0,0,0,0,-0.6932490251407625,-0.34433816642217074,-0.9496837178599186,-1.415295039420733,-0.44063125659122476,0,0,0,1,0,1,0,0
-1.4753798272722058,1,0,0.48111010031097046,-0.8887659982438142,-0.6626015235349434,-0.7218105401958469,-0.6800685695945476,-0.6511871573623601,-0.8323026518416616,1,1,0,2,8,0,0,0,0,0,0,-0.34941599017786257,-0.6098566539382997,-0.9913994536732175,-1.415295039420733,-0.44063125659122476,0,0,0,1,0,0,1,0
0.3636873501443372,0,1,0.9993417591638873,-0.6391170966054727,-0.2849588298746704,-0.34396428783941574,-0.05572647023467663,0.37189067378363116,-0.7542080060044078,1,4,1,6,4,0,0,0,0,0,0,0.3382500797479373,-0.46593074481740737,-0.5508812834847807,-0.37008205946293943,-0.44063125659122476,0,1,0,0,0,1,0,0
-0.40287561099181785,0,0,-0.8317434354497525,-0.7371934508205354,-0.4863682664934827,-0.5262195389760472,-0.4964385403710562,-0.6024691654030272,-0.500400407033333,1,3,0,4,7,0,0,0,0,0,0,-0.43537424891858756,-0.6793381273070064,-0.772808998011531,-0.8926885494418363,-0.44063125659122476,0,1,0,0,0,1,0,0
-0.27794140069176126,0,1,1.6557685270442488,-0.49348857064977353,0.16821240251765723,-0.3528547878948612,-0.16590448776877154,-0.06657125385036508,-0.6175423757892137,4,3,2,7,3,0,0,0,0,0,0,0.4242083384886623,0.6755506033827733,-0.4707870707232467,0.15252443051595743,-0.44063125659122476,0,1,0,0,0,1,0,0
-0.4500479956082996,0,1,1.413927086246221,-0.7045013327488479,-0.2849588298746704,-0.3839715380889202,-0.36789751991461217,-0.38323820158602906,0.7100666034441011,3,1,4,4,3,0,0,0,0,0,0,0.9399578909330122,0.022921049955278702,-0.5575558012149086,-0.37008205946293943,-0.44063125659122476,0,0,1,0,0,0,1,0
0.32766395017405464,1,2,-1.3499750943026694,-0.4548524311105064,-0.4863682664934827,-0.34396428783941574,-0.6800685695945476,-0.4806741855046949,-0.3051637924401984,5,4,1,6,5,0,0,0,0,0,0,-0.005582955214962636,0.2958839810466262,-0.537532248024525,0.15252443051595743,-0.44063125659122476,0,1,0,0,0,0,1,0
0.719049524623613,0,1,-1.2808775397889471,0.15738178005018816,0.2185647616723603,0.4650712172061191,-0.16590448776877154,0.030864730068300754,-0.5784950528705868,3,6,2,12,5,0,0,0,0,0,0,0.2522918210072123,-0.37907890310652403,0.21501962604738786,1.067085787979027,-0.44063125659122476,0,1,0,0,0,0,0,0
0.16403620492542414,0,1,-1.4881702033301138,0.469442907098115,0.8731454306835001,0.07833446479424254,-0.4964385403710562,0.6398396295599622,1.2372054628455644,4,7,5,9,6,1,0,0,0,0,0,-0.6072907664000375,0.5911802428636295,0.4553022643319897,1.3283890329684753,1.033090511708265,0,0,0,1,1,0,0,0
1.2765924458801834,0,0,-1.6263653123575585,2.28831347617746,0.26891712082706337,1.5630479740536307,2.863990994418838,1.5898404727669542,1.6667260149504601,1,5,6,7,2,0,0,1,1,0,0,-0.5213325076593126,0.47455062685187194,2.4009241826642524,0.5444792980001301,2.506812280007755,0,0,0,1,1,0,0,0
0.8863779832632089,1,1,-1.1426824307615027,-0.5202366672538815,-0.008020854523803517,-0.44175978844931557,-0.6249795608275003,0.9808655732752927,-0.8127789903823482,5,6,1,5,7,0,0,0,0,0,0,0.16633356226648732,-0.25004188113606884,-0.5175086948341415,0.28317605301068166,-0.44063125659122476,0,1,0,0,0,0,0,0
0.15583842209733645,0,1,1.1029880909344707,-0.6153410107351545,-0.6374253439575919,-0.6551317897800061,-0.6433425637498494,-0.6511871573623601,-0.6370660372485272,1,2,1,4,3,0,0,0,0,0,0,1.1118744084144623,-0.6694122025400483,-0.7911639217693825,-0.8926885494418363,-0.44063125659122476,0,0,1,0,0,0,1,0
-1.629170233127131,1,1,1.6212197497873877,-0.850129858704547,-0.6122491643802404,-0.6551317897800061,-0.6800685695945476,-0.6024691654030272,-0.7346843445450945,5,3,0,4,7,0,0,0,0,0,0,0.7680413734515622,-0.5180418498439373,-0.929660164669535,-0.37008205946293943,-0.44063125659122476,0,0,1,0,0,0,1,0
1.253779187381448,0,0,-1.246328762532086,1.5245067175934868,3.994991698275091,2.31429522873877,1.9825668541460788,0.6885576215192951,3.853376098393567,1,4,6,8,2,0,0,1,0,0,0,-1.2089985775851124,0.859180211571498,2.546094943294533,0.5444792980001301,1.033090511708265,0,1,0,0,0,0,1,0
1.330135678865922,0,0,0.5156588775678316,0.6893717013985586,-0.38566354818407655,0.9807202204219545,2.0560188658354757,1.5654814767872878,0.26102238987989174,1,3,4,10,1,0,0,0,0,0,0,1.197832667155187,-0.0738567165225627,1.0459970834483028,0.41382767550540583,-0.44063125659122476,0,1,0,0,0,1,0,0
1.0251781576610595,0,1,1.3448295317324988,0.18412987665429617,2.459244744056647,-0.046132535981993586,0.6237046378922418,1.2488145290516237,0.20245140550195134,2,5,5,11,2,0,0,0,0,0,0,-0.7792072838814875,0.4968839575775276,0.4085806402210949,1.067085787979027,-0.44063125659122476,0,1,0,0,1,0,0,0
1.2962202801942906,0,0,0.7229515411089984,0.1365777049136597,0.8479692511061486,1.7853104754397666,1.3398617518638587,2.588559307933279,1.9791045982994755,1,5,6,7,2,0,0,1,0,0,0,-0.34941599017786257,-0.7314492323335363,1.271262056840117,0.5444792980001301,1.033090511708265,0,1,0,0,1,0,0,0
0.7717495570898911,0,1,-1.4881702033301138,1.3551021057674693,1.3514928426531794,1.3318949726120493,-0.36789751991461217,-0.33452020962669615,0.7100666034441011,1,6,9,5,3,0,0,0,0,0,0,-0.6072907664000375,-0.2947085425873803,1.354693528466715,0.8057825429895785,-0.44063125659122476,0,0,0,1,1,0,0,0
-0.4775457014373709,1,0,1.4830246407599432,-0.864989912373496,-0.5115444460708343,-0.672912789890897,-0.6249795608275003,-0.5293921774640278,-0.5980187143299003,1,2,0,2,10,0,0,0,0,0,0,0.08037530352576235,0.14451362835051534,-0.9163111292092794,-1.2846434169260088,-0.44063125659122476,0,1,0,0,0,0,1,0
0.25210381473573773,0,1,0.41201254579724816,0.15440976931639838,1.3514928426531794,0.7228957188140368,1.854025833689635,-0.2370842257080303,1.217681801386251,2,7,6,10,5,0,0,0,0,0,0,1.541665702118087,0.32814323653924005,0.7039280497792514,1.3283890329684753,-0.44063125659122476,0,1,0,0,1,0,0,0
-1.1406292210464075,1,0,-0.14076789031252987,-0.7550255152232741,-0.2849588298746704,-0.25061403725723863,0.03608854437706911,-0.28580221766736325,-0.5589713914112733,4,5,1,4,8,0,0,0,0,0,0,-0.5213325076593126,0.2934024998548867,-0.6009401664607394,-0.10877881447349098,-0.44063125659122476,0,1,0,0,1,0,0,0
0.9829712872147337,0,0,1.0338905364207485,0.2851782416031487,0.14303622294030569,1.5674932240813533,0.6237046378922418,1.1757375411126243,0.20245140550195134,1,3,4,9,1,0,0,0,0,0,0,1.197832667155187,-0.14333818989126934,0.9125067288457461,0.28317605301068166,-0.44063125659122476,0,1,0,0,0,1,0,0
-0.9507685707478963,1,0,-1.2808775397889471,-0.7877176332949617,-0.6374253439575919,-0.6995842900572332,-0.6433425637498494,-0.6268281613826937,-0.18802182368431772,1,2,1,2,7,1,0,0,0,0,0,-0.7792072838814875,0.17925436503486866,-0.8645836168007888,-1.1539917944312847,1.033090511708265,0,0,0,1,0,1,0,0
1.432256630667243,0,0,-0.5899019946517245,1.4056262882418955,2.5851256419434048,1.80753672557838,3.2863400616328686,-0.13964824178936447,3.1114769629396557,1,2,7,9,4,0,0,1,0,0,0,-0.9511238013629375,0.6532172726571176,2.1940141330302896,0.5444792980001301,1.033090511708265,0,1,0,0,1,0,0,0
0.07564068380198706,1,1,-1.1081336535046415,-0.662893182475791,-0.6626015235349434,-0.7129200401404014,-0.6800685695945476,-0.6511871573623601,-0.7346843445450945,2,2,1,3,5,0,0,0,0,0,0,0.8539996321922873,-0.478338150776105,-0.852903210773065,-0.8926885494418363,-0.44063125659122476,0,0,0,1,0,0,1,0
-0.8778317258145675,1,0,-0.10621911305566875,-0.8828219767762346,-0.5367206256481858,-0.5662267892255517,-0.36789751991461217,-0.28580221766736325,-0.12945083930637735,2,4,0,3,7,0,0,0,0,0,0,-0.5213325076593126,-0.5403751805695931,-0.8078502160947022,-0.762036926947112,-0.44063125659122476,0,1,0,0,1,0,0,0
1.577896098167384,0,1,1.3793783089893599,1.2273056442145087,0.39479801871382103,3.1011044836456914,3.3414290703999163,0.07958272202763367,0.788161249281355,2,6,7,9,3,0,0,0,1,0,0,-0.6072907664000375,0.6234394983562433,2.255753422033972,1.197737410473751,1.033090511708265,0,1,0,0,0,0,1,0
0.9436219296399128,0,0,0.2047198822560814,2.0773007140783855,0.19338858209500878,1.6430624745526397,1.7805738220002383,0.5911216376006293,-0.18802182368431772,1,4,6,6,2,0,0,1,1,0,0,-1.0370820601036626,-0.8356714423865963,1.9820981950987309,0.28317605301068166,2.506812280007755,0,1,0,0,0,1,0,0
-1.382065636451916,0,0,0.8611466501364429,-0.8144657298990697,-0.5870729848028888,-0.5306647890037699,-0.33117151406991385,-0.13964824178936447,-0.03183253200981009,1,3,2,2,8,0,0,0,0,0,0,0.5101665972293873,0.23384695125313817,-0.73776777992836,-0.8926885494418363,-0.44063125659122476,0,1,0,0,1,0,0,0
-1.1235309882906817,1,0,-0.6244507719085857,-0.864989912373496,-0.6626015235349434,-0.704029540084956,-0.6433425637498494,-0.6268281613826937,-0.7542080060044078,1,1,0,4,3,0,0,0,0,0,0,-1.6387898712887374,-0.696708495649183,-0.9596954944551103,-1.1539917944312847,-0.44063125659122476,0,1,0,0,0,1,0,0
0.5045955258408389,1,1,-0.6935483264223079,0.22276601619356332,-0.5115444460708343,-0.04168728595427087,-0.22099349653581898,1.5654814767872878,0.9248268794965492,5,9,3,7,7,0,0,0,0,0,0,0.3382500797479373,0.08495807974876678,0.2417176969678992,1.197737410473751,-0.44063125659122476,0,0,1,0,1,0,0,0
0.7659876868735781,1,1,1.172085645448193,-0.5024046028511429,-0.03319703410115505,-0.5128837888928791,-0.2577195023805173,-0.04221225787069863,0.046262113827443725,2,4,2,5,3,0,0,0,0,0,0,-0.8651655426222125,-0.17559744538388314,-0.49915377107629,-0.2394304369682152,-0.44063125659122476,0,1,0,0,0,0,0,0
0.10660488065550688,1,1,-1.246328762532086,-0.3538040661616539,-0.6626015235349434,-0.6151245395305016,-0.6249795608275003,-0.6024691654030272,-0.5199240684926464,6,3,1,6,4,0,0,0,0,0,0,0.2522918210072123,-0.36915297833956595,-0.615957831353527,0.15252443051595743,-0.44063125659122476,0,1,0,0,1,0,0,0
0.48777835992493324,0,1,1.3102807544756376,-0.18142744360184668,2.635478001098108,0.22502771570909227,0.88078667880513,-0.5050331814843614,-0.3442111153588253,2,3,3,13,2,0,0,0,0,0,0,1.455707443377362,0.14699510954225486,0.1733038902340889,0.8057825429895785,-0.44063125659122476,0,1,0,0,0,0,0,0
0.33445639880304157,2,1,0.8611466501364429,-0.7669135581584332,-0.6374253439575919,-0.6862485399740651,-0.6249795608275003,-0.6511871573623601,-0.3637347768181388,2,2,0,3,4,0,0,0,0,0,0,0.16633356226648732,-0.18304188895910173,-0.8629149873682568,-1.0233401719365605,-0.44063125659122476,0,0,0,1,1,0,0,0
-1.209865352588771,1,0,0.9647929819070262,-0.8709339338410755,-0.4863682664934827,-0.6995842900572332,-0.6249795608275003,-0.6268281613826937,-0.6370660372485272,1,1,0,3,7,0,0,0,0,0,0,-1.8107063887701873,0.05269882425615298,-0.9380033118321949,-1.2846434169260088,-0.44063125659122476,0,1,0,0,0,1,0,0
-0.29728816816604825,0,0,-1.3845238715595305,-0.7371934508205354,-0.18425411156526428,-0.6106792895027788,-0.6433425637498494,-0.3101612136470297,-0.3637347768181388,1,3,1,3,8,0,0,0,0,0,0,2.057415254562437,-0.7711529314013688,-0.7661344802814032,-0.8926885494418363,-0.44063125659122476,0,0,0,1,0,1,0,0
0.17054758671459094,0,1,-0.9353897672203358,-0.8174377406328595,-0.6374253439575919,-0.6995842900572332,-0.6433425637498494,-0.6511871573623601,-0.8127789903823482,1,2,0,3,3,0,0,0,0,0,0,-0.7792072838814875,-0.6396344282391739,-0.9363346823996629,-1.1539917944312847,-0.44063125659122476,0,1,0,0,0,0,0,0
1.0459302593344473,0,0,1.413927086246221,1.117341247064287,-0.38566354818407655,1.002946470560568,0.6971566495816385,-0.6511871573623601,-0.3637347768181388,1,2,11,4,1,0,0,0,0,0,0,0.9399578909330122,-0.4684122260091469,0.9659028706867687,0.41382767550540583,-0.44063125659122476,0,0,0,1,0,0,1,0
-2.0809383336647183,1,0,0.48111010031097046,-0.8739059445748653,-0.23460647071996735,-0.6595770398077287,-0.5331645462157545,-0.017853261891032163,-0.070879854928437,4,3,2,2,9,0,0,0,0,0,0,-1.9826229062516374,0.5713283933297133,-0.8095188455272341,-0.5007336819576637,-0.44063125659122476,1,0,0,0,0,1,0,0
1.2780446245525876,0,0,0.8265978728795818,0.5942673579172857,-0.08354939325585813,-0.2194972870631796,2.60690895350595,0.030864730068300754,0.007214790908816819,1,6,5,4,4,0,0,0,1,0,0,-0.5213325076593126,0.8095505877367075,0.485337594117565,0.15252443051595743,1.033090511708265,0,1,0,0,1,0,0,0
-1.3410298778381742,0,0,0.7920490956227206,-0.9036260519127631,-0.6626015235349434,-0.735146290279015,-0.6433425637498494,-0.3588792056063626,-0.7542080060044078,1,1,0,2,8,0,0,0,0,0,0,0.8539996321922873,0.020439568763539178,-0.9747131593478979,-1.415295039420733,-0.44063125659122476,0,1,0,0,0,0,0,0
-0.3429146851635192,1,1,-0.4862556628811412,-0.4073002593698699,-0.6122491643802404,-0.34396428783941574,-0.6800685695945476,-0.6511871573623601,-0.3637347768181388,6,6,1,4,8,0,0,0,0,0,0,-0.005582955214962636,-0.5180418498439373,-0.535863618591993,0.28317605301068166,-0.44063125659122476,0,0,1,0,0,0,1,0
-0.2887156295515337,1,1,-1.246328762532086,-0.7788016010935923,-0.6374253439575919,-0.6595770398077287,-0.6249795608275003,-0.6511871573623601,-0.7737316674637214,2,2,0,3,7,0,0,0,0,0,0,0.4242083384886623,0.36784693560707243,-0.894618946586364,-1.0233401719365605,-0.44063125659122476,0,0,0,1,1,0,0,0
-0.5586803291987875,1,1,1.2411831999619152,-0.8709339338410755,-0.6626015235349434,-0.7262557902235696,-0.6800685695945476,-0.6511871573623601,-0.8323026518416616,1,1,0,2,6,0,0,0,0,0,0,-0.43537424891858756,-0.7562640442509315,-0.9830563065105578,-1.415295039420733,-0.44063125659122476,0,1,0,0,0,0,0,0
-1.4455867422512698,1,0,-0.5208044401380023,-0.9006540411789733,-0.4108397277614281,-0.6906937900017878,-0.33117151406991385,-0.5781101694233607,-0.5589713914112733,2,2,0,3,6,0,0,0,0,0,0,-1.5528316125480124,-0.16319003942518553,-0.9096366114791515,-1.0233401719365605,-0.44063125659122476,1,0,0,0,0,1,0,0
0.9901384916301474,0,1,-0.45170688562428,0.31489834894104646,2.1571305891284283,1.1274134713368043,-0.6800685695945476,1.3462505129702895,0.53435365031028,1,9,3,13,4,0,0,0,0,0,0,1.885498737080987,-0.10115300963169746,0.8190634806239565,1.4590406554631996,-0.44063125659122476,0,0,0,1,0,0,1,0
-0.6203276560660069,1,0,1.6557685270442488,-0.8709339338410755,-0.6626015235349434,-0.5795625393087198,-0.40462352575931043,-0.5293921774640278,-0.6175423757892137,1,2,0,3,7,0,0,0,0,0,0,-1.2949568363258375,0.28595805627966814,-0.8762640228285125,-1.1539917944312847,-0.44063125659122476,0,1,0,0,1,0,0,0
-0.4923953994745355,0,0,-1.3154263170458083,-0.7936616547625412,0.14303622294030569,-0.5706720392532744,-0.47807553744870707,-0.5781101694233607,-0.500400407033333,1,2,1,4,6,0,0,0,0,0,0,-1.4668733538072873,-0.34433816642217074,-0.776146256876595,-0.8926885494418363,-0.44063125659122476,0,1,0,0,0,0,0,0
-0.4373531433430895,1,1,-1.4536214260732527,-0.3270559695575459,-0.6122491643802404,-0.4906575387542655,-0.6800685695945476,-0.6511871573623601,-0.8518263133009751,5,4,1,6,8,0,0,0,0,0,0,1.197832667155187,0.6581802350405966,-0.5875911310004838,0.15252443051595743,-0.44063125659122476,0,1,0,0,0,0,1,0
-0.8313151638243327,1,0,-1.2808775397889471,-0.8887659982438142,-0.4863682664934827,-0.6329055396413925,-0.33117151406991385,-0.3101612136470297,-0.46135308411470605,4,3,0,4,6,0,0,0,0,0,0,-1.6387898712887374,-0.7314492323335363,-0.8595777285031928,-0.5007336819576637,-0.44063125659122476,0,1,0,0,0,1,0,0
-1.235629812905618,1,0,-0.4862556628811412,-0.8085217084314902,-0.6374253439575919,-0.4550955385324837,-0.38626052283696133,-0.3588792056063626,0.8076849107406684,3,2,2,3,6,0,0,0,0,0,0,-1.5528316125480124,0.7847357758193123,-0.657673567166826,-0.6313853044523878,-0.44063125659122476,0,1,0,0,1,0,0,0
0.09091198209888186,0,1,-1.557267757843836,0.2822062308693589,-0.5618968052255373,-0.6062340394750562,-0.5698905520604528,-0.5537511734436943,-0.26611646952157153,3,7,1,7,7,0,1,0,0,0,0,1.197832667155187,-0.7438566382922339,-0.21882402641092114,0.41382767550540583,1.033090511708265,0,1,0,0,0,0,1,0
1.1135268343111933,0,0,-1.3499750943026694,1.465066502917691,-0.46119208691613117,0.5628667178160189,0.642067640814591,1.7116354526652864,-0.26611646952157153,1,11,4,6,4,0,1,1,1,0,0,0.08037530352576235,0.5638839497544947,1.156126625995412,0.9364341654843027,3.980534048307244,0,1,0,0,0,0,0,0
1.7657424361138505,0,0,-0.45170688562428,1.090593150460179,0.5206789166005787,2.172047227851643,1.9825668541460788,2.052661396380617,-0.5589713914112733,1,7,5,12,2,0,0,0,0,0,0,-1.2089985775851124,0.3628839732235934,1.7351410390840012,1.3283890329684753,-0.44063125659122476,0,0,1,0,0,1,0,0
-0.017439284651785854,1,1,1.3102807544756376,-0.8471578479707572,-0.5618968052255373,-0.6862485399740651,-0.6433425637498494,-0.6024691654030272,-0.7346843445450945,1,1,0,3,5,0,0,0,0,0,0,0.9399578909330122,0.7971431817780099,-0.932997423534599,-1.2846434169260088,-0.44063125659122476,0,1,0,0,0,0,1,0
1.6574848583097896,0,0,-1.0390360989909193,0.12171765124471082,-0.03319703410115505,1.4874787235823443,0.4768006145134487,2.710354287831611,0.7100666034441011,1,5,3,8,2,0,0,1,0,0,0,0.7680413734515622,0.7475135579432195,0.9141753582782781,0.28317605301068166,1.033090511708265,0,0,0,0,0,0,0,0
0.33347266486367105,1,1,-0.8317434354497525,-0.6985573112812683,-0.6122491643802404,-0.672912789890897,-0.6433425637498494,-0.6024691654030272,-0.7346843445450945,2,2,0,4,5,0,0,0,0,0,0,-0.34941599017786257,-0.7190418263748387,-0.8478973224754691,-0.8926885494418363,-0.44063125659122476,0,1,0,0,1,0,0,0
-0.859983981485988,0,1,0.0665247732286369,-0.7223333971515865,-0.6626015235349434,-0.7262557902235696,-0.6800685695945476,-0.6511871573623601,-0.715160683085781,1,1,1,3,5,0,0,0,0,0,0,0.2522918210072123,-0.8381529235783358,-0.889613058288768,-1.1539917944312847,-0.44063125659122476,0,0,1,0,0,0,1,0
0.42027547389479397,0,1,0.41201254579724816,0.8974124527638432,-0.4863682664934827,-0.050577786009716304,-0.4964385403710562,-0.6511871573623601,0.20245140550195134,5,10,3,8,7,0,0,0,0,0,0,0.2522918210072123,0.05766178663963203,0.38021393986805163,1.4590406554631996,-0.44063125659122476,0,1,0,0,0,0,1,0
-0.5537616595019349,1,0,0.8265978728795818,-0.3954122164347108,-0.5870729848028888,-0.166154286730507,-0.20263049361346983,-0.06657125385036508,0.35864069717645897,4,6,1,6,7,0,0,0,0,0,0,-1.3809150950665625,0.6954024529166895,-0.3156045334977747,0.28317605301068166,-0.44063125659122476,0,0,1,0,0,0,1,0
-0.04587387994692433,0,1,-0.002572781285085367,-0.8114937191652799,-0.6626015235349434,-0.7084747901126787,-0.6433425637498494,-0.6511871573623601,-0.7346843445450945,1,1,0,3,5,0,0,0,0,0,0,1.1118744084144623,0.0750321549818087,-0.931328794102067,-1.2846434169260088,-0.44063125659122476,0,0,1,0,0,0,1,0
-1.6960641410043267,1,0,-1.4190726488163916,-0.8560738801721266,-0.5367206256481858,-0.6062340394750562,-0.5331645462157545,-0.4806741855046949,-0.3442111153588253,3,3,0,4,8,0,0,0,0,0,1,-1.6387898712887374,0.6234394983562433,-0.854571840205597,-0.6313853044523878,-0.44063125659122476,0,0,0,0,1,0,0,0
1.0864038842685488,0,0,-0.31351177659683555,0.793392077081201,-0.36048736860672503,1.5852742241922442,0.4768006145134487,0.8103526014176274,-0.38325843827745226,1,3,10,5,2,0,0,0,0,0,0,-1.9826229062516374,-0.269893730669985,1.0827069309640058,0.5444792980001301,-0.44063125659122476,0,1,0,0,0,0,1,0
1.4628929162076394,0,0,1.0684393136776096,1.9732803383957433,3.038296874335732,3.0033089830357915,1.8356628307672858,0.37189067378363116,3.2481425931548498,1,5,7,10,2,1,0,1,1,0,0,-0.2634577314371376,0.4001061910996862,2.9065189007214354,1.067085787979027,3.980534048307244,0,0,1,0,1,0,0,0
-0.6496522963539093,1,1,-0.8662922127066136,-0.8352698050355981,-0.6122491643802404,-0.6640222898354515,-0.6433425637498494,-0.6268281613826937,-0.8518263133009751,2,2,0,3,7,0,0,0,0,0,0,1.6276239608588121,-0.7041529392244016,-0.932997423534599,-1.0233401719365605,-0.44063125659122476,0,0,1,0,0,0,0,0
0.10843181511433786,0,1,-0.037121558541946494,-0.11009918599089198,-0.5870729848028888,-0.6062340394750562,-0.6066165579051511,-0.6511871573623601,0.26102238987989174,4,5,2,5,6,0,0,0,0,0,0,1.0259161496737372,0.21151362052748246,-0.4057105228545004,0.15252443051595743,-0.44063125659122476,0,0,0,1,0,0,0,0
-0.8914634675458447,1,0,0.9993417591638873,-0.8263537728342288,-0.6626015235349434,-0.672912789890897,-0.6433425637498494,-0.6268281613826937,-0.8127789903823482,2,3,0,3,8,0,0,0,0,0,0,-0.1774994726964126,-0.7637084878261501,-0.931328794102067,-0.8926885494418363,-0.44063125659122476,0,0,0,1,0,0,1,0
-1.2159551341182075,0,0,-0.6935483264223079,-0.8976820304451835,-0.6122491643802404,-0.6906937900017878,0.0728145502217674,-0.4806741855046949,-0.6370660372485272,1,2,0,3,8,0,0,0,0,0,0,-0.9511238013629375,0.7872172570110518,-0.8846071699911722,-1.1539917944312847,-0.44063125659122476,1,0,0,0,1,0,0,0
1.2932222339028756,0,0,-1.6609140896144197,0.3535344884803136,0.39479801871382103,2.398754979265502,0.6604306437369402,4.147535050631933,2.994334994183775,1,4,8,9,2,0,0,0,0,0,0,-1.4668733538072873,-0.6942270144574435,1.7251292624888095,0.9364341654843027,-0.44063125659122476,0,1,0,0,1,0,0,0
-0.24196484519478212,0,1,0.7575003183658595,1.4056262882418955,0.09268386378560263,-0.015015785787934553,-0.6800685695945476,0.5911216376006293,1.530060384735266,6,4,4,7,9,0,0,0,0,0,0,0.5101665972293873,0.6135135735892853,0.8991576933854905,0.8057825429895785,-0.44063125659122476,0,0,0,1,0,1,0,0
-1.371994074691694,0,0,-0.07167033579880762,-0.8976820304451835,-0.08354939325585813,-0.6906937900017878,-0.5331645462157545,-0.5050331814843614,0.046262113827443725,1,2,1,2,8,0,0,0,0,0,0,0.2522918210072123,0.4621432208931743,-0.8478973224754691,-1.1539917944312847,-0.44063125659122476,1,0,0,0,0,0,1,0
-0.31757182510640236,0,1,0.8611466501364429,-0.30327988368722764,-0.5367206256481858,-0.41064303825525655,-0.47807553744870707,-0.5293921774640278,-0.5784950528705868,3,6,1,5,7,0,0,0,0,0,0,0.3382500797479373,-0.08874560367299984,-0.48914199448109824,0.02187280802123322,-0.44063125659122476,0,0,1,0,0,0,1,0
0.9342530349792411,0,1,1.2411831999619152,-0.35677607689544366,3.8187584412336304,0.05166296462790623,1.2113207314074146,0.2988136858446318,-0.20754548514363116,1,6,3,10,3,0,0,0,0,0,0,1.1118744084144623,-0.3890048278734821,0.18498429626181262,0.6751309204948542,-0.44063125659122476,0,1,0,0,1,0,0,0
-0.4039061894044917,0,1,1.3102807544756376,-0.6331730751378931,-0.5870729848028888,-0.5084385388651563,-0.6433425637498494,-0.6268281613826937,-0.24659280806225808,3,4,0,4,8,0,0,0,0,0,0,-0.1774994726964126,0.697883934108429,-0.7077324501427847,-0.5007336819576637,-0.44063125659122476,0,1,0,0,0,0,0,0
-1.9768499139846563,1,0,-1.4536214260732527,-0.8857939875100244,-0.23460647071996735,-0.6684675398631742,-0.5698905520604528,-0.26144322168769674,-0.03183253200981009,4,3,1,3,8,0,0,0,0,0,0,-0.34941599017786257,0.7251802272175637,-0.8362169164477454,-0.5007336819576637,-0.44063125659122476,1,0,0,0,0,0,1,0
-1.0138680762875198,1,0,-1.246328762532086,-0.8739059445748653,-0.5618968052255373,-0.6773580399186196,-0.6066165579051511,-0.5537511734436943,-0.8323026518416616,1,1,0,3,8,0,0,0,0,0,0,-1.7247481300294623,0.5043284011527462,-0.9463464589948546,-1.2846434169260088,-0.44063125659122476,0,1,0,0,0,1,0,0
-0.6078670261673137,0,1,1.206634422705054,-0.5588728067931487,-0.5115444460708343,-0.37508103803347476,-0.5698905520604528,-0.5050331814843614,-0.05135619346912354,2,3,1,6,5,0,0,0,0,0,0,1.197832667155187,-0.2351529939856317,-0.5792479838378239,-0.37008205946293943,-0.44063125659122476,0,1,0,0,0,0,1,0
1.2235176576274784,0,0,1.5175734180168043,0.5288831217739106,0.2185647616723603,1.7186317250239258,0.642067640814591,3.2462521993842732,-0.5199240684926464,1,4,4,9,2,0,0,0,0,0,0,-0.1774994726964126,0.5390691378370995,1.192836473511115,0.41382767550540583,-0.44063125659122476,0,0,0,0,1,0,0,0
-1.572301042536854,1,0,-0.002572781285085367,-0.8857939875100244,-0.46119208691613117,-0.6551317897800061,-0.38626052283696133,-0.5537511734436943,-0.7737316674637214,3,3,0,4,7,0,0,0,0,0,0,-1.7247481300294623,-0.30215298616259884,-0.9129738703442155,-0.6313853044523878,-0.44063125659122476,0,1,0,0,0,1,0,0
0.4816417339221933,0,2,-0.3826093311105578,0.03850135069859699,0.4955027370232272,0.3583852165407738,2.0927448716801735,0.46932665770229703,1.8619626295435947,1,4,5,12,3,0,0,0,0,0,0,0.7680413734515622,0.7748098510523542,0.5704376951766948,0.9364341654843027,-0.44063125659122476,0,1,0,0,0,0,0,0
0.9550051366526288,0,0,0.5156588775678316,1.9495042525254251,-0.6626015235349434,3.185564234172423,0.23808157652290973,0.27445468986496535,-0.8518263133009751,1,5,6,8,3,0,0,0,1,0,0,-0.6072907664000375,0.32814323653924005,2.214037686220673,0.6751309204948542,1.033090511708265,0,0,1,0,0,1,0,0
-1.0007047792892763,1,0,-1.4881702033301138,-0.8768779553086551,-0.6374253439575919,-0.7173652901681241,-0.6066165579051511,-0.5293921774640278,-0.715160683085781,1,1,0,3,7,0,0,0,0,0,0,-0.6072907664000375,0.06014326783137155,-0.9563582355900464,-1.2846434169260088,-0.44063125659122476,0,0,1,0,0,0,1,0
1.0825626374576733,0,1,0.8611466501364429,1.925728166655107,-0.36048736860672503,0.06055346468335167,0.1829925677558623,-0.3588792056063626,-0.6175423757892137,2,5,4,9,3,0,0,0,0,0,0,0.8539996321922873,0.20903213933574294,1.0192990125277914,0.6751309204948542,-0.44063125659122476,0,0,0,1,1,0,0,0
-0.017439284651785854,0,1,-0.34806055385369666,-0.34786004469407433,-0.5367206256481858,-0.450650288504761,-0.20263049361346983,-0.16400723776903092,-0.5784950528705868,2,4,2,6,5,0,0,0,0,0,0,-0.09154121395568762,0.27603213151271005,-0.4791302178859065,-0.10877881447349098,-0.44063125659122476,0,0,1,0,0,0,1,0
-0.017439284651785854,1,0,0.2738174367698037,-0.8709339338410755,-0.5870729848028888,-0.641796039696838,-0.6433425637498494,-0.6024691654030272,-0.7346843445450945,2,2,0,3,6,0,0,0,0,0,0,-1.1230403188443874,0.08495807974876678,-0.931328794102067,-1.0233401719365605,-0.44063125659122476,0,1,0,0,0,1,0,0
-1.65217086951908,1,0,-1.3499750943026694,-0.8887659982438142,-0.4863682664934827,-0.6017887894473334,-0.40462352575931043,-0.5537511734436943,-0.715160683085781,3,2,1,3,6,0,0,0,0,0,0,-0.8651655426222125,-0.6718936837317878,-0.892950317153832,-0.762036926947112,-0.44063125659122476,0,0,1,0,0,1,0,0
0.956223092958516,0,0,-1.6263653123575585,2.9154077410071033,1.9808973320869676,2.163156727796198,-0.16590448776877154,-0.13964824178936447,-0.8518263133009751,1,10,4,8,8,0,0,0,0,0,0,-0.6072907664000375,0.84925428680454,2.4826870248583184,1.067085787979027,-0.44063125659122476,0,0,0,1,0,0,1,0
-1.62078507240583,0,0,-0.3826093311105578,-0.8947100197113937,-0.31013500945202194,-0.6640222898354515,-0.5698905520604528,-0.6268281613826937,-0.7542080060044078,1,1,0,3,8,0,0,0,0,0,0,-1.5528316125480124,0.7053283776836475,-0.931328794102067,-1.2846434169260088,-0.44063125659122476,0,1,0,0,1,0,0,0
-1.4960382399989867,1,0,0.8611466501364429,-0.8947100197113937,-0.5115444460708343,-0.7173652901681241,-0.6800685695945476,-0.6024691654030272,-0.7346843445450945,1,0,0,3,7,0,0,0,0,0,0,-1.3809150950665625,-0.2872640990121617,-0.971375900482834,-1.415295039420733,-0.44063125659122476,0,1,0,0,1,0,0,0
-1.6940498286522823,0,0,-1.2808775397889471,-0.9006540411789733,-0.6122491643802404,-0.7173652901681241,-0.5698905520604528,-0.6511871573623601,-0.3637347768181388,1,1,0,2,7,0,0,0,0,0,0,1.1118744084144623,-0.11356041559039508,-0.9430092001297907,-1.415295039420733,-0.44063125659122476,0,1,0,0,1,0,0,0
0.125576892343367,1,1,1.2411831999619152,-0.47268449551324504,-0.33531118902937346,-0.5351100390314927,-0.36789751991461217,-0.6024691654030272,-0.7737316674637214,6,4,2,4,7,0,0,0,0,0,0,1.1118744084144623,0.03036549353049727,-0.6293068668137827,0.15252443051595743,-0.44063125659122476,0,0,1,0,0,0,1,0
1.3510283139592196,0,0,-1.1081336535046415,1.0995091826615482,3.5669966454601147,-0.2595045373126841,2.8456279914964893,0.37189067378363116,3.6581394838004324,1,5,11,6,3,0,0,1,1,0,0,1.6276239608588121,-0.06144931056386509,1.3530248990341829,1.067085787979027,2.506812280007755,0,1,0,0,1,0,0,0
0.17293665485306223,0,0,1.2411831999619152,0.5942673579172857,-0.33531118902937346,-0.15726378667506155,-0.5331645462157545,-0.6511871573623601,-0.3442111153588253,1,9,4,6,7,0,1,0,0,0,0,2.143373513303162,-0.3195233545047755,0.129919524988258,0.6751309204948542,1.033090511708265,0,0,0,1,0,0,0,0
-1.217594690683825,1,1,1.3102807544756376,-0.8857939875100244,-0.6374253439575919,-0.7307010402512922,-0.6433425637498494,-0.6511871573623601,-0.7737316674637214,1,1,0,2,7,0,0,0,0,0,0,0.16633356226648732,-0.20041225730127837,-0.9830563065105578,-1.415295039420733,-0.44063125659122476,0,1,0,0,0,1,0,0
1.7425075773553849,0,0,0.9993417591638873,2.5676824851536995,1.6536069975813978,1.0740704710041316,0.642067640814591,2.4911233240146133,0.22197506696126482,1,5,6,7,1,0,0,1,0,0,0,0.8539996321922873,-0.592486285596123,2.2023572801929494,0.5444792980001301,1.033090511708265,0,0,1,0,0,0,1,0
1.1887122139630832,0,1,-0.10621911305566875,0.35947850994789315,2.232659127860483,0.5584214677882962,-0.2577195023805173,0.20137770192596596,0.6905429419847877,1,6,6,11,3,0,0,0,0,0,0,-0.8651655426222125,-0.2574863247112874,0.6088161721249299,1.197737410473751,-0.44063125659122476,0,1,0,0,0,0,1,0
-2.124972138569875,0,0,-1.6263653123575585,-0.7045013327488479,-0.38566354818407655,-0.6240150395859471,-0.6066165579051511,-0.5781101694233607,4.26337298903915,0,1,0,1,17,0,0,0,0,0,0,-1.1230403188443874,-0.35674557238086835,-0.38568696966411686,-1.6765982844101814,-0.44063125659122476,0,0,1,0,0,1,0,0
0.8947162995112067,0,1,-0.6589995491654468,1.7979317051021464,-0.36048736860672503,0.4961879674001781,-0.6800685695945476,-0.3588792056063626,3.8728997598528805,3,5,2,11,8,1,0,0,0,0,0,-0.7792072838814875,-0.5081159250769792,1.4164328174703973,0.8057825429895785,1.033090511708265,0,1,0,0,0,0,0,0
-0.866776430114975,0,1,0.9302442046501651,-0.7371934508205354,-0.6626015235349434,-0.6862485399740651,-0.6800685695945476,-0.6511871573623601,-0.500400407033333,2,2,0,4,7,0,0,0,0,0,0,0.5961248559701122,-0.06641227294734413,-0.8645836168007888,-0.8926885494418363,-0.44063125659122476,0,0,0,1,0,1,0,0
-0.8065812819201595,0,1,0.5502076548246927,-0.8174377406328595,-0.6626015235349434,-0.7173652901681241,-0.6800685695945476,-0.6268281613826937,-0.7542080060044078,1,1,0,3,5,0,0,0,0,0,0,0.2522918210072123,0.21151362052748246,-0.9413405706972587,-1.2846434169260088,-0.44063125659122476,0,1,0,0,0,1,0,0
-1.4263336637235897,1,0,-1.6954628668712808,-0.8857939875100244,-0.2597826502973189,-0.6329055396413925,-0.47807553744870707,-0.6511871573623601,-0.18802182368431772,2,3,1,2,7,1,0,0,0,0,0,-1.7247481300294623,-0.6470788718143925,-0.8562404696381289,-0.8926885494418363,1.033090511708265,0,1,0,0,0,1,0,0
-0.8845773299702511,1,0,-1.557267757843836,-0.8144657298990697,-0.46119208691613117,-0.6862485399740651,-0.5331645462157545,-0.4563151895250284,-0.6175423757892137,1,2,0,4,5,0,0,0,0,0,0,-0.7792072838814875,-0.12348634035735316,-0.8779326522610443,-1.0233401719365605,-0.44063125659122476,0,1,0,0,1,0,0,0
-1.0967359495611608,1,1,0.7920490956227206,-0.7728575796260128,-0.5367206256481858,-0.6551317897800061,-0.6800685695945476,-0.5537511734436943,-0.4808767455740195,3,2,0,4,5,0,0,0,0,0,0,-1.0370820601036626,0.24625435721183578,-0.8562404696381289,-0.762036926947112,-0.44063125659122476,0,1,0,0,0,0,0,0
-0.7557081839127124,1,0,0.17017110499922028,-0.8679619231072857,-0.5115444460708343,-0.6506865397522833,-0.12917848192407322,-0.6268281613826937,-0.7932553289230347,2,2,0,3,7,0,0,0,0,0,0,-0.6932490251407625,0.4968839575775276,-0.8879444288562361,-1.0233401719365605,-0.44063125659122476,0,1,0,0,0,1,0,0
-0.3653063434025245,0,1,0.44656132305410934,-0.059575003516465726,-0.6626015235349434,-0.4951027887819882,-0.6800685695945476,-0.5050331814843614,0.16340408258332445,4,6,2,5,8,0,0,0,0,0,0,1.971456995821712,0.17677288384312914,-0.3456398632833499,0.28317605301068166,-0.44063125659122476,0,0,0,1,0,0,1,0
0.6291081358811652,0,1,-0.20986544482625213,-0.059575003516465726,-0.5870729848028888,-0.36619053797802936,-0.6066165579051511,-0.4806741855046949,-0.4027820997367657,2,4,2,8,4,0,0,0,0,0,0,-0.43537424891858756,-0.07633819771430223,-0.3322908278230942,0.15252443051595743,-0.44063125659122476,0,0,0,1,1,0,0,0
-1.178760622315341,1,0,0.5502076548246927,-0.8293257835680186,-0.5870729848028888,-0.6684675398631742,-0.5331645462157545,-0.5293921774640278,-0.8127789903823482,2,2,1,3,6,0,0,0,0,0,0,-0.2634577314371376,-0.49819000031002114,-0.9096366114791515,-0.8926885494418363,-0.44063125659122476,0,1,0,0,0,0,0,0
0.5082493947585008,0,1,0.8611466501364429,0.8231121844190987,0.5710312757552818,-0.04168728595427087,0.1095405560664657,-0.4563151895250284,1.2567291243048777,1,5,6,11,2,0,1,0,0,0,0,-0.005582955214962636,0.15692103430921295,0.5704376951766948,1.067085787979027,1.033090511708265,0,0,1,0,0,1,0,0
-0.08461425936880164,1,1,0.653853986595276,-0.743137472288115,-0.6626015235349434,-0.6951390400295105,-0.6800685695945476,-0.6511871573623601,-0.8127789903823482,2,1,0,4,5,0,1,0,0,0,0,1.0259161496737372,-0.8282269988113777,-0.8979562054514278,-1.0233401719365605,1.033090511708265,0,1,0,0,0,0,1,0
-0.4387116330688869,0,1,1.69031730430111,-0.33299999102512545,-0.5367206256481858,-0.5039932888374337,-0.6800685695945476,-0.5293921774640278,-0.5589713914112733,4,6,1,4,8,0,0,0,0,0,0,-0.43537424891858756,0.8095505877367075,-0.5575558012149086,0.02187280802123322,-0.44063125659122476,0,1,0,0,1,0,0,0
1.312756379270376,0,0,-1.0390360989909193,0.27031818793419976,3.9446393391203878,1.7719747253565985,2.368189915515411,2.7834312757706106,-0.3051637924401984,1,5,11,5,3,0,0,0,0,0,0,0.2522918210072123,-0.7314492323335363,1.4581485532836962,0.9364341654843027,-0.44063125659122476,0,1,0,0,0,0,0,1
-0.23507870761918845,1,1,-1.0044873217340582,-0.44890840964292683,-0.5618968052255373,-0.4906575387542655,-0.6800685695945476,-0.43195619354536197,-0.24659280806225808,4,5,1,4,8,0,0,0,0,0,0,0.16633356226648732,0.645772829081899,-0.5859225015679518,-0.10877881447349098,-0.44063125659122476,0,1,0,0,0,1,0,0
-0.4053583680768958,1,0,0.41201254579724816,-0.8739059445748653,-0.6374253439575919,-0.7084747901126787,-0.6800685695945476,-0.6511871573623601,-0.8323026518416616,1,1,0,2,8,0,0,0,0,0,0,-0.2634577314371376,-0.14085670869952982,-0.9763817887804299,-1.415295039420733,-0.44063125659122476,0,0,0,1,1,0,0,0
0.8901255411274775,0,0,-0.2789629993399744,0.9836007640437469,2.2074829482831317,0.38950196673483284,1.74384781615554,3.0513802315469416,0.6319719576068473,1,6,6,7,3,0,0,1,0,0,0,0.3382500797479373,-0.644597390622653,1.266256168542521,0.6751309204948542,1.033090511708265,0,0,0,0,1,0,0,0
-0.7088637106093542,0,0,-1.211779985275225,-0.8947100197113937,-0.5870729848028888,-0.6773580399186196,-0.40462352575931043,-0.13964824178936447,-0.6565896987078406,1,2,1,2,9,0,0,0,0,0,0,-1.2089985775851124,0.35295804845663525,-0.8979562054514278,-1.1539917944312847,-0.44063125659122476,0,1,0,0,1,0,0,0
1.1952235957522501,0,0,0.7229515411089984,0.7606999590095134,-0.1339017524105612,1.225208971946704,-0.14754148484642238,0.4206086657429641,-0.285640130980885,1,4,5,13,1,0,0,1,0,0,0,0.5101665972293873,-0.31704187331303596,0.8691223635999152,1.067085787979027,1.033090511708265,0,1,0,0,1,0,0,0
-1.184241425691834,1,0,0.7575003183658595,-0.864989912373496,-0.6122491643802404,-0.672912789890897,-0.6433425637498494,-0.6024691654030272,-0.6956370216264675,2,2,0,3,6,0,0,0,0,0,0,0.16633356226648732,-0.5527825865282907,-0.9380033118321949,-1.0233401719365605,-0.44063125659122476,0,0,0,1,0,0,0,0
-0.7568792957452963,1,0,1.2757319772187765,-0.8382418157693879,-0.5870729848028888,-0.6062340394750562,-0.6800685695945476,-0.5293921774640278,-0.5589713914112733,2,2,0,4,6,0,0,0,0,0,0,-1.8107063887701873,-0.3542640911891288,-0.8829385405586403,-0.8926885494418363,-0.44063125659122476,0,1,0,0,1,0,0,0
-0.6071643590677633,1,0,0.37746376854038705,-0.8471578479707572,-0.4863682664934827,-0.6551317897800061,-0.6800685695945476,-0.6268281613826937,-0.38325843827745226,1,2,1,2,7,0,0,0,0,0,0,-0.34941599017786257,-0.4014122338321798,-0.8912816877213,-1.1539917944312847,-0.44063125659122476,0,0,1,0,1,0,0,0
0.5509715544111635,0,1,0.41201254579724816,0.8052801200163601,1.3514928426531794,1.1629754715585858,3.1394360382540754,1.6141994687466206,0.7100666034441011,3,8,4,8,5,0,0,0,0,0,0,-0.09154121395568762,0.58869876167189,1.4347877412282488,1.067085787979027,-0.44063125659122476,0,1,0,0,1,0,0,0
1.008642058584974,0,0,1.5866709725305266,2.0148884886688,1.1752595856117185,0.8206912194239366,0.34825959405700463,-0.3101612136470297,2.564814442078879,1,2,4,6,5,1,0,0,0,0,0,-1.5528316125480124,-0.5527825865282907,1.746821445111725,-0.2394304369682152,1.033090511708265,0,0,1,0,0,1,0,0
-0.028447735878075052,0,0,-0.14076789031252987,-0.701529322015058,0.042331504630899554,-0.5662267892255517,-0.38626052283696133,0.07958272202763367,-0.05135619346912354,1,2,2,5,2,0,0,0,0,0,0,1.799540478340262,-0.5378936993778536,-0.6376500139764425,-0.6313853044523878,-0.44063125659122476,0,1,0,0,0,0,1,0
1.636498534269885,0,0,1.6212197497873877,1.7682115977642485,1.905368793354913,2.985527982924901,1.7622108190778891,1.8334304325636188,-0.070879854928437,1,5,6,10,2,0,0,0,0,0,0,-0.2634577314371376,0.7748098510523542,2.5193968723740214,0.9364341654843027,-0.44063125659122476,0,0,0,1,0,1,0,0
0.016663491913058978,0,1,-0.8662922127066136,1.9287001773888968,-0.6626015235349434,-0.4239787883384247,-0.6800685695945476,-0.6511871573623601,2.5452907806195655,6,10,5,10,8,0,0,0,0,0,0,0.5101665972293873,0.4398098901675186,0.9909323121747481,2.112298767936821,-0.44063125659122476,0,0,0,1,0,0,0,1
-1.7161604200514673,1,0,0.37746376854038705,-0.9006540411789733,-0.6122491643802404,-0.704029540084956,-0.6066165579051511,-0.5781101694233607,-0.5980187143299003,2,1,1,2,7,1,0,0,0,0,0,-0.8651655426222125,0.7053283776836475,-0.9563582355900464,-1.1539917944312847,1.033090511708265,0,1,0,0,0,0,0,0
0.6160385278295282,0,0,0.5502076548246927,0.9657686996410082,-0.23460647071996735,0.04721771460018351,0.5869786320475435,-0.6511871573623601,-0.6956370216264675,1,5,3,5,2,0,0,0,0,0,1,2.229331772043887,-0.0738567165225627,0.49368074128022477,-0.10877881447349098,-0.44063125659122476,0,0,1,0,1,0,0,0
0.9512107343150568,0,0,1.3102807544756376,0.9717127211085878,0.042331504630899554,1.4430262233051172,-0.12917848192407322,-0.3101612136470297,0.24149872842057826,1,6,7,8,3,0,0,0,0,0,0,1.455707443377362,0.5862172804801504,1.07770104266641,0.9364341654843027,-0.44063125659122476,0,1,0,0,0,1,0,0
0.6274217348422443,1,1,0.5502076548246927,-0.5707608497283078,-0.5115444460708343,-0.33062853775624756,-0.6249795608275003,-0.43195619354536197,-0.1099271778470639,2,3,2,5,4,0,0,0,0,0,0,0.5961248559701122,0.21895806410270102,-0.5742420955402281,-0.37008205946293943,-0.44063125659122476,0,1,0,0,1,0,0,0
-1.0869922991140621,1,0,0.9993417591638873,-0.8679619231072857,-0.5618968052255373,-0.7129200401404014,-0.47807553744870707,-0.4563151895250284,-0.5394477299519599,2,2,0,3,8,0,0,0,0,0,0,-1.1230403188443874,0.020439568763539178,-0.9129738703442155,-1.0233401719365605,-0.44063125659122476,0,1,0,0,1,0,0,0
1.0742243212096756,1,2,1.413927086246221,1.640415136211288,0.8227930715287971,1.4252452231942263,0.38498559990170295,0.055223726047967214,0.5734009732289069,7,2,5,5,5,0,0,0,0,0,0,-0.09154121395568762,0.2586617631705334,1.5983134256163807,0.5444792980001301,-0.44063125659122476,0,1,0,0,0,0,1,0
1.8639284521576895,0,0,-0.07167033579880762,2.8886596444029955,-0.05837321367850659,2.5765649803744104,1.0460537051062724,0.055223726047967214,0.08530943674607064,0,9,7,11,3,0,0,1,0,0,0,1.885498737080987,-0.21778262564345505,2.691265703924813,1.5896922779579237,1.033090511708265,0,0,1,0,0,1,0,0
-0.8916040009657548,1,1,0.9993417591638873,-0.8204097513666493,-0.6626015235349434,-0.6818032899463424,-0.6066165579051511,-0.6024691654030272,-0.6956370216264675,3,2,1,3,5,0,0,0,0,0,0,0.08037530352576235,-0.1160418967821346,-0.9163111292092794,-0.762036926947112,-0.44063125659122476,0,0,1,0,0,0,1,0
-0.7606736980828684,1,0,0.5847564320815538,-0.8739059445748653,-0.5618968052255373,-0.7084747901126787,-0.6800685695945476,-0.5050331814843614,-0.7932553289230347,1,1,0,3,6,0,0,0,0,0,0,-1.2949568363258375,-0.6818196084987459,-0.9580268650225784,-1.2846434169260088,-0.44063125659122476,0,0,0,0,1,0,0,0
-0.6078670261673137,0,1,1.206634422705054,-0.5588728067931487,-0.5115444460708343,-0.37508103803347476,-0.5698905520604528,-0.5050331814843614,-0.05135619346912354,2,3,1,6,5,0,0,0,0,0,0,1.197832667155187,-0.2351529939856317,-0.5792479838378239,-0.37008205946293943,-0.44063125659122476,0,1,0,0,0,0,1,0
1.4425155703206785,0,0,-1.4190726488163916,0.8974124527638432,3.063473053913084,0.27392546601404216,-0.40462352575931043,2.953944247628276,-0.42230576119607915,1,6,8,13,2,0,0,0,0,0,0,2.143373513303162,-0.26493076828650597,0.9392047997662575,1.720343900452648,-0.44063125659122476,0,0,0,1,0,1,0,0
1.361896231765599,0,1,1.172085645448193,1.652303179146447,0.042331504630899554,1.0785157210318543,0.6604306437369402,0.7129166174989616,0.24149872842057826,1,8,9,4,4,0,0,0,0,0,0,0.9399578909330122,0.17677288384312914,1.4648230710138241,0.9364341654843027,-0.44063125659122476,0,0,0,1,0,0,0,1
1.2151793413794807,0,0,-1.0044873217340582,1.7147154045560327,0.2940933004044149,0.6784432185368096,-0.38626052283696133,-0.04221225787069863,-0.6175423757892137,1,4,5,10,2,0,0,0,0,0,0,0.9399578909330122,-0.3195233545047755,1.1461148494002202,0.6751309204948542,-0.44063125659122476,0,0,0,1,0,0,1,0
-0.4447077256517168,0,1,1.724866081557971,-0.7401654615543252,-0.6626015235349434,-0.7129200401404014,-0.6433425637498494,-0.6511871573623601,-0.7737316674637214,2,1,1,3,5,0,0,0,0,0,0,-0.34941599017786257,-0.5081159250769792,-0.8962875760188959,-1.0233401719365605,-0.44063125659122476,0,1,0,0,0,0,0,1
-0.5262171091995602,0,1,0.6884027638521372,-0.10118315378952264,-0.5870729848028888,-0.6195697895582243,0.03608854437706911,-0.5050331814843614,1.0810161711710569,7,7,1,5,8,0,0,0,0,0,0,1.541665702118087,0.3107728681970634,-0.2672142799543479,0.6751309204948542,-0.44063125659122476,0,1,0,0,0,0,1,0
1.2381331332981262,0,1,0.0665247732286369,1.331326019897151,2.408892384901944,1.3763474728892764,0.03608854437706911,3.075739227526608,-0.18802182368431772,1,10,2,11,8,0,0,0,0,0,0,0.8539996321922873,0.23880991363661722,1.621674237671828,1.197737410473751,-0.44063125659122476,0,0,0,0,0,0,0,0
-0.5308547120565926,1,1,-0.6589995491654468,-0.44593639890913706,-0.6626015235349434,-0.5173290389206018,-0.5698905520604528,-0.38323820158602906,-0.12945083930637735,5,3,4,3,6,1,0,0,0,0,0,-0.005582955214962636,-0.1805604077673622,-0.577579354405292,0.02187280802123322,1.033090511708265,0,1,0,0,0,0,0,1
-0.23133114975491978,1,1,0.7575003183658595,-0.8471578479707572,-0.6374253439575919,-0.6951390400295105,-0.6433425637498494,-0.6268281613826937,-0.6956370216264675,1,1,0,3,5,0,0,0,0,0,0,1.1118744084144623,0.2909210186631472,-0.9396719412647268,-1.2846434169260088,-0.44063125659122476,0,1,0,0,0,0,0,1
0.7103832970624918,0,1,-0.31351177659683555,0.07416547950407434,0.2185647616723603,0.24725396584770587,1.7071218103108416,0.20137770192596596,-0.3637347768181388,2,7,5,8,4,0,0,0,0,0,0,1.3697491846366372,-0.36915297833956595,0.286770691646262,0.9364341654843027,-0.44063125659122476,0,0,1,0,1,0,0,0
0.2825527223829206,1,1,0.10107355048549801,0.4516108426953763,-0.5618968052255373,-0.6329055396413925,-0.6800685695945476,-0.6511871573623601,-0.6761133601671541,7,8,2,6,7,0,1,0,0,0,0,-0.6932490251407625,-0.8232640364278987,-0.18545143776028197,1.067085787979027,1.033090511708265,0,0,1,0,0,0,1,0
-0.8483665521067552,1,0,1.2757319772187765,-0.8917380089776039,-0.23460647071996735,-0.6551317897800061,-0.12917848192407322,-0.06657125385036508,-0.09040351638775045,2,2,1,3,6,0,0,0,0,0,0,-1.3809150950665625,0.645772829081899,-0.7861580334717867,-0.8926885494418363,-0.44063125659122476,0,0,0,0,0,1,0,0
0.495460853546684,1,0,-1.6954628668712808,-0.487544549182194,-0.5618968052255373,-0.46843128861565186,-0.6800685695945476,-0.33452020962669615,-0.7737316674637214,2,3,1,6,4,0,0,0,0,0,0,-0.8651655426222125,-0.3493011288056498,-0.6376500139764425,-0.37008205946293943,-0.44063125659122476,0,0,1,0,0,0,1,0
0.016663491913058978,0,1,-0.8662922127066136,1.9287001773888968,-0.6626015235349434,-0.4239787883384247,-0.6800685695945476,-0.6511871573623601,2.5452907806195655,6,10,5,10,8,0,0,0,0,0,0,0.5101665972293873,0.4398098901675186,0.9909323121747481,2.112298767936821,-0.44063125659122476,0,0,0,1,0,0,0,1
1.3060576195879958,0,1,0.17017110499922028,0.8023081092825703,-0.46119208691613117,0.22058246568136955,-0.2944455082252156,-0.26144322168769674,-0.20754548514363116,1,4,3,5,1,0,0,0,0,0,0,0.9399578909330122,-0.7835603373600664,0.4402845994392021,-0.2394304369682152,-0.44063125659122476,0,1,0,0,0,0,0,0
-0.35345469165677484,1,1,0.7229515411089984,-0.23789564754385248,-0.6626015235349434,-0.6062340394750562,-0.6800685695945476,-0.6511871573623601,-0.6565896987078406,8,5,1,5,8,0,0,0,0,0,0,0.08037530352576235,0.7177357836423451,-0.5675675778101003,0.5444792980001301,-0.44063125659122476,0,0,0,1,1,0,0,0
-1.3748047430898955,2,1,-0.7280971036791691,-0.8293257835680186,-0.6626015235349434,-0.704029540084956,-0.6433425637498494,-0.6511871573623601,-0.3637347768181388,2,2,0,3,7,0,0,0,0,0,0,0.16633356226648732,-0.2450789187525898,-0.9079679820466197,-1.0233401719365605,-0.44063125659122476,0,1,0,0,1,0,0,0
-0.08302154727648746,0,0,-0.5899019946517245,-0.5024046028511429,0.4955027370232272,-0.33062853775624756,0.513526620358147,0.834711597397294,-0.6370660372485272,2,5,2,7,5,0,0,0,0,0,0,-1.2089985775851124,0.07751363617354821,-0.32394768066043444,0.15252443051595743,-0.44063125659122476,0,0,0,1,1,0,0,0
0.6195518633272801,0,1,-1.3845238715595305,0.46349888563053543,0.2185647616723603,1.1363039713922496,-0.07408947315702578,-0.3588792056063626,2.1352938899739833,2,6,6,7,4,0,0,0,0,0,0,0.9399578909330122,0.6135135735892853,0.8524360692745957,0.8057825429895785,-0.44063125659122476,0,1,0,0,1,0,0,0
2.001182758936529,0,0,-0.4862556628811412,1.708771383088453,2.937592156026326,2.8032727317882693,1.266409740174462,2.832149267729944,1.9400572753808485,0,5,7,9,1,0,0,1,1,0,0,1.541665702118087,-0.5105974062687187,2.681253927329621,0.8057825429895785,2.506812280007755,0,1,0,0,1,0,0,0
1.158497528682417,0,0,1.448475863503082,1.2837738481565146,0.9234977898382032,3.4656149859189544,3.3414290703999163,3.9526630827946008,1.6081550305725199,1,4,7,11,2,0,0,1,1,0,0,-0.005582955214962636,-0.06393079175560461,2.7947207287417943,1.067085787979027,2.506812280007755,0,1,0,0,0,0,1,0
-0.21559140672499139,0,1,-1.3499750943026694,-0.3092239051548072,-0.18425411156526428,-0.24616878722951593,0.23808157652290973,-0.28580221766736325,-0.4808767455740195,6,5,1,8,6,0,0,0,0,0,0,1.0259161496737372,-0.02670857387951176,-0.3172731629303066,0.6751309204948542,-0.44063125659122476,0,1,0,0,0,0,1,0
0.4257094327979835,0,1,0.2738174367698037,1.735519479692561,-0.6626015235349434,-0.48621228872654276,-0.6800685695945476,-0.6511871573623601,0.6319719576068473,2,8,5,11,5,0,0,0,0,0,0,1.455707443377362,0.707809858875387,0.6955849026165917,1.4590406554631996,-0.44063125659122476,0,0,0,1,0,0,1,0
-0.6220609015782312,1,1,-0.14076789031252987,-0.8382418157693879,-0.6122491643802404,-0.6773580399186196,-0.6800685695945476,-0.6268281613826937,-0.6565896987078406,2,2,0,3,7,0,0,0,0,0,1,-0.7792072838814875,-0.3244863168882545,-0.9263229058044712,-1.0233401719365605,-0.44063125659122476,0,1,0,0,0,1,0,0
-1.211176997841265,1,0,-0.002572781285085367,-0.8382418157693879,-0.6122491643802404,-0.6595770398077287,-0.6800685695945476,-0.6024691654030272,-0.6175423757892137,3,3,0,3,8,0,0,0,0,0,0,-0.43537424891858756,-0.26244928709476645,-0.9146424997767474,-0.762036926947112,-0.44063125659122476,0,1,0,0,1,0,0,0
1.302825350930064,0,0,0.7920490956227206,0.7963640878149907,-0.46119208691613117,0.29170646612493306,-0.2577195023805173,0.8590705933769603,-0.5199240684926464,1,4,3,6,1,0,0,0,1,0,0,-0.005582955214962636,-0.8480788483452939,0.5170415533356721,-0.10877881447349098,1.033090511708265,0,0,1,0,1,0,0,0
0.6819487017673533,1,1,0.7575003183658595,-0.31219591588859696,-0.43601590733877965,-0.48621228872654276,-0.3128085111475647,-0.13964824178936447,-0.7346843445450945,7,4,1,7,4,0,0,0,0,0,0,0.3382500797479373,-0.7785973749765873,-0.4874733650485663,0.5444792980001301,-0.44063125659122476,0,1,0,0,1,0,0,0
0.3457927613424543,0,1,1.1029880909344707,0.3386744348113647,0.8731454306835001,1.1629754715585858,0.7889716641933842,0.5911216376006293,-0.6565896987078406,3,7,8,10,5,0,0,0,0,0,0,0.4242083384886623,-0.019264130304293192,0.7406378972949546,1.720343900452648,-0.44063125659122476,0,0,0,1,1,0,0,0
-1.2780709057184607,1,1,-1.5918165351006972,-0.8441858372369675,-0.5870729848028888,-0.6684675398631742,-0.6800685695945476,-0.5537511734436943,-0.8323026518416616,3,2,0,4,6,0,0,0,0,0,0,-0.34941599017786257,-0.47337518839262593,-0.9346660529671309,-0.762036926947112,-0.44063125659122476,0,1,0,0,1,0,0,0
1.2448787374538097,0,0,-0.17531666756939102,-0.28841983001827876,-0.008020854523803517,1.2474352220853175,0.6971566495816385,-0.6511871573623601,3.501950192125925,1,5,7,12,2,0,0,0,1,0,0,1.541665702118087,-0.32944927927173356,0.6238338370177174,1.3283890329684753,1.033090511708265,0,0,0,0,1,0,0,0
-0.3147611567082009,2,0,-1.557267757843836,-0.7996056762301208,-0.5870729848028888,-0.44175978844931557,-0.4964385403710562,-0.4563151895250284,-0.38325843827745226,1,3,1,3,6,0,0,0,0,0,0,-1.1230403188443874,-0.6073751727465602,-0.7627972214163393,-0.8926885494418363,-0.44063125659122476,0,1,0,0,0,0,1,0
-1.2666876987057445,1,0,0.10107355048549801,-0.9006540411789733,-0.5618968052255373,-0.6951390400295105,-0.14754148484642238,-0.6511871573623601,-0.1489745007656908,1,1,1,2,6,1,0,0,0,0,0,-0.7792072838814875,0.7822542946275728,-0.8745953933959805,-1.2846434169260088,1.033090511708265,1,0,0,0,0,0,1,0
0.5896182448864341,0,0,-1.0390360989909193,1.5809749215354925,3.994991698275091,1.8164272256338256,-0.23935649945816811,-0.04221225787069863,0.6514956190661608,1,6,3,9,4,1,0,0,0,0,0,-1.8107063887701873,-0.06641227294734413,1.865294134821494,0.5444792980001301,1.033090511708265,0,1,0,0,0,1,0,0
-1.791814244436391,1,1,1.2757319772187765,-0.8857939875100244,-0.6122491643802404,-0.6995842900572332,-0.6433425637498494,-0.6268281613826937,-0.7542080060044078,2,1,0,3,8,0,0,0,0,0,0,0.7680413734515622,0.2363284324448777,-0.9663700121852381,-1.1539917944312847,-0.44063125659122476,0,1,0,0,0,0,1,0
1.5890450828135831,0,0,0.44656132305410934,1.88412001638205,-0.18425411156526428,3.007754233063514,-0.22099349653581898,1.6629174607059536,-0.1099271778470639,1,6,6,7,2,0,0,1,0,0,0,-0.34941599017786257,-0.7736344125931083,2.259090680899036,0.6751309204948542,1.033090511708265,0,0,0,1,1,0,0,0
0.7679551547523191,0,1,0.17017110499922028,1.491814599521799,1.3514928426531794,-0.02390628584337999,1.52349178108735,-0.38323820158602906,-0.20754548514363116,5,10,7,10,6,0,0,0,0,0,0,0.4242083384886623,0.6432913478901595,1.0126244947976635,2.242950390431545,-0.44063125659122476,0,0,0,0,0,0,1,0
0.6451757902242171,0,1,0.031975995971775764,0.19898993032324508,0.14303622294030569,0.10056071493285614,-0.6800685695945476,0.7616346094582945,-0.7346843445450945,2,5,4,10,4,0,0,0,0,0,0,0.7680413734515622,-0.4808196319678445,0.08653515974242712,0.8057825429895785,-0.44063125659122476,0,0,0,1,1,0,0,0
1.0940863778902996,0,0,-1.1081336535046415,-0.00013478884067014078,1.804664075045507,0.2828159660694876,2.0743818687578246,1.151378545132958,0.5929246346882204,1,6,3,13,3,0,0,0,0,0,0,1.455707443377362,0.4298839654005605,0.5437396242561835,1.067085787979027,-0.44063125659122476,0,1,0,0,0,0,1,0
0.6507502825473167,0,1,1.413927086246221,0.7636719697433032,-0.31013500945202194,-0.23727828717407048,-0.4964385403710562,-0.3101612136470297,-0.16849816222500427,3,8,2,10,5,0,0,0,0,0,0,0.2522918210072123,-0.5552640677200302,0.23838043810283527,1.067085787979027,-0.44063125659122476,0,0,0,1,0,0,1,0
0.5180398896789027,0,0,-0.969938544477197,1.4620944921839014,-0.31013500945202194,1.8831059760496665,0.01772554145471996,0.4206086657429641,-0.8518263133009751,1,4,5,13,3,0,1,0,0,0,0,0.16633356226648732,0.3132543493888029,1.4648230710138241,1.067085787979027,1.033090511708265,0,0,0,1,0,0,1,0
0.511669041309646,1,1,-1.5918165351006972,2.3626137445222044,-0.6626015235349434,-0.5395552890592153,-0.6800685695945476,-0.6511871573623601,-0.18802182368431772,11,3,4,10,8,0,1,0,0,0,0,1.7135822195995372,0.7276617084093033,0.957559723524109,1.720343900452648,1.033090511708265,0,0,1,0,1,0,0,0
1.220706989229277,1,0,0.9993417591638873,-0.49348857064977353,2.358540025747241,0.1672394653486969,-0.38626052283696133,2.418046336075614,0.3195933742578321,3,7,4,7,5,0,0,0,0,0,0,-0.2634577314371376,0.1395506659670363,0.09988419520268278,0.8057825429895785,-0.44063125659122476,0,1,0,0,1,0,0,0
0.31267371871697996,1,1,-1.0044873217340582,0.5526592076442288,-0.6626015235349434,0.07833446479424254,-0.4964385403710562,0.030864730068300754,-0.4418294226553926,12,7,4,9,7,0,0,0,0,0,0,-0.6072907664000375,0.6035876488223271,0.21501962604738786,2.242950390431545,-0.44063125659122476,0,1,0,0,1,0,0,0
1.4363320998446352,0,0,-0.7971946581928914,2.2942574976450394,1.049378687724961,-0.2817307874512977,-0.14754148484642238,1.5654814767872878,0.4757826659323397,1,3,4,8,1,0,1,1,0,0,0,-0.43537424891858756,0.11721733524138059,1.3863974876848222,0.15252443051595743,2.506812280007755,0,0,1,0,1,0,0,0
-1.249355243583502,1,0,-0.7971946581928914,-0.9006540411789733,-0.5870729848028888,-0.7218105401958469,-0.6433425637498494,-0.6024691654030272,-0.7346843445450945,1,1,0,2,8,0,0,0,0,0,0,-1.4668733538072873,0.022921049955278702,-0.9780504182129618,-1.415295039420733,-0.44063125659122476,0,1,0,0,1,0,0,0
0.38917074362136406,0,1,0.9993417591638873,0.6418195296579222,-0.15907793198791273,0.8918152198675001,0.03608854437706911,1.3218915169906231,-0.070879854928437,2,6,3,6,5,0,0,0,0,0,0,1.1118744084144623,0.15443955311747343,0.7723418565130616,0.28317605301068166,-0.44063125659122476,0,1,0,0,0,1,0,0
-0.9973788216847378,1,0,0.895695427393304,-0.8590458909059164,-0.5115444460708343,-0.6506865397522833,-0.6066165579051511,-0.5293921774640278,-0.46135308411470605,1,3,1,2,7,0,0,0,0,0,0,-0.43537424891858756,0.022921049955278702,-0.8912816877213,-1.0233401719365605,-0.44063125659122476,0,1,0,0,1,0,0,0
-1.15796167616865,1,1,1.4830246407599432,-0.864989912373496,-0.6122491643802404,-0.6462412897245606,-0.6066165579051511,-0.6511871573623601,-0.38325843827745226,2,1,1,2,8,0,0,0,0,0,0,1.6276239608588121,0.8666246551467166,-0.9012934643164918,-1.1539917944312847,-0.44063125659122476,0,1,0,0,0,0,1,0
-0.5794792753454786,1,1,0.17017110499922028,-0.41324428083744946,-0.5870729848028888,-0.08613978623149805,-0.6066165579051511,-0.06657125385036508,-0.05135619346912354,7,6,2,5,8,0,0,0,0,0,0,0.5961248559701122,0.5341061754536205,-0.36733204590626534,0.6751309204948542,-0.44063125659122476,0,1,0,0,0,0,0,0
1.4559599341587424,0,0,-1.0735848762477804,1.640415136211288,0.8731454306835001,1.794200975495212,0.05445154729941826,-0.04221225787069863,1.530060384735266,1,7,6,8,3,0,0,1,0,0,0,0.3382500797479373,0.3479950860731562,1.78519992205996,0.9364341654843027,1.033090511708265,0,1,0,0,0,0,1,0
0.43854481848310367,0,0,0.9302442046501651,0.9330765815693206,-0.2849588298746704,-0.26839503736812953,-0.3128085111475647,-0.4806741855046949,0.026738452368130272,1,11,2,8,6,0,1,0,0,0,0,1.197832667155187,-0.20537521968475742,0.34517272178488057,0.9364341654843027,1.033090511708265,0,0,0,1,0,1,0,0
-0.34755228802055166,1,1,1.172085645448193,-0.8114937191652799,-0.6374253439575919,-0.704029540084956,-0.6800685695945476,-0.6511871573623601,-0.6956370216264675,2,2,0,3,6,0,0,0,0,0,0,-0.2634577314371376,-0.6669307213483088,-0.9279915352370031,-1.0233401719365605,-0.44063125659122476,0,1,0,0,0,1,0,0
1.2020628888545404,0,0,1.5175734180168043,0.20196194105703485,-0.08354939325585813,0.9673844703387863,3.9106821609927396,-0.3588792056063626,1.2567291243048777,1,4,5,9,2,0,0,0,1,0,0,-0.7792072838814875,-0.5056344438852397,0.9091694699806823,0.5444792980001301,1.033090511708265,0,1,0,0,1,0,0,0
-0.5286530218113348,1,1,0.7920490956227206,-0.8382418157693879,-0.6626015235349434,-0.6818032899463424,-0.6800685695945476,-0.6511871573623601,-0.7932553289230347,2,1,0,3,7,0,0,0,0,0,0,0.3382500797479373,0.010513643996581086,-0.9446778295623227,-1.1539917944312847,-0.44063125659122476,0,0,0,1,0,1,0,0
0.2536965268280519,0,1,1.6212197497873877,-0.47862851698082465,-0.5115444460708343,-0.5084385388651563,-0.47807553744870707,-0.4563151895250284,-0.5199240684926464,2,4,1,5,5,0,0,0,0,0,0,-0.5213325076593126,-0.6991899768409225,-0.6126205724884631,-0.37008205946293943,-0.44063125659122476,0,1,0,0,0,1,0,0
1.3352885709292914,0,1,0.23926865951294254,2.5112142812116933,1.1249072264570155,1.256325722140763,0.5869786320475435,1.0783015571939585,-0.3442111153588253,1,11,8,8,5,0,0,0,0,0,0,-0.5213325076593126,0.7748098510523542,2.0538492606976053,1.720343900452648,-0.44063125659122476,0,0,0,1,1,0,0,0
0.24423394322077352,0,0,-1.0735848762477804,-0.11009918599089198,2.8620636172942713,1.9231132262991708,-0.05572647023467663,-0.3588792056063626,1.6276786920318334,1,7,5,7,6,0,0,0,0,0,0,0.16633356226648732,0.15940251550095247,0.959228352956641,0.6751309204948542,-0.44063125659122476,0,1,0,0,0,0,0,0
0.9087696415022142,0,1,0.2738174367698037,1.3342980306309409,0.4199741982911726,0.2650349659585967,0.5869786320475435,-0.4075971975656955,3.131000624398969,2,8,5,13,4,0,0,0,0,0,0,0.3382500797479373,0.3852173039492491,1.1694756614556676,1.720343900452648,-0.44063125659122476,0,0,0,1,1,0,0,0
0.15738428971634727,1,0,-1.3845238715595305,-0.5321247101890406,-0.5115444460708343,-0.4150882882829792,-0.5331645462157545,-0.5537511734436943,-0.4808767455740195,1,3,1,6,4,0,0,0,0,0,0,-0.09154121395568762,-0.35922705357260787,-0.615957831353527,-0.5007336819576637,-0.44063125659122476,0,0,1,0,0,0,0,0
-2.0809383336647183,1,1,-1.522718980586975,-0.8857939875100244,-0.5367206256481858,-0.7218105401958469,-0.44134953160400875,-0.5537511734436943,-0.3637347768181388,4,2,1,3,6,0,0,0,0,0,0,-0.7792072838814875,0.5117728447279648,-0.9129738703442155,-0.6313853044523878,-0.44063125659122476,0,1,0,0,0,1,0,0
0.3597055699135517,0,1,-1.211779985275225,1.1500333651359744,-0.4863682664934827,-0.4328692883938701,-0.6800685695945476,-0.4806741855046949,-0.4027820997367657,4,2,2,7,8,0,1,0,0,0,0,-0.6932490251407625,-0.009338205537335099,0.32181190972943313,0.02187280802123322,1.033090511708265,0,0,0,0,0,0,0,0
1.1926471497205653,0,1,-0.45170688562428,0.5556312183780187,0.5458550961779303,0.28726121609721034,1.376587757708557,1.9065074205026182,1.7643443222470274,2,5,7,12,1,0,0,1,0,0,0,0.08037530352576235,-0.42126408336609594,0.8624478458697874,1.4590406554631996,1.033090511708265,0,1,0,0,0,0,1,0
-0.4324344736462369,0,0,-0.037121558541946494,-0.37163613056439254,-0.6122491643802404,-0.4550955385324837,0.01772554145471996,-0.2370842257080303,0.2805460513392052,1,5,1,6,5,0,0,0,0,0,0,-1.8966646475109123,-0.06393079175560461,-0.41071641115209623,-0.2394304369682152,-0.44063125659122476,0,1,0,0,1,0,0,0
0.37839651476159164,0,1,0.2738174367698037,2.211041197098926,-0.6626015235349434,0.22502771570909227,-0.6800685695945476,-0.6511871573623601,-0.6175423757892137,5,11,3,5,6,0,0,0,0,0,0,-0.6072907664000375,0.5241802506866624,1.1227540373447729,1.197737410473751,-0.44063125659122476,0,0,0,1,0,1,0,0
0.18895746472281075,0,0,-0.9353897672203358,1.3551021057674693,0.2940933004044149,-0.277285537423575,0.23808157652290973,-0.43195619354536197,-0.1099271778470639,2,7,3,4,4,0,1,0,0,0,0,2.143373513303162,-0.644597390622653,0.6588750551008886,0.15252443051595743,1.033090511708265,0,1,0,0,1,0,0,0
-0.5360544485932655,1,0,1.5866709725305266,-0.8887659982438142,-0.6626015235349434,-0.704029540084956,-0.6433425637498494,-0.6511871573623601,-0.8518263133009751,1,0,0,3,4,0,0,0,0,0,0,-1.1230403188443874,-0.06641227294734413,-0.9830563065105578,-1.415295039420733,-0.44063125659122476,0,1,0,0,0,0,1,0
-0.14265456179166255,0,1,-0.7626458809360303,-0.6004809570662055,-0.6374253439575919,-0.672912789890897,-0.6433425637498494,-0.6511871573623601,-0.38325843827745226,1,3,0,4,7,0,0,0,0,0,0,0.2522918210072123,-0.4163011209826169,-0.7678031097139352,-0.8926885494418363,-0.44063125659122476,0,1,0,0,0,0,0,0
-0.3879322240080465,1,1,0.031975995971775764,-0.7342214400867456,-0.6122491643802404,-0.5128837888928791,-0.6066165579051511,-0.6024691654030272,-0.4027820997367657,3,2,1,4,6,0,0,0,0,0,0,-0.005582955214962636,0.22392102648618006,-0.776146256876595,-0.6313853044523878,-0.44063125659122476,0,0,1,0,1,0,0,0
0.28058525450417954,0,1,-0.5208044401380023,1.4769545458528501,-0.6626015235349434,-0.3839715380889202,-0.6800685695945476,-0.6511871573623601,-0.16849816222500427,5,8,3,12,5,0,1,0,0,0,0,0.3382500797479373,-0.592486285596123,0.5203788122007361,1.720343900452648,1.033090511708265,0,0,0,1,0,0,0,0
-0.7957602085870837,0,0,0.7575003183658595,-0.8025776869639105,-0.5618968052255373,-0.4462050384770383,-0.6249795608275003,-0.4075971975656955,-0.46135308411470605,1,2,1,4,7,0,0,0,0,0,0,-1.9826229062516374,0.0750321549818087,-0.7794835157416589,-0.8926885494418363,-0.44063125659122476,0,1,0,0,1,0,0,0
1.4628929162076394,0,0,1.5175734180168043,0.30598231673967713,0.042331504630899554,-0.2950665375344658,1.52349178108735,1.151378545132958,-0.500400407033333,1,5,9,4,3,0,0,0,0,0,0,0.7680413734515622,0.7053283776836475,0.23838043810283527,0.5444792980001301,-0.44063125659122476,0,0,1,0,0,0,1,0
-0.17502409284428314,1,0,-0.34806055385369666,-0.6153410107351545,-0.5870729848028888,-0.4462050384770383,-0.4597125345263579,-0.4806741855046949,-0.18802182368431772,3,4,1,4,7,0,0,0,0,0,0,-0.43537424891858756,-0.5999307291713416,-0.6426559022740383,-0.37008205946293943,-0.44063125659122476,0,1,0,0,0,0,1,0
0.10716701433514718,0,1,-1.0735848762477804,-0.6955853005474785,0.6969121736420395,-0.25505928728496136,0.7889716641933842,-0.43195619354536197,0.026738452368130272,2,4,1,7,5,0,0,0,0,0,0,-0.8651655426222125,0.15443955311747343,-0.3956987462593086,-0.10877881447349098,-0.44063125659122476,0,0,0,0,1,0,0,0
-0.9327334485261034,1,0,1.3793783089893599,-0.6093969892675749,-0.6626015235349434,-0.672912789890897,-0.6433425637498494,-0.6268281613826937,-0.7542080060044078,3,2,1,4,7,0,0,0,0,0,0,-0.1774994726964126,-0.07881967890604175,-0.8045129572296382,-0.6313853044523878,-0.44063125659122476,0,0,0,1,1,0,0,0
-1.0231432820015849,0,1,-0.7626458809360303,-0.796633665496331,-0.6626015235349434,-0.7307010402512922,-0.6800685695945476,-0.6511871573623601,-0.7737316674637214,1,1,0,3,7,0,0,0,0,0,0,0.6820831147108373,0.3728098979905515,-0.9380033118321949,-1.2846434169260088,-0.44063125659122476,0,1,0,0,0,1,0,0
1.5821121007646861,0,0,1.3448295317324988,1.2183896120131394,1.2507881243437733,1.0162822206437363,1.4500397693979536,-0.6511871573623601,-0.6175423757892137,1,4,6,9,1,0,0,0,0,0,0,0.5961248559701122,0.19662473337704534,1.1828246969159233,0.6751309204948542,-0.44063125659122476,0,0,0,1,0,0,0,0
-1.629170233127131,1,1,1.6212197497873877,-0.850129858704547,-0.6122491643802404,-0.6551317897800061,-0.6800685695945476,-0.6024691654030272,-0.7346843445450945,5,3,0,4,7,0,0,0,0,0,0,0.7680413734515622,-0.5180418498439373,-0.929660164669535,-0.37008205946293943,-0.44063125659122476,0,0,1,0,0,0,1,0
0.675109408665063,0,1,1.1375368681913318,1.7979317051021464,-0.38566354818407655,0.22947296573681497,-0.6800685695945476,-0.6511871573623601,-0.4027820997367657,2,9,3,5,5,0,0,0,0,0,0,1.1118744084144623,0.271069169129231,0.9291930231710657,0.5444792980001301,-0.44063125659122476,0,0,0,1,1,0,0,0
-0.14851012095458233,1,1,-1.4190726488163916,-0.6866692683461092,0.7724407123740941,-0.2950665375344658,0.6237046378922418,-0.28580221766736325,-0.8518263133009751,5,6,1,5,9,0,0,0,0,0,0,-0.005582955214962636,0.5489950626040576,-0.48079884731843847,0.28317605301068166,-0.44063125659122476,0,1,0,0,1,0,0,0
-1.2949349161076695,0,0,-1.4881702033301138,-0.8560738801721266,0.24374094124971185,-0.6462412897245606,-0.3128085111475647,0.8590705933769603,1.2567291243048777,1,4,1,3,8,0,0,0,0,0,0,-1.8107063887701873,0.5068098823444858,-0.5692362072426322,-0.762036926947112,-0.44063125659122476,1,0,0,0,1,0,0,0
-0.1590969719211413,1,0,-0.5899019946517245,-0.8352698050355981,-0.23460647071996735,-0.6373507896691152,0.1095405560664657,-0.16400723776903092,-0.6761133601671541,1,2,1,4,3,0,0,0,0,0,0,-0.8651655426222125,-0.3865233466817426,-0.7828207746067228,-0.8926885494418363,-0.44063125659122476,0,1,0,0,0,1,0,0
0.3855168747037021,0,1,-1.4881702033301138,0.062277436568915226,1.427021381385234,0.593983468010078,0.8991496817274791,0.7616346094582945,0.9248268794965492,1,6,4,12,3,0,0,0,0,0,0,-0.8651655426222125,0.28595805627966814,0.565431806879099,1.067085787979027,-0.44063125659122476,0,1,0,0,0,1,0,0
0.29000099363815457,0,1,0.5847564320815538,-0.24681167974522183,1.955721152509616,0.01165571437840176,1.1929577284850654,1.2488145290516237,0.788161249281355,3,9,2,8,7,0,0,0,0,0,1,0.8539996321922873,0.4398098901675186,0.2567353618606868,0.9364341654843027,-0.44063125659122476,0,1,0,0,1,0,0,0
1.0958196234025237,0,1,-1.211779985275225,0.46052687489674565,-0.2849588298746704,0.020546214433847198,1.9274778453790313,-0.09093024983003155,-0.24659280806225808,2,5,4,12,2,0,0,0,0,0,0,1.2837909258959121,-0.6644492401565693,0.3952316047608393,1.067085787979027,-0.44063125659122476,0,1,0,0,0,0,1,0
-1.1089623570933373,0,0,1.0684393136776096,-0.9006540411789733,-0.43601590733877965,-0.7084747901126787,-0.6433425637498494,-0.3101612136470297,-0.6565896987078406,1,2,0,3,6,0,0,0,0,0,0,0.6820831147108373,-0.8158195928526801,-0.9363346823996629,-1.1539917944312847,-0.44063125659122476,1,0,0,0,1,0,0,0
1.468607941950649,1,2,1.69031730430111,0.3832545958182114,1.578078458849343,2.1498209777130297,-0.38626052283696133,1.8334304325636188,1.1395871555489971,10,4,6,9,7,0,0,0,0,0,0,-0.09154121395568762,0.7425505955597405,1.314646422085948,1.8509955229473722,-0.44063125659122476,0,1,0,0,0,1,0,0
-0.9059384097965825,1,1,-1.3499750943026694,-0.8887659982438142,-0.6626015235349434,-0.7262557902235696,-0.6800685695945476,-0.6511871573623601,-0.8323026518416616,1,1,0,2,7,0,0,0,0,0,0,0.6820831147108373,-0.8158195928526801,-0.9930680831057495,-1.415295039420733,-0.44063125659122476,0,0,0,1,0,0,1,0
-1.0423026715826584,1,1,-1.4881702033301138,-0.8768779553086551,-0.6374253439575919,-0.7262557902235696,-0.6800685695945476,-0.5537511734436943,-0.6956370216264675,1,0,0,3,6,0,0,0,0,0,0,0.3382500797479373,0.3256617553475005,-0.9663700121852381,-1.415295039420733,-0.44063125659122476,0,1,0,0,0,0,1,0
-0.7310211464818426,0,1,0.13562232774235916,-0.6450611180730522,-0.5870729848028888,-0.6284602896136697,-0.6249795608275003,-0.6024691654030272,-0.5980187143299003,2,3,0,4,7,0,0,0,0,0,0,0.3382500797479373,0.14947659073399439,-0.7861580334717867,-0.762036926947112,-0.44063125659122476,0,1,0,0,0,0,1,0
1.2752808006276894,1,1,-0.5553532173948634,-0.17548342213426713,-0.2597826502973189,0.2516992158754286,-0.2944455082252156,0.3962496697632977,-0.5394477299519599,2,8,1,8,6,0,0,0,0,0,0,0.16633356226648732,-0.6867825708822249,-0.06697874805051299,0.5444792980001301,-0.44063125659122476,0,1,0,0,0,1,0,0
1.3310257238586858,0,0,-1.2808775397889471,-0.2824758085506992,-0.18425411156526428,1.2874424723348221,2.258011897981316,2.807790271750277,0.4367353430137128,1,2,9,13,1,0,0,0,0,0,0,-0.09154121395568762,-0.12348634035735316,0.7473124150250823,1.3283890329684753,-0.44063125659122476,0,0,0,1,1,0,0,0
0.12304729078498564,0,1,-1.4190726488163916,-0.2616717334141707,-0.6122491643802404,-0.7129200401404014,-0.6800685695945476,-0.6511871573623601,-0.6761133601671541,2,5,1,4,7,0,0,0,0,0,0,1.455707443377362,-0.5577455489117698,-0.619295090218591,-0.37008205946293943,-0.44063125659122476,0,0,0,1,1,0,0,0
1.250546918723516,0,0,1.3102807544756376,1.2837738481565146,3.4411157475733574,2.896622982370446,3.212888049943472,3.3193291873232726,0.3391170357171455,1,4,7,10,2,0,1,0,0,0,0,1.0259161496737372,0.7351061519845219,2.5844734202427677,0.9364341654843027,1.033090511708265,0,1,0,0,1,0,0,0
-0.46382027075948695,1,0,-0.5208044401380023,0.2643741664666202,-0.5367206256481858,-0.13503753653644796,-0.5515275491381036,-0.5293921774640278,-0.32468745389951187,5,10,1,6,9,1,0,0,0,0,0,-1.0370820601036626,0.8045876253532285,-0.051961083157725366,0.9364341654843027,1.033090511708265,0,0,1,0,0,0,1,0
-0.017439284651785854,0,1,1.5866709725305266,-0.11901521819226131,-0.6626015235349434,-0.6462412897245606,-0.4597125345263579,-0.5050331814843614,2.0181519212181023,3,6,1,5,7,0,0,0,0,0,0,1.197832667155187,-0.22026410683519457,-0.2572025033591561,0.02187280802123322,-0.44063125659122476,0,1,0,0,0,1,0,0
-0.9804679668222255,1,0,1.172085645448193,-0.8531018694383369,-0.6626015235349434,-0.6773580399186196,-0.5515275491381036,-0.5781101694233607,-0.8127789903823482,1,1,0,3,7,0,0,0,0,0,0,-0.6072907664000375,0.22392102648618006,-0.9363346823996629,-1.2846434169260088,-0.44063125659122476,0,1,0,0,0,0,0,0
0.8723714857455047,0,1,-0.6935483264223079,-0.49348857064977353,0.31926947998176647,-0.4595407885602064,0.32989659113465547,-0.21272522972836383,-0.4418294226553926,1,4,1,7,2,0,0,0,0,0,0,1.455707443377362,-0.7860418185518059,-0.45076351753286326,-0.2394304369682152,-0.44063125659122476,0,0,1,0,0,0,1,0
0.40795537741601073,1,1,1.3448295317324988,0.7755600126784623,-0.5115444460708343,-0.450650288504761,-0.6800685695945476,-0.5050331814843614,-0.4808767455740195,5,9,2,8,7,0,1,0,0,0,0,-0.5213325076593126,0.26610620674575197,0.0948783069050869,1.197737410473751,1.033090511708265,0,0,0,1,1,0,0,0
-0.8572670020343932,1,1,-0.9353897672203358,-0.7877176332949617,-0.6374253439575919,-0.641796039696838,-0.6249795608275003,-0.5537511734436943,-0.6175423757892137,3,2,0,4,7,0,0,0,0,0,0,-0.2634577314371376,0.24625435721183578,-0.8729267639634485,-0.762036926947112,-0.44063125659122476,0,1,0,0,1,0,0,0
0.6476585473092951,0,1,0.3083662140266648,-0.39244020570092103,1.1752595856117185,-0.3261832877285249,1.0644167080286215,1.2488145290516237,-0.18802182368431772,2,2,4,10,1,0,0,0,0,0,1,1.197832667155187,0.24129139482835674,-0.09868270726862018,0.41382767550540583,-0.44063125659122476,0,1,0,0,0,0,1,0
0.6447073454911835,0,1,0.17017110499922028,1.0044048391802753,-0.31013500945202194,-0.5217742889483244,-0.6800685695945476,-0.4806741855046949,0.26102238987989174,1,9,2,9,5,0,0,0,0,0,0,-0.2634577314371376,-0.6222640598969973,0.2750902856185383,0.8057825429895785,-0.44063125659122476,0,1,0,0,1,0,0,0
-1.1574932314356163,1,0,-1.0390360989909193,-0.8471578479707572,-0.5870729848028888,-0.6240150395859471,-0.4964385403710562,-0.43195619354536197,-0.7932553289230347,3,2,0,4,8,0,0,0,0,0,0,-0.2634577314371376,0.807069106544968,-0.8912816877213,-0.762036926947112,-0.44063125659122476,0,0,0,1,0,1,0,0
-1.7148487747989734,0,0,-0.7626458809360303,-0.8828219767762346,-0.5618968052255373,-0.6818032899463424,-0.40462352575931043,-0.4563151895250284,-0.5199240684926464,2,2,0,4,5,0,0,0,0,0,0,-0.09154121395568762,-0.03167153626299081,-0.9012934643164918,-0.8926885494418363,-0.44063125659122476,0,0,0,0,1,0,0,0
0.6140710599507871,0,1,-0.6935483264223079,-0.13684728259499998,2.031249691241671,0.5539762177605735,0.8624236758827808,0.2500956938852989,0.8272085721999819,4,10,3,13,7,0,0,0,0,0,0,0.8539996321922873,0.3132543493888029,0.43194145227654235,1.9816471454420963,-0.44063125659122476,0,1,0,0,1,0,0,0
-0.8840151962906108,0,0,-1.1772312080183638,-0.6064249785337852,1.1249072264570155,0.340604216429883,1.3031357460191604,1.6385584647262872,3.423855546288671,3,9,1,8,9,0,0,0,0,0,0,0.8539996321922873,0.8418098432293213,0.38521982816564754,0.8057825429895785,-0.44063125659122476,0,0,1,0,0,0,0,1
1.3579144515348134,0,0,0.7575003183658595,-0.4281043345063984,1.3514928426531794,0.9007057199229456,0.5502526262028453,0.2988136858446318,-0.05135619346912354,1,3,3,8,1,0,0,0,0,0,0,-1.4668733538072873,0.6532172726571176,0.2533981029956229,0.02187280802123322,-0.44063125659122476,0,0,0,0,0,1,0,0
0.7284184192842847,0,1,1.5175734180168043,-0.4221603130388188,0.11786004336295416,-0.17504478678595242,-0.5331645462157545,-0.2370842257080303,0.49530632739165315,2,4,2,7,3,0,0,0,0,0,0,1.885498737080987,-0.1706344830004041,-0.3172731629303066,0.02187280802123322,-0.44063125659122476,0,0,0,1,1,0,0,0
-0.05327530672885494,1,1,-0.7626458809360303,-0.7134173649502172,-0.6374253439575919,-0.6462412897245606,-0.6800685695945476,-0.6268281613826937,-0.32468745389951187,2,2,1,3,6,0,0,0,0,0,0,0.5961248559701122,-0.1259678215490927,-0.8178619926898939,-0.8926885494418363,-0.44063125659122476,0,1,0,0,0,1,0,0
1.709716446043034,0,0,1.3102807544756376,1.9405882203240559,3.1893539517998413,1.9809014766595663,1.137868719718018,1.6629174607059536,2.1352938899739833,1,4,7,8,1,1,0,1,1,0,0,-1.7247481300294623,-0.7066344204161411,2.444308547910083,0.6751309204948542,3.980534048307244,0,0,1,0,0,0,1,0
-2.243816567340495,1,1,-0.6935483264223079,-0.8887659982438142,-0.6626015235349434,-0.735146290279015,-0.6617055666721985,-0.6268281613826937,-0.8323026518416616,15,0,0,0,19,0,0,0,0,0,0,0.5101665972293873,-0.8356714423865963,-0.9930680831057495,0.02187280802123322,-0.44063125659122476,0,0,0,1,1,0,0,0
-0.481480637194853,1,1,0.6193052093384149,-0.8441858372369675,-0.5870729848028888,-0.7218105401958469,-0.6433425637498494,-0.6511871573623601,-0.8127789903823482,2,1,0,3,3,0,0,0,0,0,0,-0.2634577314371376,-0.7240047887583178,-0.9563582355900464,-1.1539917944312847,-0.44063125659122476,0,0,0,1,0,1,0,0
0.46262287776102984,0,0,-1.246328762532086,0.10091357610818236,-0.5618968052255373,-0.34396428783941574,-0.47807553744870707,-0.4563151895250284,-0.5980187143299003,1,4,2,9,4,0,0,0,0,0,0,0.4242083384886623,-0.3095974297378174,-0.2355103207362407,0.15252443051595743,-0.44063125659122476,0,0,0,1,0,1,0,0
0.6354321397771185,0,0,-0.037121558541946494,-0.19034347580321603,1.0242025081476094,1.4830334735546218,2.974169011952933,-0.6511871573623601,2.3305305045671174,3,3,5,6,2,0,0,0,0,0,0,1.0259161496737372,-0.4287085269413145,0.9425420586313213,0.28317605301068166,-0.44063125659122476,0,0,1,0,0,0,1,0
1.3561343615492858,0,0,0.37746376854038705,0.5318551325077003,1.150083406034367,1.7808652254120438,1.0460537051062724,-0.3588792056063626,1.2567291243048777,1,4,4,10,1,0,0,0,0,0,0,1.541665702118087,-0.7314492323335363,1.2212031738641582,0.5444792980001301,-0.44063125659122476,0,1,0,0,0,1,0,0
0.30110313381105047,0,1,-1.522718980586975,0.5615752398455982,-0.008020854523803517,0.17612996540414236,1.4500397693979536,1.2975325210109567,0.7100666034441011,4,8,3,12,6,0,0,0,0,0,0,-0.1774994726964126,0.4919209951940486,0.6622123139659525,1.5896922779579237,-0.44063125659122476,0,1,0,0,0,1,0,0
0.04364590853579335,1,1,-0.20986544482625213,-0.5915649248648363,-0.6626015235349434,-0.6951390400295105,-0.6800685695945476,-0.6268281613826937,-0.8518263133009751,2,2,1,4,5,0,0,0,0,0,0,0.8539996321922873,-0.6098566539382997,-0.81452473382483,-0.762036926947112,-0.44063125659122476,0,0,0,1,1,0,0,0
-0.017439284651785854,2,1,-1.557267757843836,-0.22006358314111382,0.39479801871382103,0.1138964650160243,0.2197185736005606,0.2500956938852989,0.1829277440426379,12,7,2,8,9,0,0,0,0,0,0,1.0259161496737372,0.6060691300140666,-0.0019022001817666345,1.8509955229473722,-0.44063125659122476,0,0,0,1,1,0,0,0
-0.8344537435356577,0,1,-0.34806055385369666,-0.8768779553086551,-0.6374253439575919,-0.7173652901681241,-0.6433425637498494,-0.6268281613826937,-0.7737316674637214,1,0,0,3,4,0,0,0,0,0,0,-0.1774994726964126,-0.2674122494782455,-0.971375900482834,-1.415295039420733,-0.44063125659122476,0,0,1,0,1,0,0,0
-1.4711169802016002,1,0,0.3083662140266648,-0.8917380089776039,-0.6374253439575919,-0.7129200401404014,-0.6066165579051511,-0.6268281613826937,-0.6761133601671541,1,1,1,2,5,0,0,0,0,0,0,-1.6387898712887374,-0.7463381194839734,-0.9663700121852381,-1.2846434169260088,-0.44063125659122476,0,1,0,0,0,1,0,0
-0.7446528882131198,2,1,-0.5208044401380023,-0.8441858372369675,-0.5618968052255373,-0.6951390400295105,-0.5698905520604528,-0.5537511734436943,-0.5199240684926464,2,2,0,3,6,0,0,0,0,0,0,-0.2634577314371376,-0.5900048044043835,-0.9062993526140877,-1.0233401719365605,-0.44063125659122476,0,1,0,0,1,0,0,0
0.012775400628880239,2,1,-1.6263653123575585,-0.8679619231072857,-0.6626015235349434,-0.7218105401958469,-0.6800685695945476,-0.6511871573623601,-0.8323026518416616,1,1,0,2,8,0,0,0,0,0,0,-0.7792072838814875,-0.7314492323335363,-0.9797190476454938,-1.415295039420733,-0.44063125659122476,0,0,0,0,0,1,0,0
-0.017439284651785854,0,1,1.172085645448193,-0.42513232377260857,-0.6626015235349434,-0.641796039696838,-0.6800685695945476,-0.6511871573623601,-0.38325843827745226,2,4,1,4,6,0,0,0,0,0,0,1.2837909258959121,0.07006919259832964,-0.6626794554644219,-0.5007336819576637,-0.44063125659122476,0,0,1,0,0,0,1,0
-0.4466751935304578,1,0,-0.24441422208311328,-0.20520352947216491,-0.6626015235349434,0.3050422162081012,-0.33117151406991385,-0.5537511734436943,2.877193025427894,5,8,1,7,8,0,0,0,0,0,0,-1.7247481300294623,0.6581802350405966,0.13325678385332193,0.8057825429895785,-0.44063125659122476,0,1,0,0,1,0,0,0
1.1739093603992221,0,0,-1.0390360989909193,0.47538692856569453,3.1390015926451382,0.5584214677882962,0.513526620358147,0.8103526014176274,-0.26611646952157153,1,8,3,4,4,0,0,1,0,0,0,0.16633356226648732,-0.5180418498439373,0.7639987093504019,0.15252443051595743,1.033090511708265,0,1,0,0,0,0,0,0
-0.5741858498621991,1,0,1.6557685270442488,-0.5261806887214611,-0.6374253439575919,-0.4906575387542655,-0.6800685695945476,-0.6268281613826937,-0.24659280806225808,3,4,2,3,7,1,0,0,0,0,0,-1.0370820601036626,0.14203214715877582,-0.6476617905716342,-0.37008205946293943,1.033090511708265,0,0,0,1,0,0,1,0
0.10824443722112442,0,1,-0.10621911305566875,1.034124946518173,-0.46119208691613117,-0.037242035926548143,-0.2944455082252156,-0.6511871573623601,1.9205336139215352,4,11,6,5,8,0,0,0,0,0,0,-0.6932490251407625,0.4149950782501234,0.6288397253153133,1.4590406554631996,-0.44063125659122476,0,1,0,0,1,0,0,0
-0.48447868348626794,1,1,-1.1772312080183638,-0.7371934508205354,-0.5367206256481858,-0.6329055396413925,-0.6066165579051511,-0.6511871573623601,-0.7932553289230347,3,2,1,3,5,0,0,0,0,0,0,-0.7792072838814875,0.5539580249875367,-0.854571840205597,-0.762036926947112,-0.44063125659122476,0,1,0,0,0,0,1,0
0.25753777363892727,0,1,-0.9353897672203358,-0.07146304645162485,-0.6626015235349434,-0.6595770398077287,-0.6800685695945476,-0.6511871573623601,-0.38325843827745226,3,5,1,6,7,0,1,0,0,0,0,-0.1774994726964126,0.0651062302148506,-0.4707870707232467,0.02187280802123322,1.033090511708265,0,0,1,0,0,0,1,0
0.1558852665706398,0,1,-0.002572781285085367,1.0697890753236505,0.7976168919514456,-0.37063578800575203,-0.09245247607937493,-0.6511871573623601,0.4367353430137128,4,7,5,10,5,0,0,0,0,0,0,0.3382500797479373,0.6780320845745128,0.4986866295778207,1.4590406554631996,-0.44063125659122476,0,0,1,0,0,1,0,0
0.24254754218185262,1,0,-1.3845238715595305,-0.43404835597397795,-0.38566354818407655,-0.29951178756218855,-0.40462352575931043,-0.38323820158602906,-0.5199240684926464,2,3,2,7,3,0,0,0,0,0,0,-1.5528316125480124,-0.7463381194839734,-0.48914199448109824,-0.10877881447349098,-0.44063125659122476,0,1,0,0,0,1,0,0
-0.8597497591194712,1,0,-1.3499750943026694,-0.8560738801721266,-0.6122491643802404,-0.6595770398077287,-0.6249795608275003,-0.6511871573623601,-0.38325843827745226,1,1,1,2,8,1,0,0,0,0,0,-1.2089985775851124,-0.21530114445171553,-0.9029620937490237,-1.2846434169260088,1.033090511708265,0,0,0,1,1,0,0,0
-0.3897591584668775,1,1,-0.14076789031252987,-0.8471578479707572,-0.5367206256481858,-0.6862485399740651,-0.4964385403710562,-0.5781101694233607,-0.4808767455740195,3,3,1,2,6,0,0,0,0,0,0,0.2522918210072123,-0.4287085269413145,-0.894618946586364,-0.762036926947112,-0.44063125659122476,0,1,0,0,0,1,0,0
0.9108776428008653,0,0,-0.8662922127066136,-0.22897961534248315,-0.08354939325585813,0.9896107204774,0.09117755314411656,-0.13964824178936447,0.6124482961475338,1,4,5,7,2,0,0,0,0,0,0,0.8539996321922873,-0.08130116009778127,0.288439321078794,0.28317605301068166,-0.44063125659122476,0,1,0,0,0,0,1,0
-0.4572152000237134,1,0,-0.6244507719085857,-0.7669135581584332,-0.4863682664934827,-0.4773217886710973,-0.6433425637498494,-0.5537511734436943,-0.32468745389951187,2,3,1,3,6,1,0,0,0,0,0,-1.0370820601036626,-0.2996715049708593,-0.7661344802814032,-0.762036926947112,1.033090511708265,0,1,0,0,0,0,1,0
-1.9850008523394405,1,0,-0.6244507719085857,-0.9036260519127631,-0.6374253439575919,-0.7262557902235696,-0.4964385403710562,-0.5050331814843614,-0.6761133601671541,2,1,0,3,8,0,0,0,0,0,0,-0.6072907664000375,0.8616616927632376,-0.9596954944551103,-1.1539917944312847,-0.44063125659122476,1,0,0,0,0,0,0,0
0.2948728188617038,2,1,1.206634422705054,-0.701529322015058,-0.6374253439575919,-0.6818032899463424,-0.6249795608275003,-0.5293921774640278,-0.5980187143299003,1,2,0,4,6,0,0,0,0,0,0,1.541665702118087,0.6110320923975456,-0.8362169164477454,-1.0233401719365605,-0.44063125659122476,0,0,1,0,0,1,0,0
-1.9523502544469997,1,0,-0.5899019946517245,-0.8917380089776039,-0.4863682664934827,-0.7084747901126787,-0.5698905520604528,-0.5537511734436943,-0.5980187143299003,3,1,2,2,5,0,0,0,0,0,0,-0.1774994726964126,0.16684695907617106,-0.9396719412647268,-0.8926885494418363,-0.44063125659122476,0,1,0,0,0,1,0,0
0.7825237859496635,0,0,-0.14076789031252987,0.27031818793419976,-0.2849588298746704,0.4295092169843373,0.4217116057464012,0.6641986255396287,-0.1099271778470639,1,2,3,6,1,0,0,0,0,0,0,-1.1230403188443874,0.4720691456601324,0.36853353384032794,-0.37008205946293943,-0.44063125659122476,0,1,0,0,0,1,0,0
-0.8120620852966525,1,1,0.653853986595276,-0.8828219767762346,-0.6122491643802404,-0.6995842900572332,-0.6433425637498494,-0.6511871573623601,-0.8127789903823482,2,1,0,3,4,0,0,0,0,0,0,1.3697491846366372,-0.7413751571004944,-0.971375900482834,-1.1539917944312847,-0.44063125659122476,0,1,0,0,0,0,1,0
-1.1560410527632123,1,0,1.206634422705054,-0.8857939875100244,-0.5367206256481858,-0.6640222898354515,-0.6249795608275003,-0.06657125385036508,0.046262113827443725,2,2,2,2,7,0,0,0,0,0,0,-0.8651655426222125,-0.5676714736787278,-0.8395541753128094,-0.8926885494418363,-0.44063125659122476,0,1,0,0,1,0,0,0
-1.1455010462699566,0,0,-1.6263653123575585,-0.8768779553086551,-0.6374253439575919,-0.7307010402512922,-0.6249795608275003,-0.6024691654030272,-0.8518263133009751,1,0,0,3,6,0,0,0,0,0,0,1.885498737080987,0.8765505799136747,-0.9797190476454938,-1.415295039420733,-0.44063125659122476,0,1,0,0,1,0,0,0
-0.017439284651785854,1,1,-0.002572781285085367,-0.8887659982438142,-0.6374253439575919,-0.6995842900572332,-0.6433425637498494,-0.6511871573623601,-0.7737316674637214,1,1,0,2,7,0,0,0,0,0,0,0.4242083384886623,-0.43367148932479355,-0.9730445299153659,-1.415295039420733,-0.44063125659122476,0,0,0,0,0,1,0,0
0.7271536185050941,0,1,0.48111010031097046,1.3461860735661,1.3514928426531794,0.22502771570909227,-0.14754148484642238,1.2975325210109567,-0.6370660372485272,5,9,6,12,6,0,0,0,0,0,0,-0.43537424891858756,0.8517357679962795,0.9508852057939812,2.242950390431545,-0.44063125659122476,0,1,0,0,1,0,0,0
-0.850708775771923,2,1,0.41201254579724816,-0.7461094830219047,-0.6374253439575919,-0.5884530393641653,-0.6433425637498494,-0.6511871573623601,-0.5394477299519599,3,2,2,2,8,0,0,0,0,0,0,0.8539996321922873,0.03532845591397632,-0.8312110281501496,-0.762036926947112,-0.44063125659122476,0,0,0,1,1,0,0,0
0.8913903419066682,0,0,0.5847564320815538,-0.1933154865370058,-0.4108397277614281,1.7230769750516486,3.984134172682136,1.468045492868622,0.20245140550195134,1,3,4,9,1,0,0,0,0,0,0,-1.3809150950665625,0.1941432521853058,0.9909323121747481,0.28317605301068166,-0.44063125659122476,0,1,0,0,1,0,0,0
-1.8517283257913861,0,0,-0.3826093311105578,-0.8887659982438142,-0.5115444460708343,-0.672912789890897,-0.47807553744870707,-0.4806741855046949,-0.5980187143299003,1,2,0,3,9,0,0,0,0,0,0,-0.7792072838814875,0.5688469121379738,-0.9129738703442155,-1.1539917944312847,-0.44063125659122476,0,0,0,0,1,0,0,0
-0.2450097359595004,0,1,-0.4171581083674189,-0.3983842271685006,-0.5115444460708343,-0.308402287617634,-0.23935649945816811,-0.3588792056063626,0.8662558951186088,3,6,1,5,6,0,0,0,0,0,0,0.9399578909330122,0.11225437285790153,-0.3456398632833499,0.02187280802123322,-0.44063125659122476,0,0,1,0,0,0,1,0
0.603858964770655,1,0,1.1029880909344707,-0.03282690691235771,-0.6626015235349434,-0.1883805368691206,2.60690895350595,1.7116354526652864,0.16340408258332445,1,7,2,10,5,0,0,0,0,0,0,-0.7792072838814875,-0.40885667740739834,0.23504317923777135,0.6751309204948542,-0.44063125659122476,0,1,0,0,1,0,0,0
0.7084626736570542,0,1,1.4830246407599432,0.713147787268877,0.2185647616723603,-0.14837328661961613,-0.2577195023805173,3.0270212355672754,1.2372054628455644,2,4,5,4,2,0,0,0,0,0,0,1.541665702118087,0.48695803281056954,0.6488632785056968,0.02187280802123322,-0.44063125659122476,0,1,0,0,0,0,0,1
0.785709210134292,0,0,-1.5918165351006972,0.4575548641629559,1.376669022230531,0.8429174695625502,1.266409740174462,0.5667626416209629,-0.070879854928437,1,4,4,7,2,0,0,0,0,0,0,-0.005582955214962636,-0.8406344047700753,0.8123889628938287,0.15252443051595743,-0.44063125659122476,0,1,0,0,0,0,1,0
-0.3560311376884595,1,0,-0.6589995491654468,-0.7669135581584332,-0.6626015235349434,-0.5617815391978289,-0.6249795608275003,-0.6511871573623601,-0.7932553289230347,2,3,0,3,8,0,0,0,0,0,0,-1.3809150950665625,-0.8183010740444197,-0.854571840205597,-0.8926885494418363,-0.44063125659122476,0,1,0,0,1,0,0,0
-0.6917654778536284,1,0,0.0665247732286369,-0.8352698050355981,-0.6626015235349434,-0.6240150395859471,-0.5515275491381036,-0.28580221766736325,-0.7932553289230347,1,2,0,4,5,0,0,0,0,0,0,-1.7247481300294623,0.42492100301708147,-0.8846071699911722,-1.0233401719365605,-0.44063125659122476,0,1,0,0,1,0,0,0
-1.5225990563619909,1,0,0.9302442046501651,-0.8976820304451835,-0.31013500945202194,-0.6151245395305016,-0.38626052283696133,-0.5781101694233607,-0.715160683085781,4,4,0,3,9,0,0,0,0,0,0,-1.0370820601036626,0.6284024607397224,-0.8912816877213,-0.5007336819576637,-0.44063125659122476,0,1,0,0,1,0,0,0
1.10134727125232,1,0,-0.7280971036791691,1.4739825351190605,-0.6626015235349434,0.5806477179269097,-0.6800685695945476,0.1770187059462995,0.26102238987989174,2,2,5,10,6,0,1,0,1,0,0,-1.7247481300294623,-0.6396344282391739,0.9742460178494285,0.5444792980001301,2.506812280007755,0,1,0,0,1,0,0,0
1.3215631402514074,1,0,-0.31351177659683555,2.7162830218431884,-0.2597826502973189,0.46951646723384177,1.2296837343297637,-0.6511871573623601,0.7100666034441011,2,5,3,6,6,0,1,1,1,0,0,-0.2634577314371376,0.15443955311747343,1.8118979929804713,0.15252443051595743,3.980534048307244,0,1,0,0,1,0,0,0
0.2421259419221224,0,1,1.1375368681913318,0.469442907098115,-0.6626015235349434,-0.6329055396413925,-0.5698905520604528,-0.6511871573623601,-0.7737316674637214,2,9,2,5,7,0,1,0,0,0,0,-0.2634577314371376,0.5961432052471085,-0.1804455494626861,0.41382767550540583,1.033090511708265,0,0,0,1,1,0,0,0
-0.9884315272837964,1,0,1.4830246407599432,-0.8947100197113937,-0.43601590733877965,-0.6818032899463424,-0.6433425637498494,-0.3588792056063626,-0.6175423757892137,1,1,0,3,7,0,0,0,0,0,0,-0.005582955214962636,0.09240252332398535,-0.9229856469394072,-1.2846434169260088,-0.44063125659122476,0,1,0,0,0,1,0,0
-0.029759381130569085,1,1,-1.3499750943026694,-0.5559007960593589,-0.6626015235349434,-0.641796039696838,-0.44134953160400875,-0.6511871573623601,-0.26611646952157153,3,4,1,3,7,0,0,0,0,0,0,0.08037530352576235,-0.6297085034722159,-0.7043951912777208,-0.5007336819576637,-0.44063125659122476,0,1,0,0,1,0,0,0
-0.5651448665146509,1,0,0.6193052093384149,-0.8590458909059164,-0.15907793198791273,-0.6284602896136697,-0.6433425637498494,-0.4806741855046949,-0.3442111153588253,1,2,0,4,6,0,0,0,0,0,0,-0.005582955214962636,0.4422913713592581,-0.8495659519080011,-1.0233401719365605,-0.44063125659122476,0,0,1,0,0,1,0,0
1.3993718104082855,0,0,0.8611466501364429,0.05930542583512545,2.660654180675459,2.3409667289051064,-0.18426749069112067,2.2231743682382823,0.8662558951186088,1,4,11,7,2,0,0,0,0,0,0,1.455707443377362,0.6656246786158152,1.2979601277606283,1.067085787979027,-0.44063125659122476,0,1,0,0,1,0,0,0
-1.0454880957672867,1,0,1.3448295317324988,-0.8828219767762346,-0.5115444460708343,-0.6818032899463424,-0.5515275491381036,-0.5050331814843614,-0.5784950528705868,1,1,0,3,9,1,0,0,0,0,0,-1.6387898712887374,-0.34681964761391026,-0.9196483880743433,-1.2846434169260088,1.033090511708265,0,1,0,0,0,0,1,0
0.8832394035518839,0,1,1.0684393136776096,0.7428678946067747,0.2185647616723603,-0.23727828717407048,-0.6800685695945476,-0.4806741855046949,0.6710192805254742,3,5,3,12,3,0,0,0,0,0,0,0.08037530352576235,-0.5428566617613326,0.30512561540411354,1.067085787979027,-0.44063125659122476,0,0,1,0,1,0,0,0
-0.016830306498842196,0,0,0.37746376854038705,2.56173846368612,-0.6626015235349434,-0.5262195389760472,-0.6800685695945476,-0.6511871573623601,-0.1489745007656908,1,4,4,10,8,0,1,1,0,0,0,-1.5528316125480124,0.7276617084093033,1.07770104266641,0.5444792980001301,2.506812280007755,0,0,0,1,1,0,0,0
0.7838354312021576,0,0,1.5866709725305266,0.4516108426953763,-0.18425411156526428,2.958856482758564,0.6971566495816385,2.2231743682382823,-0.1099271778470639,1,4,5,11,3,0,0,0,0,0,0,-1.6387898712887374,0.8566987303797585,1.5582663192356137,0.8057825429895785,-0.44063125659122476,0,1,0,0,0,1,0,0
0.3748831792638398,0,1,1.172085645448193,0.5021350251698026,-0.1339017524105612,0.04277246457246079,-0.33117151406991385,-0.13964824178936447,0.24149872842057826,3,9,2,9,6,0,0,0,0,0,0,1.197832667155187,0.5787728369049319,0.27008439732094247,1.067085787979027,-0.44063125659122476,0,1,0,0,0,0,1,0
-1.1760904873370497,0,0,0.031975995971775764,-0.8887659982438142,-0.6374253439575919,-0.7129200401404014,-0.6249795608275003,-0.5537511734436943,-0.7932553289230347,1,0,0,3,4,0,0,0,0,0,0,-1.4668733538072873,0.8393283620375818,-0.971375900482834,-1.415295039420733,-0.44063125659122476,0,1,0,0,0,1,0,0
-2.0809383336647183,0,0,0.3429149912835259,-0.8857939875100244,-0.2597826502973189,-0.6906937900017878,-0.47807553744870707,-0.6268281613826937,-0.5394477299519599,1,2,0,3,8,0,0,0,0,0,0,-0.6072907664000375,0.6209580171645038,-0.9062993526140877,-1.1539917944312847,-0.44063125659122476,1,0,0,0,1,0,0,0
1.9176590630366415,0,0,-0.10621911305566875,1.9554482739930048,0.8731454306835001,3.3544837352258865,0.27480758236760805,0.834711597397294,-0.46135308411470605,1,5,4,12,2,0,0,0,0,0,0,-1.9826229062516374,0.6829950469579918,2.457657583370339,0.9364341654843027,-0.44063125659122476,0,0,1,0,0,1,0,0
0.5322806095631236,0,0,1.206634422705054,0.6061554008524449,2.459244744056647,0.36727571659621927,0.23808157652290973,0.27445468986496535,1.7643443222470274,1,6,5,13,3,0,0,0,0,0,0,2.057415254562437,-0.26493076828650597,0.8324125160842122,1.3283890329684753,-0.44063125659122476,0,1,0,0,0,0,0,1
-0.562146820223236,1,0,-0.6589995491654468,-0.8174377406328595,-0.36048736860672503,-0.4773217886710973,-0.33117151406991385,-0.6268281613826937,-0.1489745007656908,2,3,0,4,8,0,0,0,0,0,0,-1.2089985775851124,0.3901802663327281,-0.7477795565235517,-0.762036926947112,-0.44063125659122476,0,1,0,0,1,0,0,0
-1.6892248479020364,1,0,-0.7971946581928914,-0.9006540411789733,-0.6374253439575919,-0.7218105401958469,-0.47807553744870707,-0.43195619354536197,-0.6565896987078406,1,1,0,3,8,0,0,0,0,0,0,-0.8651655426222125,0.06014326783137155,-0.9480150884273866,-1.2846434169260088,-0.44063125659122476,1,0,0,0,0,1,0,0
0.44472828895914696,0,0,-0.8317434354497525,1.6166390503409698,3.214530131377193,0.6962242186477005,3.0108950177976315,0.834711597397294,0.6710192805254742,1,10,3,10,6,1,0,0,0,0,0,-1.1230403188443874,0.40506915348316525,1.7701822571671724,1.197737410473751,1.033090511708265,0,1,0,0,0,0,1,0
0.7759655596871934,0,0,-0.037121558541946494,1.3491580842998896,-0.36048736860672503,0.971829720366509,-0.07408947315702578,1.5167634848279548,0.8857795565779222,1,9,7,13,4,0,0,0,0,0,0,-1.6387898712887374,0.4695876644683929,1.271262056840117,1.9816471454420963,-0.44063125659122476,0,1,0,0,1,0,0,0
-1.4862945895518882,1,0,0.5156588775678316,-0.9036260519127631,-0.5618968052255373,-0.7084747901126787,-0.47807553744870707,-0.4075971975656955,-0.5589713914112733,2,2,0,3,6,0,0,0,0,0,0,-0.8651655426222125,0.53658765664536,-0.929660164669535,-1.0233401719365605,-0.44063125659122476,1,0,0,0,0,1,0,0
-1.6424740635452848,1,1,-1.0390360989909193,-0.8739059445748653,-0.5618968052255373,-0.7218105401958469,-0.6249795608275003,-0.5781101694233607,-0.5784950528705868,3,1,1,3,7,0,0,0,0,0,0,0.6820831147108373,0.7748098510523542,-0.9446778295623227,-0.8926885494418363,-0.44063125659122476,0,1,0,0,1,0,0,0
0.8243559006095625,0,0,1.5866709725305266,0.9598246781734286,2.358540025747241,1.1007419711704678,1.5418547840096992,1.2975325210109567,0.9638742024151761,1,9,6,5,5,0,0,0,0,0,0,-1.2089985775851124,0.03532845591397632,1.4197700763354613,0.8057825429895785,-0.44063125659122476,0,1,0,0,1,0,0,0
-0.27494335440034634,1,0,-0.10621911305566875,-0.7371934508205354,-0.4108397277614281,-0.33062853775624756,-0.33117151406991385,-0.4806741855046949,-0.3637347768181388,3,3,2,4,5,0,0,0,0,0,0,-0.2634577314371376,0.38273582275750956,-0.6593421965993579,-0.37008205946293943,-0.44063125659122476,0,1,0,0,0,0,1,0
-1.5455528482806364,0,0,-1.1772312080183638,-0.8085217084314902,-0.6626015235349434,-0.704029540084956,-0.2577195023805173,-0.5537511734436943,-0.500400407033333,1,1,0,4,6,0,0,0,0,0,0,-1.8107063887701873,0.3852173039492491,-0.8662522462333206,-1.1539917944312847,-0.44063125659122476,0,1,0,0,1,0,0,0
-0.7966502535798475,2,0,1.3793783089893599,-0.7520535044894843,-0.08354939325585813,-0.37508103803347476,-0.07408947315702578,-0.6511871573623601,-0.03183253200981009,4,5,1,3,9,0,0,0,0,0,0,0.08037530352576235,0.16684695907617106,-0.6226323490836548,-0.2394304369682152,-0.44063125659122476,0,1,0,0,0,0,1,0
1.2449724264004165,0,0,-1.2808775397889471,1.8068477373035157,1.150083406034367,0.01610096440612448,0.1829925677558623,0.22573669790563242,1.0419688482524299,1,11,3,4,4,0,0,1,0,0,0,1.0259161496737372,-0.3095974297378174,1.2178659149990945,0.5444792980001301,1.033090511708265,0,1,0,0,0,1,0,0
0.7228439269611852,0,1,-0.4171581083674189,1.1827254832076621,-0.23460647071996735,-0.06835878612060718,-0.6800685695945476,-0.4563151895250284,-0.16849816222500427,5,5,6,12,2,0,0,0,0,0,0,-0.09154121395568762,-0.4038937150239193,0.5153729239031403,1.720343900452648,-0.44063125659122476,0,0,0,1,1,0,0,0
-0.7597368086168013,1,1,0.17017110499922028,-0.8144657298990697,-0.43601590733877965,-0.6862485399740651,-0.6433425637498494,-0.38323820158602906,-0.26611646952157153,3,2,0,4,4,0,0,0,0,0,0,1.455707443377362,-0.41133815859913786,-0.8512345813405331,-0.762036926947112,-0.44063125659122476,0,1,0,0,1,0,0,0
0.8552264085164756,0,1,-1.3499750943026694,0.6774836584633995,1.5529022792719915,0.007210464350679041,0.5869786320475435,0.4206086657429641,1.7448206607877141,3,7,3,13,5,0,0,0,0,0,0,-0.6072907664000375,0.0005877192296229938,0.7172770852395071,1.4590406554631996,-0.44063125659122476,0,0,0,1,0,0,0,0
-0.3259569858277035,1,1,-0.4862556628811412,-0.8471578479707572,-0.6374253439575919,-0.6640222898354515,-0.6433425637498494,-0.6511871573623601,-0.8127789903823482,1,1,0,3,8,0,0,0,0,0,0,-0.9511238013629375,0.5390691378370995,-0.9396719412647268,-1.2846434169260088,-0.44063125659122476,0,1,0,0,0,0,1,0
-0.8716014108652208,1,1,-0.5208044401380023,-0.6688372039433705,-0.6374253439575919,-0.6017887894473334,-0.6066165579051511,-0.5537511734436943,-0.6175423757892137,3,2,1,4,6,0,0,0,0,0,0,-0.1774994726964126,-0.18552337015084125,-0.7894952923368507,-0.6313853044523878,-0.44063125659122476,0,0,1,0,0,1,0,0
0.2887361928589639,0,1,1.0684393136776096,1.2005575476104007,-0.4863682664934827,-0.46398603858792914,-0.6800685695945476,-0.6511871573623601,-0.5589713914112733,2,11,3,7,8,0,0,0,0,0,0,-0.005582955214962636,0.4522172961262162,0.31346876256677336,1.067085787979027,-0.44063125659122476,0,0,0,1,0,0,0,0
0.46847843692394964,0,2,1.5521221952736655,-0.6302010644041034,-0.5618968052255373,-0.6595770398077287,-0.6249795608275003,-0.5781101694233607,-0.3637347768181388,1,2,1,4,3,0,0,0,0,0,0,0.6820831147108373,-0.011819686729074621,-0.7661344802814032,-0.8926885494418363,-0.44063125659122476,0,0,1,0,1,0,0,0
-1.5567486774001391,0,0,0.9647929819070262,-0.8857939875100244,-0.6374253439575919,-0.7084747901126787,-0.2577195023805173,-0.5537511734436943,-0.4808767455740195,1,1,1,2,8,0,0,0,0,0,0,0.8539996321922873,0.5092913635362253,-0.9079679820466197,-1.2846434169260088,-0.44063125659122476,0,1,0,0,1,0,0,0
0.8511040948657801,1,0,-1.3154263170458083,1.9613922954605842,0.19338858209500878,-0.13059228650872523,-0.40462352575931043,-0.6511871573623601,-0.6370660372485272,2,5,2,10,8,0,1,0,0,0,0,-0.005582955214962636,0.2785136127044496,0.9291930231710657,0.5444792980001301,1.033090511708265,0,0,1,0,1,0,0,0
-0.6875963197296294,1,1,1.413927086246221,-0.850129858704547,-0.6122491643802404,-0.6951390400295105,-0.6800685695945476,-0.6511871573623601,-0.3637347768181388,1,1,1,2,7,1,0,0,0,0,0,1.197832667155187,0.21151362052748246,-0.9163111292092794,-1.2846434169260088,1.033090511708265,0,1,0,0,0,0,0,0
0.038774083312244086,0,1,0.7920490956227206,0.2643741664666202,-0.6626015235349434,0.3228232163189921,0.9726016934168757,1.0295835652346257,0.49530632739165315,6,5,7,9,4,0,0,0,0,0,0,1.197832667155187,0.4149950782501234,0.42693556397894644,1.5896922779579237,-0.44063125659122476,0,0,1,0,1,0,0,0
1.306994509054063,0,1,-1.4881702033301138,1.5780029108017026,1.1752595856117185,0.9496034702278955,1.4133137635532553,1.1270195491532915,-0.012308870550496634,1,6,9,7,2,0,1,0,0,0,0,0.8539996321922873,-0.6272270222804763,1.5248937305849746,1.067085787979027,1.033090511708265,0,1,0,0,1,0,0,0
-0.012754837321450026,0,1,1.1029880909344707,-0.4518804203767166,-0.5870729848028888,-0.641796039696838,-0.6433425637498494,-0.5293921774640278,-0.715160683085781,1,4,1,4,5,0,0,0,0,0,0,-0.6072907664000375,-0.7289677511417968,-0.6893775263849332,-0.6313853044523878,-0.44063125659122476,0,0,0,1,1,0,0,0
-1.2373162139445388,1,0,-1.1772312080183638,-0.7847456225611719,-0.5870729848028888,-0.6062340394750562,-0.4964385403710562,-0.4806741855046949,-0.6370660372485272,3,3,0,3,9,0,0,0,0,0,0,-0.43537424891858756,0.7599209639019171,-0.8395541753128094,-0.762036926947112,-0.44063125659122476,0,0,0,1,0,0,0,0
-1.518148831398172,1,1,-0.07167033579880762,-0.8620179016397062,-0.5870729848028888,-0.6462412897245606,-0.6433425637498494,-0.6268281613826937,-0.3051637924401984,4,3,1,2,8,1,0,0,0,0,0,0.08037530352576235,-0.4684122260091469,-0.892950317153832,-0.6313853044523878,1.033090511708265,0,1,0,0,1,0,0,0
0.617584395448539,0,1,0.2047198822560814,1.4442624277811626,-0.18425411156526428,-0.14837328661961613,-0.4597125345263579,-0.6511871573623601,-0.4808767455740195,3,8,3,13,6,0,1,0,0,0,0,-0.5213325076593126,-0.7612270066344106,0.6154906898550577,1.5896922779579237,1.033090511708265,0,1,0,0,1,0,0,0
-0.562146820223236,1,0,-0.6589995491654468,-0.8174377406328595,-0.36048736860672503,-0.4773217886710973,-0.33117151406991385,-0.6268281613826937,-0.1489745007656908,2,3,0,4,8,0,0,0,0,0,0,-1.2089985775851124,0.3901802663327281,-0.7477795565235517,-0.762036926947112,-0.44063125659122476,0,1,0,0,1,0,0,0
-0.7558018728593191,1,1,-0.5208044401380023,-0.8352698050355981,-0.6122491643802404,-0.6906937900017878,-0.6249795608275003,-0.6268281613826937,-0.7737316674637214,2,2,0,3,6,0,0,0,0,0,0,-0.1774994726964126,-0.46096778243392833,-0.9346660529671309,-1.0233401719365605,-0.44063125659122476,0,1,0,0,1,0,0,0
1.2027655559540908,0,0,0.13562232774235916,2.6419827534984437,0.16821240251765723,0.5095237174833462,1.6887588073884925,0.9565065772956262,-0.20754548514363116,1,7,5,13,3,0,0,1,0,0,0,2.229331772043887,-0.17807892657562266,1.8869863174444093,1.4590406554631996,1.033090511708265,0,0,1,0,0,1,0,0
1.3700471701203831,0,0,-0.07167033579880762,2.9243237732084726,-0.15907793198791273,1.9853467266872888,0.7889716641933842,0.834711597397294,-0.32468745389951187,1,5,7,9,2,0,0,0,0,0,0,-0.5213325076593126,0.24377287602009626,2.4776811365607223,0.9364341654843027,-0.44063125659122476,0,0,1,0,0,1,0,0
0.15668162261679688,0,1,-0.7280971036791691,-0.42513232377260857,0.042331504630899554,-0.13503753653644796,-0.09245247607937493,-0.5781101694233607,0.026738452368130272,4,3,4,6,3,0,0,0,0,0,0,1.0259161496737372,-0.22770855041041313,-0.3322908278230942,0.28317605301068166,-0.44063125659122476,0,1,0,0,1,0,0,0
0.4621075885546929,0,0,0.7575003183658595,0.9419926137706899,1.1752595856117185,1.1007419711704678,0.752245658348686,0.51804464966163,0.8076849107406684,1,8,4,6,5,0,0,0,0,0,0,-1.5528316125480124,0.03780993710571584,1.192836473511115,0.5444792980001301,-0.44063125659122476,0,0,1,0,0,0,0,0
-0.436369409403719,0,1,-0.6589995491654468,-0.4399923774415575,0.0675076842082511,-0.4906575387542655,-0.12917848192407322,0.1283007139869666,0.06578577528675718,2,3,2,7,3,0,0,0,0,0,0,1.2837909258959121,-0.2947085425873803,-0.4240654466123519,-0.10877881447349098,-0.44063125659122476,0,0,0,0,0,1,0,0
0.11840968792795317,1,1,-1.6954628668712808,0.44566682122779677,-0.6626015235349434,0.020546214433847198,-0.5331645462157545,-0.18836623374869738,-0.2270691466029446,12,9,2,8,8,0,0,0,0,0,0,1.1118744084144623,0.7698468886688752,0.13325678385332193,2.112298767936821,-0.44063125659122476,0,1,0,0,0,0,1,0
-0.12967864268663232,1,1,0.6884027638521372,-0.29139184075206853,-0.4108397277614281,-0.44175978844931557,-0.12917848192407322,0.006505734088634294,0.53435365031028,6,4,1,8,6,0,0,0,0,0,0,0.7680413734515622,-0.2599678059030269,-0.3222790512279025,0.5444792980001301,-0.44063125659122476,0,0,0,1,1,0,0,0
-0.9635571119597132,1,1,-0.8662922127066136,-0.8739059445748653,-0.6626015235349434,-0.6951390400295105,-0.6249795608275003,-0.6268281613826937,-0.715160683085781,2,1,1,2,8,0,0,0,0,0,0,-0.6932490251407625,-0.39893075264044026,-0.9563582355900464,-1.1539917944312847,-0.44063125659122476,0,1,0,0,1,0,0,0
0.0623368533838333,1,1,0.41201254579724816,-0.2616717334141707,-0.43601590733877965,-0.48621228872654276,-0.3128085111475647,-0.43195619354536197,1.5886313691132063,7,4,3,5,5,0,0,0,0,0,0,-0.5213325076593126,0.3976247099079467,-0.28056331541460355,0.5444792980001301,-0.44063125659122476,0,0,1,0,0,0,1,0
1.392907273092422,0,0,0.6884027638521372,0.17818585518671662,0.344445659559118,1.1496397214754177,2.221285892136618,0.8103526014176274,0.12435675966469754,1,3,4,8,1,0,0,0,0,0,0,-0.005582955214962636,-0.4584863012421888,0.8224007394890204,0.15252443051595743,-0.44063125659122476,0,1,0,0,0,1,0,0
1.581971567344776,0,1,0.3429149912835259,0.24357009133009178,3.667701363769521,0.07388921476651983,2.717086971040045,2.5642003119536128,1.315300108682818,2,9,5,11,5,0,0,0,0,0,0,-0.8651655426222125,0.22888398886965913,0.9425420586313213,1.5896922779579237,-0.44063125659122476,0,1,0,0,0,0,1,0
-0.10499160525576248,0,2,0.5847564320815538,0.31787035967483623,-0.6626015235349434,-0.6240150395859471,-0.6800685695945476,-0.6511871573623601,-0.4418294226553926,6,7,1,7,7,0,0,0,0,0,0,-0.6072907664000375,-0.26244928709476645,-0.24385346789890047,0.8057825429895785,-0.44063125659122476,0,0,1,0,1,0,0,0
-0.2733974867813355,0,1,-0.5208044401380023,-0.1784554328680569,-0.46119208691613117,-0.5973435394196107,-0.5515275491381036,-0.6024691654030272,0.12435675966469754,4,3,1,8,4,0,0,0,0,0,0,1.1118744084144623,-0.2599678059030269,-0.4357458526400756,0.15252443051595743,-0.44063125659122476,0,1,0,0,0,0,0,0
-0.7494310244900624,1,1,0.23926865951294254,-0.8798499660424448,-0.6626015235349434,-0.6773580399186196,-0.6433425637498494,-0.5781101694233607,-0.715160683085781,1,1,0,3,5,0,0,0,0,0,0,-0.005582955214962636,-0.6073751727465602,-0.9513523472924506,-1.2846434169260088,-0.44063125659122476,0,0,1,0,0,0,1,0
-0.6635182604517034,1,1,-0.002572781285085367,-0.823381762100439,-0.6122491643802404,-0.6951390400295105,-0.6800685695945476,-0.6511871573623601,-0.8323026518416616,2,1,0,3,8,0,0,0,0,0,0,0.2522918210072123,0.7202172648340847,-0.9413405706972587,-1.1539917944312847,-0.44063125659122476,0,1,0,0,0,0,1,0
1.3948278964978598,0,0,-1.557267757843836,-0.37163613056439254,0.042331504630899554,1.571938474109076,1.3582247547862079,2.3449693481366145,0.06578577528675718,1,3,8,13,1,0,0,0,0,0,0,1.7135822195995372,-0.2674122494782455,0.6738927199936762,1.3283890329684753,-0.44063125659122476,0,0,1,0,1,0,0,0
-0.991663795941728,1,1,1.2411831999619152,-0.8679619231072857,-0.5367206256481858,-0.6284602896136697,-0.6800685695945476,-0.43195619354536197,-0.26611646952157153,2,1,1,3,5,0,0,0,0,0,0,0.16633356226648732,0.025402531147018226,-0.8729267639634485,-1.0233401719365605,-0.44063125659122476,0,0,0,0,0,0,1,0
-0.8114531071437088,1,1,-1.4190726488163916,-0.31219591588859696,0.16821240251765723,-0.4728765386433746,-0.5331645462157545,-0.5781101694233607,-0.5589713914112733,5,5,2,5,8,0,0,0,0,0,0,-0.1774994726964126,0.49936543876926714,-0.47746158845337455,0.28317605301068166,-0.44063125659122476,0,1,0,0,0,0,1,0
-2.0809383336647183,1,0,-1.0390360989909193,-0.8947100197113937,-0.6374253439575919,-0.6951390400295105,-0.6249795608275003,-0.6024691654030272,-0.6175423757892137,3,2,0,3,5,0,0,0,0,0,0,-0.5213325076593126,-0.1805604077673622,-0.9563582355900464,-0.8926885494418363,-0.44063125659122476,0,0,1,0,1,0,0,0
-0.4256888694905533,1,1,0.5156588775678316,0.22276601619356332,-0.5618968052255373,-0.3261832877285249,-0.4597125345263579,-0.43195619354536197,1.0614925097117434,7,6,6,4,6,0,0,0,0,0,0,-0.1774994726964126,0.05269882425615298,-0.015251235642022295,1.067085787979027,-0.44063125659122476,0,0,1,0,0,0,0,0
0.23608300486598918,2,1,0.37746376854038705,-0.035798917646147496,-0.5870729848028888,-0.3973072881720884,-0.4964385403710562,-0.5781101694233607,-0.3442111153588253,7,6,3,5,7,0,0,0,0,0,0,0.3382500797479373,-0.2028937384930179,-0.3222790512279025,0.8057825429895785,-0.44063125659122476,0,0,1,0,1,0,0,0
-1.7567277339321756,0,0,1.1029880909344707,-0.9036260519127631,-0.6626015235349434,-0.7307010402512922,-0.6249795608275003,-0.5781101694233607,-0.6956370216264675,1,1,0,2,5,1,0,0,0,0,0,-2.326455941214537,-0.5230048122274163,-0.9813876770780258,-1.415295039420733,1.033090511708265,1,0,0,0,1,0,0,0
-0.16827848868859954,0,1,-1.6263653123575585,-0.8204097513666493,-0.6626015235349434,-0.7218105401958469,-0.6800685695945476,-0.6511871573623601,-0.8518263133009751,1,1,0,3,5,0,0,0,0,0,0,0.6820831147108373,-0.28974558020390123,-0.9546896061575144,-1.2846434169260088,-0.44063125659122476,0,0,1,0,0,0,1,0
1.210635427469055,0,1,1.6557685270442488,2.0802727248121755,0.8227930715287971,0.43839971703978275,1.4316767664756045,0.785993605437961,-0.32468745389951187,2,11,10,11,6,1,0,0,0,0,0,0.16633356226648732,0.37032841679881195,1.543248654342826,2.5042536354209934,1.033090511708265,0,0,0,1,1,0,0,0
-0.07599487628098371,0,1,0.10107355048549801,-0.47862851698082465,-0.2849588298746704,-0.4728765386433746,-0.23935649945816811,-0.09093024983003155,-0.7542080060044078,2,2,1,8,2,0,0,0,0,0,0,1.455707443377362,-0.7637084878261501,-0.5575558012149086,-0.2394304369682152,-0.44063125659122476,0,1,0,0,1,0,0,0
1.4357231216916915,0,0,-0.7280971036791691,1.655275189880237,0.11786004336295416,1.7408579751625395,0.4584376115910995,1.6629174607059536,0.6905429419847877,0,6,5,13,2,0,0,1,0,0,0,0.5961248559701122,-0.6321899846639554,1.8052234752503435,1.197737410473751,1.033090511708265,0,0,0,1,0,0,0,1
0.8114736704511389,0,1,-1.4190726488163916,0.3683945421492625,0.09268386378560263,0.2116919656259241,0.7889716641933842,0.07958272202763367,0.3391170357171455,2,6,5,10,3,0,0,0,0,0,0,1.1118744084144623,-0.46344926362566785,0.3985688636259032,1.067085787979027,-0.44063125659122476,0,0,1,0,0,0,1,0
-1.2036350376394243,1,0,0.031975995971775764,-0.8976820304451835,-0.5115444460708343,-0.7218105401958469,-0.6249795608275003,-0.6268281613826937,-0.6761133601671541,1,1,0,2,8,0,0,0,0,0,0,-0.34941599017786257,-0.15574559584996697,-0.9663700121852381,-1.415295039420733,-0.44063125659122476,0,1,0,0,1,0,0,0
-1.4089075196547403,1,0,-0.3826093311105578,-0.8828219767762346,-0.23460647071996735,-0.6595770398077287,-0.5698905520604528,-0.4075971975656955,-0.3442111153588253,4,4,0,3,8,0,0,0,0,0,0,-1.4668733538072873,-0.23019003160215265,-0.8679208756658526,-0.5007336819576637,-0.44063125659122476,0,1,0,0,0,0,0,0
-0.27302273099490865,1,1,0.44656132305410934,-0.8679619231072857,-0.6122491643802404,-0.6506865397522833,-0.6249795608275003,-0.6024691654030272,-0.7542080060044078,1,1,0,3,7,0,0,0,0,0,0,-0.34941599017786257,-0.8034121868939825,-0.9346660529671309,-1.2846434169260088,-0.44063125659122476,0,0,0,0,1,0,0,0
-1.2876740227456491,2,0,-1.3845238715595305,-0.8947100197113937,-0.6122491643802404,-0.704029540084956,-0.3128085111475647,-0.6511871573623601,-0.5199240684926464,2,2,1,2,7,0,0,0,0,0,0,-0.2634577314371376,-0.7463381194839734,-0.9246542763719392,-1.0233401719365605,-0.44063125659122476,0,1,0,0,1,0,0,0
-0.92640944463015,1,0,-1.1426824307615027,-0.8263537728342288,-0.5870729848028888,-0.6373507896691152,-0.6066165579051511,-0.4806741855046949,-0.7932553289230347,2,2,0,4,6,0,0,0,0,0,0,-1.2089985775851124,-0.7314492323335363,-0.8979562054514278,-0.8926885494418363,-0.44063125659122476,0,0,0,0,1,0,0,0
0.5664302306012718,2,1,0.23926865951294254,0.30301030600588735,-0.6626015235349434,-0.6062340394750562,-0.6800685695945476,-0.6511871573623601,-0.6956370216264675,7,8,2,5,7,0,0,0,1,0,0,1.971456995821712,-0.8034121868939825,-0.2672142799543479,0.9364341654843027,1.033090511708265,0,0,0,1,0,0,1,0
-1.368855494980369,1,0,-1.6263653123575585,-0.8976820304451835,-0.5618968052255373,-0.6995842900572332,-0.6800685695945476,-0.5537511734436943,-0.7542080060044078,1,1,0,3,5,0,0,0,0,0,0,-0.6932490251407625,-0.11356041559039508,-0.9680386416177701,-1.2846434169260088,-0.44063125659122476,0,0,1,0,1,0,0,0
-0.7148129587188806,1,0,-0.31351177659683555,-0.850129858704547,-0.6626015235349434,-0.7129200401404014,-0.6249795608275003,-0.5781101694233607,-0.7542080060044078,1,1,1,3,2,0,0,0,0,0,0,-0.5213325076593126,-0.6892640520739645,-0.9496837178599186,-1.1539917944312847,-0.44063125659122476,0,0,0,1,1,0,0,0
1.0419484791036617,0,0,-1.3845238715595305,2.0713566926108062,-0.36048736860672503,0.3272684663467148,-0.38626052283696133,-0.3588792056063626,-0.6175423757892137,1,5,4,10,2,0,0,0,0,0,0,-0.5213325076593126,0.20158769576052438,1.1494521082652842,0.6751309204948542,-0.44063125659122476,0,0,0,1,0,0,0,0
1.2410843351162377,0,1,1.724866081557971,0.442694810494007,0.2940933004044149,0.5006332174279008,2.7721759798070926,0.27445468986496535,2.7210037337533866,2,7,7,10,3,0,0,0,0,0,0,-0.6072907664000375,-0.8455973671535544,0.959228352956641,1.4590406554631996,-0.44063125659122476,0,1,0,0,0,0,1,0
-0.480824814568606,1,1,-0.6589995491654468,-0.8798499660424448,-0.5618968052255373,-0.6862485399740651,-0.40462352575931043,-0.5537511734436943,-0.285640130980885,2,1,1,2,4,0,0,0,0,0,0,-0.5213325076593126,0.6308839419314619,-0.8879444288562361,-1.1539917944312847,-0.44063125659122476,0,0,0,0,0,1,0,0
-0.13759535867489986,0,1,-1.246328762532086,-0.8471578479707572,-0.33531118902937346,-0.6595770398077287,-0.4964385403710562,-0.4806741855046949,-0.6956370216264675,1,1,1,3,3,0,0,0,0,0,0,0.08037530352576235,0.04029141829745536,-0.8829385405586403,-1.1539917944312847,-0.44063125659122476,0,0,0,0,1,0,0,0
0.10655803618220352,0,1,-1.1426824307615027,-0.4221603130388188,-0.5115444460708343,-0.5751172892809971,-0.5698905520604528,-0.33452020962669615,-0.5980187143299003,2,1,3,6,1,0,0,0,0,0,0,0.7680413734515622,-0.6346714658556949,-0.6126205724884631,-0.37008205946293943,-0.44063125659122476,0,0,1,0,1,0,0,0
-1.1050742658091586,0,0,0.3083662140266648,-0.8620179016397062,-0.4108397277614281,-0.6818032899463424,-0.6066165579051511,-0.28580221766736325,-0.6761133601671541,1,2,1,4,2,0,0,0,0,0,0,1.455707443377362,-0.7016714580326621,-0.8996248348839598,-0.8926885494418363,-0.44063125659122476,0,1,0,0,1,0,0,0
-1.1732329744655448,0,0,0.8611466501364429,-0.6034529677999954,-0.33531118902937346,-0.4017525381998111,-0.3128085111475647,-0.21272522972836383,-0.070879854928437,2,3,1,6,6,0,0,0,0,0,0,-0.005582955214962636,-0.07137523533082318,-0.5608930600799724,-0.37008205946293943,-0.44063125659122476,0,0,1,0,0,1,0,0
1.0772223675010906,0,0,0.9993417591638873,1.9851683813309025,0.8227930715287971,3.3189217350041047,-0.22099349653581898,-0.18836623374869738,0.30006971279851863,1,5,9,6,3,0,0,1,0,0,0,-0.005582955214962636,0.3256617553475005,2.40759870039438,0.8057825429895785,1.033090511708265,0,1,0,0,0,0,1,0
-0.6283849054741846,1,0,1.5866709725305266,-0.5469847638579896,-0.18425411156526428,0.17612996540414236,-0.22099349653581898,-0.18836623374869738,0.20245140550195134,6,7,2,5,8,0,0,0,0,0,0,-1.4668733538072873,-0.029190055071251286,-0.26888290938687986,0.6751309204948542,-0.44063125659122476,0,1,0,0,1,0,0,0
-2.0976149661607137,0,2,1.4830246407599432,-0.662893182475791,-0.5618968052255373,-0.592898289391888,-0.588253554982802,-0.6024691654030272,4.829559171359239,0,23,1,1,0,0,0,0,0,0,0,0.2522918210072123,-0.34433816642217074,-0.3139359040652427,1.3283890329684753,-0.44063125659122476,0,0,0,1,0,1,0,0
-0.017439284651785854,1,0,-1.1081336535046415,-0.8293257835680186,-0.6374253439575919,-0.6818032899463424,-0.6800685695945476,-0.6511871573623601,-0.7932553289230347,1,1,0,3,7,0,0,0,0,0,0,-0.2634577314371376,-0.5552640677200302,-0.9380033118321949,-1.2846434169260088,-0.44063125659122476,0,0,0,1,0,0,1,0
-1.5228332787285077,1,0,-0.5899019946517245,-0.8976820304451835,-0.5870729848028888,-0.6862485399740651,-0.6249795608275003,-0.5293921774640278,-0.715160683085781,1,1,0,3,8,0,0,0,0,0,0,-1.0370820601036626,-0.21530114445171553,-0.9546896061575144,-1.2846434169260088,-0.44063125659122476,0,0,0,0,0,0,1,0
0.2204369507826675,0,1,-0.6589995491654468,0.5199670895725412,-0.5367206256481858,-0.37508103803347476,-0.5515275491381036,-0.2370842257080303,2.4867197962416254,2,7,6,5,5,1,0,0,0,0,0,-0.6932490251407625,-0.6024122103630811,0.26174125015828265,0.6751309204948542,1.033090511708265,0,1,0,0,0,1,0,0
-0.9444445668519429,1,0,1.6212197497873877,-0.8471578479707572,-0.6374253439575919,-0.6506865397522833,-0.38626052283696133,-0.3101612136470297,-0.3051637924401984,2,3,0,4,5,0,0,0,0,0,0,-1.2949568363258375,-0.6396344282391739,-0.8445600636104053,-0.762036926947112,-0.44063125659122476,0,1,0,0,1,0,0,0
-0.7524290707814774,1,1,-0.4171581083674189,-0.8590458909059164,-0.6626015235349434,-0.704029540084956,-0.6066165579051511,-0.6024691654030272,-0.46135308411470605,2,1,1,2,5,1,0,0,0,0,0,-0.34941599017786257,-0.748819600675713,-0.9263229058044712,-1.1539917944312847,1.033090511708265,0,0,0,1,0,1,0,0
1.2229086794745347,0,1,-0.3826093311105578,-0.43404835597397795,-0.18425411156526428,0.5406404676774053,-0.22099349653581898,-0.6511871573623601,-0.1099271778470639,1,6,4,9,7,0,1,1,0,0,0,1.1118744084144623,0.7797728134358333,-0.12704940762166345,0.6751309204948542,2.506812280007755,0,0,0,1,0,0,0,1
-1.507561980431613,0,1,0.5502076548246927,-0.8828219767762346,-0.38566354818407655,-0.7262557902235696,-0.4964385403710562,-0.5537511734436943,-0.46135308411470605,2,1,1,3,5,0,0,0,0,0,0,0.7680413734515622,0.2958839810466262,-0.9163111292092794,-1.0233401719365605,-0.44063125659122476,0,1,0,0,0,0,1,0
0.657964331436034,0,1,-1.2808775397889471,0.213849983992194,-0.43601590733877965,-0.37063578800575203,-0.33117151406991385,-0.5537511734436943,-0.3637347768181388,2,5,4,7,3,0,0,0,0,0,0,-0.09154121395568762,-0.7314492323335363,-0.14707296081204693,0.41382767550540583,-0.44063125659122476,0,0,0,1,0,0,1,0
0.4978967661584586,0,0,-0.7626458809360303,-0.5321247101890406,-0.2597826502973189,-0.30395703758991127,1.7805738220002383,-0.13964824178936447,-0.32468745389951187,1,6,7,4,3,1,0,0,0,0,0,1.3697491846366372,-0.2971900237791198,-0.3055927569025829,0.41382767550540583,1.033090511708265,0,1,0,0,0,0,0,0
-1.0225811483219445,0,0,-1.0390360989909193,-0.8976820304451835,-0.5115444460708343,-0.6151245395305016,-0.44134953160400875,-0.5537511734436943,-0.5394477299519599,1,2,0,3,7,0,0,0,0,0,0,-1.8107063887701873,0.03284697472223679,-0.892950317153832,-1.1539917944312847,-0.44063125659122476,0,1,0,0,1,0,0,0
1.4464505060781605,0,0,-0.9008409899634747,2.086216746279755,-0.10872557283320966,-0.22838778711862506,0.4033486028240521,1.005224569254959,0.026738452368130272,1,7,6,12,3,0,0,1,1,0,0,1.971456995821712,0.593661724055369,1.1861619557809873,1.4590406554631996,2.506812280007755,0,0,0,1,0,1,0,0
0.8066486897008931,0,1,0.031975995971775764,0.4278347568250581,-0.5618968052255373,-0.5884530393641653,-0.5698905520604528,-0.5537511734436943,-0.09040351638775045,3,8,1,7,5,0,1,0,0,0,0,1.455707443377362,-0.8505603295370334,-0.11536900159393976,0.5444792980001301,1.033090511708265,0,1,0,0,0,0,0,0
-1.3441684575494992,1,0,1.448475863503082,-0.7461094830219047,-0.5870729848028888,-0.5217742889483244,-0.5515275491381036,-0.5537511734436943,-0.7542080060044078,4,3,0,4,8,0,0,0,0,0,0,-1.2949568363258375,-0.4163011209826169,-0.8061815866621702,-0.5007336819576637,-0.44063125659122476,0,1,0,0,1,0,0,0
1.3218910515645308,0,0,-1.0044873217340582,2.615234656894336,1.905368793354913,2.252061728350652,0.27480758236760805,0.32317268182429826,-0.070879854928437,1,7,4,10,6,0,0,1,0,0,0,-1.4668733538072873,0.47455062685187194,2.481018395425786,0.9364341654843027,1.033090511708265,0,0,1,0,1,0,0,0
-1.1744977752447354,1,1,-1.3499750943026694,-0.8114937191652799,-0.6374253439575919,-0.6818032899463424,-0.5515275491381036,-0.6024691654030272,-0.6761133601671541,4,2,1,4,4,0,0,0,0,0,0,-0.1774994726964126,-0.6718936837317878,-0.9029620937490237,-0.5007336819576637,-0.44063125659122476,0,0,0,0,0,0,1,0
0.0071072193591738865,0,1,0.9647929819070262,-0.7282774186191661,-0.6626015235349434,-0.6862485399740651,-0.6800685695945476,-0.6511871573623601,0.08530943674607064,1,2,2,2,4,1,0,0,0,0,0,0.16633356226648732,-0.6371529470474344,-0.8095188455272341,-1.0233401719365605,1.033090511708265,0,1,0,0,0,1,0,0
0.2245124199600597,0,0,0.10107355048549801,-0.13684728259499998,1.9808973320869676,0.3228232163189921,3.6719631230022007,3.538560151140271,-0.6761133601671541,1,7,3,4,4,0,0,0,0,0,0,-0.43537424891858756,0.5663654309462343,0.6939162731840597,0.02187280802123322,-0.44063125659122476,0,1,0,0,0,0,1,0
-1.3300682710851883,0,1,0.6193052093384149,-0.8768779553086551,-0.4863682664934827,-0.6818032899463424,-0.6249795608275003,-0.6024691654030272,-0.46135308411470605,1,1,1,2,6,0,0,0,0,0,0,0.3382500797479373,0.48447655161883,-0.9179797586418114,-1.2846434169260088,-0.44063125659122476,1,0,0,0,0,1,0,0
-0.46480400469885746,0,0,-0.9008409899634747,-0.5350967209228304,1.427021381385234,0.4472902170952282,0.88078667880513,0.785993605437961,-0.16849816222500427,2,5,2,11,5,0,0,0,0,0,0,-1.5528316125480124,0.47703210804361146,0.08152927144483124,0.6751309204948542,-0.44063125659122476,0,0,0,1,0,1,0,0
1.1472080106163078,0,0,-1.1772312080183638,1.5928629644706516,0.671735994064688,2.834389481982328,-0.2577195023805173,1.0783015571939585,-0.5199240684926464,1,5,4,8,3,0,0,1,1,0,0,-0.9511238013629375,0.19166177099356627,2.0087962660192424,0.41382767550540583,2.506812280007755,0,0,0,1,0,1,0,0
-0.02493440038032318,1,1,0.17017110499922028,-0.2943638514858583,-0.15907793198791273,-0.5306647890037699,-0.2577195023805173,-0.6024691654030272,0.24149872842057826,6,5,2,5,5,0,0,0,0,0,0,0.3382500797479373,0.7847357758193123,-0.41905955831475605,0.41382767550540583,-0.44063125659122476,0,0,1,0,0,0,0,1
0.05207791373039784,1,1,-0.6589995491654468,-0.4281043345063984,-0.2849588298746704,0.13167746512691517,-0.40462352575931043,-0.38323820158602906,0.12435675966469754,8,6,1,7,8,0,0,0,0,0,0,-0.43537424891858756,0.1296247412000782,-0.262208391656752,0.9364341654843027,-0.44063125659122476,0,1,0,0,0,0,0,0
1.1182581261148323,0,0,-0.5553532173948634,1.3372700413647305,3.3655872088413026,2.0386897270199618,0.4768006145134487,0.1283007139869666,0.08530943674607064,1,7,5,12,3,0,0,0,1,0,0,-1.5528316125480124,-0.3865233466817426,1.7985489575202156,1.3283890329684753,1.033090511708265,0,1,0,0,1,0,0,0
0.43367299325955444,0,1,0.7229515411089984,0.294094273804518,-0.05837321367850659,-0.6106792895027788,-0.5698905520604528,-0.06657125385036508,3.404331884829358,2,5,5,6,3,1,0,0,0,0,0,0.8539996321922873,-0.6843010896904854,0.1666293725039611,0.41382767550540583,1.033090511708265,0,1,0,0,1,0,0,0
0.6063417218557331,0,1,-1.3845238715595305,0.6061554008524449,-0.5367206256481858,-0.6462412897245606,-0.5515275491381036,-0.5293921774640278,-0.6565896987078406,4,7,3,7,5,0,1,0,0,0,0,1.6276239608588121,-0.4684122260091469,-0.08032778351076864,0.8057825429895785,1.033090511708265,0,0,1,0,0,0,0,1
0.7300111313765989,0,1,0.8265978728795818,-0.636145085871683,0.2940933004044149,-0.44175978844931557,-0.07408947315702578,0.22573669790563242,0.45625900447302625,1,4,1,6,3,0,0,0,0,0,0,-0.9511238013629375,-0.40885667740739834,-0.4557694058304591,-0.37008205946293943,-0.44063125659122476,0,0,0,0,0,1,0,0
0.9702764349495235,0,0,0.17017110499922028,0.2554581342652509,-0.10872557283320966,0.6962242186477005,1.2296837343297637,0.20137770192596596,1.2372054628455644,1,6,8,6,3,0,0,0,1,0,0,1.197832667155187,0.11969881643312011,0.6288397253153133,0.8057825429895785,1.033090511708265,0,0,0,0,1,0,0,0
-0.07440216418866953,0,1,-0.8662922127066136,-0.059575003516465726,-0.2597826502973189,-0.028351535871102708,0.8624236758827808,-0.26144322168769674,1.7643443222470274,6,7,4,6,6,0,0,0,0,0,0,-0.2634577314371376,-0.006856724345595575,0.1499430781786415,1.067085787979027,-0.44063125659122476,0,0,0,0,0,0,1,0
0.22830682229763172,0,1,-0.8662922127066136,1.046012989453332,0.2940933004044149,-0.02390628584337999,0.4584376115910995,0.4936856536819635,-0.12945083930637735,3,8,9,7,7,0,0,0,0,0,0,-0.005582955214962636,0.3852173039492491,0.6622123139659525,1.5896922779579237,-0.44063125659122476,0,1,0,0,1,0,0,0
-0.6353178875230816,1,0,-0.7971946581928914,-0.796633665496331,-0.6122491643802404,-0.5528910391423836,-0.3128085111475647,-0.13964824178936447,-0.6565896987078406,2,2,1,4,3,0,0,0,0,0,0,-1.7247481300294623,0.12714326000833867,-0.7894952923368507,-0.762036926947112,-0.44063125659122476,0,1,0,0,1,0,0,0
-0.5186283045244161,1,1,0.48111010031097046,-0.8352698050355981,-0.6374253439575919,-0.7084747901126787,-0.6800685695945476,-0.5537511734436943,-0.38325843827745226,1,1,1,2,7,0,0,0,0,0,0,-0.1774994726964126,0.3728098979905515,-0.9096366114791515,-1.2846434169260088,-0.44063125659122476,0,1,0,0,0,0,0,0
0.2727153829892154,0,1,1.448475863503082,0.1365777049136597,-0.5870729848028888,-0.5662267892255517,-0.6800685695945476,-0.6511871573623601,-0.4808767455740195,2,9,1,4,8,0,0,0,0,0,0,1.2837909258959121,-0.28230113662868267,-0.3222790512279025,0.15252443051595743,-0.44063125659122476,0,0,0,1,1,0,0,0
-0.9185864175884891,1,0,0.37746376854038705,-0.648033128806842,-0.5618968052255373,-0.4906575387542655,-0.6433425637498494,-0.5537511734436943,-0.715160683085781,3,4,0,4,9,0,0,0,0,0,0,-1.1230403188443874,0.3976247099079467,-0.7427736682259558,-0.5007336819576637,-0.44063125659122476,0,0,0,1,0,0,1,0
1.034406518901821,0,0,-1.522718980586975,1.4264303633784239,0.5458550961779303,1.7497484752179848,0.09117755314411656,3.635996135058937,0.08530943674607064,1,4,6,4,3,0,0,1,1,0,0,-1.5528316125480124,-0.5403751805695931,1.7585018511394486,0.02187280802123322,2.506812280007755,0,0,0,1,0,1,0,0
0.9953382281668203,0,0,-1.6609140896144197,-0.35677607689544366,3.718053722924224,0.3983924667902783,0.23808157652290973,0.07958272202763367,-0.2270691466029446,1,5,4,6,2,0,0,0,0,0,0,-0.5213325076593126,-0.7785973749765873,0.20333922001966415,0.15252443051595743,-0.44063125659122476,0,1,0,0,0,1,0,0
1.8336200779304168,0,0,-0.5553532173948634,1.5393667712624355,2.2074829482831317,-0.2595045373126841,2.60690895350595,2.685995291851945,1.3738710930607585,1,7,9,9,3,0,0,1,1,0,0,-1.0370820601036626,0.37032841679881195,1.4514740355535685,1.4590406554631996,2.506812280007755,0,1,0,0,0,1,0,0
-1.3893733742872398,1,1,-0.6244507719085857,-0.8531018694383369,-0.6626015235349434,-0.7307010402512922,-0.6800685695945476,-0.6511871573623601,-0.8127789903823482,2,1,0,3,6,0,0,0,0,0,1,1.541665702118087,-0.6247455410887368,-0.9730445299153659,-1.1539917944312847,-0.44063125659122476,0,1,0,0,0,0,0,0
0.7058862276253695,0,0,-1.6609140896144197,0.5704912720469675,0.24374094124971185,1.305223472445713,2.7905389827294416,0.8103526014176274,-0.6175423757892137,3,4,8,6,3,0,0,0,0,0,0,1.2837909258959121,0.7772913322440937,1.0827069309640058,0.8057825429895785,-0.44063125659122476,0,0,1,0,1,0,0,0
1.3007173496314128,0,0,0.5502076548246927,0.020669286295858316,-0.008020854523803517,2.1053684774358024,2.6252719564282994,0.2500956938852989,1.5105367232759526,1,4,9,13,2,0,0,0,0,0,0,-0.6072907664000375,0.17429140265138962,1.1861619557809873,1.5896922779579237,-0.44063125659122476,0,0,0,0,0,1,0,0
1.012576994342456,0,1,1.4830246407599432,1.506674653190748,1.2507881243437733,1.1629754715585858,1.137868719718018,2.685995291851945,1.2372054628455644,3,10,4,9,7,0,0,0,0,0,0,0.3382500797479373,0.5911802428636295,1.7585018511394486,1.4590406554631996,-0.44063125659122476,0,1,0,0,1,0,0,0
0.748983143064459,0,1,0.48111010031097046,0.6685676262620303,-0.6626015235349434,0.8429174695625502,0.4768006145134487,0.030864730068300754,-0.8518263133009751,3,6,7,11,3,0,0,0,0,0,0,1.7135822195995372,-0.7562640442509315,0.6204965781526536,1.5896922779579237,-0.44063125659122476,0,0,0,1,0,0,1,0
-0.9265031335767567,1,1,0.9302442046501651,-0.7817736118273821,-0.6626015235349434,-0.6951390400295105,-0.6800685695945476,-0.6511871573623601,-0.7932553289230347,4,2,1,3,7,0,1,0,0,0,0,1.2837909258959121,-0.6073751727465602,-0.9179797586418114,-0.6313853044523878,1.033090511708265,0,1,0,0,0,0,1,0
-0.6352710430497782,1,0,0.8611466501364429,-0.7877176332949617,-0.6626015235349434,-0.4906575387542655,-0.3128085111475647,-0.4563151895250284,-0.5784950528705868,3,3,1,3,7,0,0,0,0,0,0,-0.005582955214962636,-0.3939677902569612,-0.7794835157416589,-0.6313853044523878,-0.44063125659122476,0,1,0,0,0,0,1,0
0.5513931546708938,0,1,0.48111010031097046,0.8409442488218374,0.4199741982911726,0.7584577190358185,0.09117755314411656,1.468045492868622,0.20245140550195134,3,11,6,9,6,0,0,0,0,0,0,-0.7792072838814875,-0.21033818206823648,0.9108380994132141,1.8509955229473722,-0.44063125659122476,0,1,0,0,0,0,0,0
-0.2356876857721321,0,1,1.448475863503082,-0.7758295903598026,-0.36048736860672503,-0.6373507896691152,-0.14754148484642238,-0.28580221766736325,0.3391170357171455,1,2,1,4,4,0,0,0,0,0,0,0.3382500797479373,-0.10363449082343698,-0.7027265618451888,-0.8926885494418363,-0.44063125659122476,0,0,0,0,1,0,0,0
0.7598042163975348,0,1,1.6212197497873877,1.762267576296669,2.50959710321135,0.13167746512691517,0.9909646963392248,2.0770203923602835,-0.12945083930637735,3,10,4,7,6,0,0,0,0,0,0,0.4242083384886623,0.8095505877367075,1.426444594065589,1.197737410473751,-0.44063125659122476,0,1,0,0,0,0,1,0
-1.2666876987057445,1,0,0.10107355048549801,-0.38946819496713125,-0.5618968052255373,-0.6951390400295105,-0.14754148484642238,-0.6511871573623601,-0.1489745007656908,1,1,1,2,6,1,0,0,0,0,0,-0.7792072838814875,0.7822542946275728,-0.5875911310004838,-1.2846434169260088,1.033090511708265,1,0,0,0,0,0,1,0
1.8010163245112794,0,0,-1.6263653123575585,-0.035798917646147496,0.6213836349099848,3.6211987368892493,3.433244085011662,-0.09093024983003155,-0.5199240684926464,1,4,6,6,1,0,0,0,0,0,0,1.1118744084144623,-0.696708495649183,1.6416977908622117,0.28317605301068166,-0.44063125659122476,0,1,0,0,1,0,0,0
-1.2607852950695215,1,0,0.7920490956227206,-0.8976820304451835,-0.46119208691613117,-0.704029540084956,-0.5698905520604528,-0.6268281613826937,-0.6761133601671541,2,1,0,3,8,0,0,0,0,0,0,-1.6387898712887374,-0.48578259435132354,-0.9513523472924506,-1.1539917944312847,-0.44063125659122476,0,1,0,0,0,1,0,0
0.14225352483936254,0,1,0.2047198822560814,2.5082422704779037,-0.6626015235349434,-0.4728765386433746,-0.6800685695945476,-0.6511871573623601,-0.38325843827745226,3,9,5,4,7,0,1,0,0,0,0,0.6820831147108373,0.4546987773179557,1.0476657128808347,0.8057825429895785,1.033090511708265,0,0,0,1,0,0,0,0
-0.023903821967649296,0,1,-0.24441422208311328,-0.487544549182194,-0.5870729848028888,-0.6106792895027788,-0.6066165579051511,-0.5293921774640278,-0.5784950528705868,2,3,2,4,4,0,0,0,0,0,0,0.9399578909330122,-0.4038937150239193,-0.6827030086548054,-0.5007336819576637,-0.44063125659122476,0,0,1,0,1,0,0,0
-0.017439284651785854,1,0,-0.8317434354497525,-0.8293257835680186,-0.5870729848028888,-0.5484457891146608,-0.36789751991461217,-0.5537511734436943,-0.5199240684926464,3,3,0,3,8,0,0,0,0,0,0,-0.34941599017786257,0.7698468886688752,-0.8262051398525537,-0.762036926947112,-0.44063125659122476,0,0,0,0,1,0,0,0
0.8453890691227703,0,0,0.5156588775678316,1.7176874152898223,0.0675076842082511,1.5452669739427398,0.01772554145471996,0.055223726047967214,0.007214790908816819,1,4,2,6,3,0,0,1,1,0,0,0.3382500797479373,-0.09122708486473936,1.55492906037055,-0.2394304369682152,2.506812280007755,0,0,0,1,1,0,0,0
-0.6437967371909895,1,1,-0.6589995491654468,-0.7906896440287514,-0.5618968052255373,-0.641796039696838,-0.6066165579051511,-0.6024691654030272,-0.46135308411470605,4,3,1,3,7,0,0,0,0,0,0,0.2522918210072123,0.3206987929640215,-0.8579090990706609,-0.5007336819576637,-0.44063125659122476,0,0,1,0,1,0,0,0
0.4006007951073835,0,1,-0.8317434354497525,-0.11604320745847153,4.3474582123580126,0.6073192180932461,3.6168741142351535,-0.43195619354536197,2.467196134782312,7,10,2,12,7,0,0,0,0,0,0,-0.8651655426222125,0.27603213151271005,0.9608969823891729,2.112298767936821,-0.44063125659122476,0,1,0,0,0,1,0,0
-0.9974256661580412,1,1,0.6193052093384149,-0.823381762100439,-0.6374253439575919,-0.6862485399740651,-0.6433425637498494,-0.6511871573623601,-0.6565896987078406,2,2,0,3,7,0,0,0,0,0,0,0.3382500797479373,-0.4708937072008864,-0.9213170175068752,-1.0233401719365605,-0.44063125659122476,0,1,0,0,0,0,0,0
1.3478428897745913,0,0,1.2411831999619152,0.7517839268081441,2.5851256419434048,3.6345344869724174,2.863990994418838,0.2500956938852989,-0.500400407033333,1,5,8,5,2,0,0,0,0,0,0,0.5101665972293873,-0.39893075264044026,2.1923455035977577,0.5444792980001301,-0.44063125659122476,0,1,0,0,0,1,0,0
0.10252941147811472,0,1,1.6557685270442488,-0.11009918599089198,-0.5115444460708343,-0.4995480388097109,-0.5331645462157545,-0.5781101694233607,0.12435675966469754,2,5,2,6,5,0,0,0,0,0,0,0.3382500797479373,-0.08626412248126032,-0.3606575281761375,0.02187280802123322,-0.44063125659122476,0,0,0,1,0,0,0,1
1.029159937891845,0,0,-0.31351177659683555,1.1856974939414517,1.905368793354913,1.9320037263546164,-0.6800685695945476,0.7616346094582945,-0.012308870550496634,1,3,11,8,1,0,0,0,0,0,0,1.3697491846366372,-0.2847826178204222,1.506538806827123,1.067085787979027,-0.44063125659122476,0,1,0,0,0,1,0,0
-0.055523841447416136,0,1,0.41201254579724816,-0.6718092146771603,-0.6626015235349434,-0.6906937900017878,-0.6800685695945476,-0.6511871573623601,-0.6565896987078406,1,2,0,4,6,0,1,0,0,0,0,1.197832667155187,0.17677288384312914,-0.8428914341778733,-1.0233401719365605,1.033090511708265,0,1,0,0,1,0,0,0
1.699129595076475,0,1,-1.0390360989909193,1.1411173329346052,-0.31013500945202194,0.6339907182595824,3.0108950177976315,-0.06657125385036508,-0.1099271778470639,1,11,10,10,5,1,0,0,1,0,0,-0.8651655426222125,-0.5974492479796021,1.117748149047177,2.242950390431545,2.506812280007755,0,0,0,0,0,1,0,0
-1.029842041683965,1,0,0.10107355048549801,-0.8947100197113937,-0.5870729848028888,-0.7084747901126787,-0.6800685695945476,-0.6024691654030272,-0.6370660372485272,2,1,0,3,6,0,0,0,0,0,0,-1.3809150950665625,-0.24259743756085028,-0.9647013827527061,-1.1539917944312847,-0.44063125659122476,0,1,0,0,0,1,0,0
0.5053450374136926,0,1,0.13562232774235916,0.4070306816885296,0.2185647616723603,-0.37063578800575203,-0.5515275491381036,0.055223726047967214,-0.6370660372485272,4,4,2,12,4,0,0,0,0,0,0,-0.2634577314371376,0.14699510954225486,0.0031036881158292384,0.9364341654843027,-0.44063125659122476,0,1,0,0,1,0,0,0
0.8674528160486521,0,0,-0.002572781285085367,1.1470613544021846,2.283011487015186,1.478588223526899,0.7155196525039876,1.8334304325636188,0.8662558951186088,1,5,10,7,3,0,0,0,1,0,0,-0.7792072838814875,-0.19544929491779933,1.6149997199417003,1.067085787979027,1.033090511708265,0,1,0,0,0,0,1,0
1.0640590705028468,0,0,0.8265978728795818,1.9495042525254251,0.9486739694155547,1.323004472556604,2.000929857068428,-0.6511871573623601,-0.5394477299519599,1,6,9,9,3,0,0,0,1,0,0,1.2837909258959121,0.15940251550095247,1.745152815679193,1.3283890329684753,1.033090511708265,0,0,0,1,0,1,0,0
-0.7423575090212553,1,0,0.17017110499922028,-0.7669135581584332,-0.6626015235349434,-0.6062340394750562,-0.4597125345263579,-0.6268281613826937,-0.26611646952157153,1,2,0,4,6,0,0,0,0,0,0,-1.2089985775851124,-0.3493011288056498,-0.8095188455272341,-1.0233401719365605,-0.44063125659122476,0,1,0,0,0,0,1,0
-1.0903182567186007,1,0,0.17017110499922028,-0.8471578479707572,-0.46119208691613117,-0.6106792895027788,-0.6800685695945476,-0.3588792056063626,-0.3442111153588253,1,2,2,2,7,1,0,0,0,0,0,-0.7792072838814875,-0.07633819771430223,-0.8512345813405331,-1.0233401719365605,1.033090511708265,0,1,0,0,0,1,0,0
1.0754891219888663,1,1,-0.037121558541946494,0.5972393686510755,1.150083406034367,0.4606259671783964,-0.019000464389978336,0.006505734088634294,0.20245140550195134,4,9,2,12,5,0,0,0,0,0,0,0.6820831147108373,0.3355876801144586,0.6004730249622701,1.5896922779579237,-0.44063125659122476,0,0,1,0,0,0,1,0
-1.8433900095433884,1,0,1.2757319772187765,-0.8947100197113937,-0.5367206256481858,-0.6773580399186196,-0.6433425637498494,-0.3588792056063626,-0.5199240684926464,4,3,1,3,6,0,0,0,0,0,0,-0.6072907664000375,-0.44856037647523067,-0.9196483880743433,-0.5007336819576637,-0.44063125659122476,0,1,0,0,0,0,0,0
-0.6802417374210022,1,0,-1.211779985275225,-0.8471578479707572,-0.5870729848028888,-0.6551317897800061,-0.6249795608275003,-0.6268281613826937,-0.7932553289230347,2,2,0,3,7,0,0,0,0,0,0,-0.34941599017786257,-0.7165603451830992,-0.9279915352370031,-1.0233401719365605,-0.44063125659122476,0,0,0,1,1,0,0,0
0.681246034667803,0,1,-1.6609140896144197,2.6627868286349723,-0.6626015235349434,0.1672394653486969,0.01772554145471996,0.055223726047967214,-0.5784950528705868,3,11,9,12,6,0,0,0,1,0,0,1.197832667155187,0.2809950938961891,1.46982895931142,2.6349052579157175,1.033090511708265,0,0,0,1,1,0,0,0
-1.5614799692037782,0,0,1.3793783089893599,-0.8857939875100244,-0.5618968052255373,-0.6284602896136697,-0.40462352575931043,-0.3588792056063626,-0.5980187143299003,2,2,1,3,7,0,0,0,0,0,0,-0.005582955214962636,0.4968839575775276,-0.8829385405586403,-0.8926885494418363,-0.44063125659122476,0,1,0,0,0,1,0,0
0.8771496220224473,0,1,0.5502076548246927,0.7636719697433032,1.477373740539937,0.020546214433847198,-0.22099349653581898,2.3449693481366145,1.3738710930607585,2,4,7,13,2,0,0,0,0,0,0,0.16633356226648732,0.7524765203266985,0.7923654097034452,1.4590406554631996,-0.44063125659122476,0,1,0,0,0,0,0,0
-0.2811268248763896,0,0,-0.9008409899634747,-0.6004809570662055,-0.43601590733877965,-0.5217742889483244,-0.23935649945816811,-0.5781101694233607,-0.6175423757892137,1,2,1,6,4,0,0,0,0,0,0,-1.4668733538072873,-0.5751159172539464,-0.6760284909246775,-0.6313853044523878,-0.44063125659122476,0,0,0,1,1,0,0,0
-1.4091885864945606,1,0,1.0684393136776096,-0.8531018694383369,-0.6626015235349434,-0.6995842900572332,-0.6800685695945476,-0.6511871573623601,-0.8323026518416616,1,1,0,3,9,0,0,0,0,0,0,-1.2089985775851124,0.0005877192296229938,-0.9630327533201742,-1.2846434169260088,-0.44063125659122476,0,0,0,1,0,0,1,0
1.0943206002568162,1,2,-0.7971946581928914,1.2748578159551451,-0.43601590733877965,0.06055346468335167,-0.4597125345263579,-0.18836623374869738,0.4367353430137128,11,6,3,5,4,0,0,0,0,0,0,1.0259161496737372,0.28843953747140766,0.6922476437515277,1.3283890329684753,-0.44063125659122476,0,0,0,1,1,0,0,0
-0.2704462849632239,0,1,-0.45170688562428,-0.1487353255301591,-0.5115444460708343,-0.4239787883384247,-0.6066165579051511,-0.6511871573623601,-0.32468745389951187,5,5,1,7,5,0,0,0,0,0,0,-0.5213325076593126,-0.3244863168882545,-0.4040418934219684,0.41382767550540583,-0.44063125659122476,0,1,0,0,1,0,0,0
-1.5183362092913852,2,0,0.48111010031097046,-0.8768779553086551,-0.6626015235349434,-0.7084747901126787,-0.6249795608275003,-0.5537511734436943,-0.715160683085781,2,1,0,3,7,0,0,0,0,0,0,-1.3809150950665625,-0.11107893439865554,-0.9580268650225784,-1.1539917944312847,-0.44063125659122476,0,0,1,0,1,0,0,0
-1.0846032309755909,1,0,0.9302442046501651,-0.7817736118273821,-0.5367206256481858,-0.166154286730507,-0.4964385403710562,-0.5781101694233607,-0.7932553289230347,3,4,1,4,9,0,0,0,0,0,0,-0.6932490251407625,0.5341061754536205,-0.6893775263849332,-0.37008205946293943,-0.44063125659122476,0,1,0,0,0,1,0,0
-0.8779254147611741,1,0,1.413927086246221,-0.8768779553086551,-0.6626015235349434,-0.7262557902235696,-0.6800685695945476,-0.6511871573623601,-0.7737316674637214,1,1,0,2,6,1,0,0,0,0,0,-0.6072907664000375,-0.41133815859913786,-0.9813876770780258,-1.415295039420733,1.033090511708265,0,0,1,0,1,0,0,0
-1.1600228329939977,1,1,-0.5553532173948634,-0.8531018694383369,-0.6626015235349434,-0.7262557902235696,-0.6800685695945476,-0.6511871573623601,-0.8323026518416616,2,1,0,3,6,0,0,0,0,0,0,-0.34941599017786257,-0.6222640598969973,-0.9730445299153659,-1.1539917944312847,-0.44063125659122476,0,0,1,0,1,0,0,0
-1.67114288120694,1,0,0.9647929819070262,-0.8679619231072857,-0.38566354818407655,-0.6951390400295105,-0.6249795608275003,-0.3588792056063626,-0.6761133601671541,3,2,1,3,6,0,0,0,0,0,0,-1.6387898712887374,-0.7264862699500573,-0.9129738703442155,-0.762036926947112,-0.44063125659122476,0,0,0,0,1,0,0,0
0.6047021652901156,1,1,0.0665247732286369,0.5229391003063311,1.5025499201172885,0.36727571659621927,0.6971566495816385,1.4436864968889553,1.959580936840162,8,6,3,5,6,0,0,0,0,0,0,1.455707443377362,0.10232844809094345,0.8607792164372554,0.9364341654843027,-0.44063125659122476,0,0,0,0,0,1,0,0
0.3231668807369322,0,1,-0.17531666756939102,0.6210154545213937,-0.31013500945202194,-0.05502303603743902,-0.33117151406991385,-0.6511871573623601,-0.3051637924401984,1,9,2,9,6,0,0,0,0,0,0,1.1118744084144623,-0.20537521968475742,0.20667647888472807,0.8057825429895785,-0.44063125659122476,0,0,0,0,0,0,1,0
0.7879577448528531,0,0,1.1029880909344707,2.4606900987372673,2.711006539830162,0.9673844703387863,2.533456941816554,2.6129183039129456,1.3933947545200718,1,11,5,13,7,0,0,0,0,0,0,0.16633356226648732,0.807069106544968,2.452651695072743,1.9816471454420963,-0.44063125659122476,0,1,0,0,0,0,0,0
-1.7134434405998726,1,0,0.0665247732286369,-0.8887659982438142,-0.6122491643802404,-0.6684675398631742,-0.6249795608275003,-0.6024691654030272,-0.4808767455740195,2,1,1,2,8,0,0,0,0,0,0,-1.2949568363258375,0.8045876253532285,-0.929660164669535,-1.1539917944312847,-0.44063125659122476,0,1,0,0,0,0,1,0
0.377131713982401,0,0,-0.07167033579880762,-0.5172646565200918,0.09268386378560263,0.007210464350679041,-0.3128085111475647,0.1770187059462995,-0.8518263133009751,1,3,4,7,1,0,0,0,0,0,0,-0.2634577314371376,-0.12844930274083222,-0.37066930477132926,0.02187280802123322,-0.44063125659122476,0,0,0,1,1,0,0,0
-0.605431113555539,1,1,1.4830246407599432,-0.8025776869639105,-0.6374253439575919,-0.6773580399186196,-0.6800685695945476,-0.6511871573623601,-0.3637347768181388,3,2,0,3,8,0,0,0,0,0,1,1.2837909258959121,0.645772829081899,-0.8846071699911722,-0.8926885494418363,-0.44063125659122476,0,1,0,0,1,0,0,0
0.1816965713607902,1,1,-0.4862556628811412,0.18710188738808595,-0.5618968052255373,-0.5128837888928791,-0.5698905520604528,-0.5537511734436943,1.0029215253338029,6,7,2,6,7,0,0,0,1,0,0,-0.5213325076593126,-0.15574559584996697,-0.1287180370541954,0.8057825429895785,1.033090511708265,0,1,0,0,0,1,0,0
-0.31569804617426805,0,0,-0.5553532173948634,-0.2527557012128014,-0.5870729848028888,-0.4728765386433746,-0.4597125345263579,-0.43195619354536197,-0.6175423757892137,1,4,1,7,7,0,1,0,0,0,0,0.5961248559701122,0.4522172961262162,-0.4824674767509704,-0.2394304369682152,1.033090511708265,0,0,1,0,0,1,0,0
0.17729319087027454,0,1,1.448475863503082,-0.285447819284489,-0.4863682664934827,-0.37508103803347476,-0.12917848192407322,0.9565065772956262,-0.16849816222500427,2,3,2,9,3,0,0,0,0,0,0,1.3697491846366372,-0.38156038429826356,-0.29391235087485923,0.15252443051595743,-0.44063125659122476,0,0,0,1,1,0,0,0
1.2143361408600202,0,0,-0.31351177659683555,1.3551021057674693,0.344445659559118,1.3941284730001673,-0.6800685695945476,0.32317268182429826,-0.3442111153588253,1,3,5,12,1,0,0,1,1,0,0,-1.7247481300294623,-0.7413751571004944,1.2378894681894779,0.8057825429895785,2.506812280007755,0,0,0,1,0,0,1,0
0.9388906378362735,0,1,-0.969938544477197,0.7963640878149907,-0.18425411156526428,0.5317499676219599,0.23808157652290973,0.27445468986496535,3.990041728608761,3,6,3,5,3,0,0,0,0,0,0,1.541665702118087,-0.019264130304293192,1.0159617536627275,0.28317605301068166,-0.44063125659122476,0,1,0,0,1,0,0,0
-1.2983545626588149,1,0,0.5847564320815538,-0.8828219767762346,-0.6122491643802404,-0.704029540084956,-0.6249795608275003,-0.6024691654030272,-0.7932553289230347,1,1,0,3,6,0,0,0,0,0,0,-0.09154121395568762,0.3355876801144586,-0.9663700121852381,-1.2846434169260088,-0.44063125659122476,0,1,0,0,0,1,0,0
0.28316170053586426,0,1,-0.34806055385369666,-0.2230355938749036,-0.4863682664934827,-0.13059228650872523,-0.6066165579051511,-0.6511871573623601,0.9248268794965492,5,4,2,8,5,0,0,0,0,0,0,0.5961248559701122,0.3479950860731562,-0.2271671735735809,0.5444792980001301,-0.44063125659122476,0,1,0,0,0,1,0,0
-0.8397471690189372,0,0,-0.10621911305566875,-0.7847456225611719,-0.6122491643802404,-0.672912789890897,-0.5331645462157545,-0.6511871573623601,-0.7346843445450945,1,1,1,3,4,0,0,0,0,0,0,-1.7247481300294623,-0.12844930274083222,-0.889613058288768,-1.1539917944312847,-0.44063125659122476,0,0,0,1,0,1,0,0
0.46454350116646753,0,0,-1.0044873217340582,2.068384681877016,3.2397063109545448,0.9451582202001727,3.433244085011662,-0.2370842257080303,1.491013061816639,1,4,8,4,8,0,0,0,0,0,0,0.4242083384886623,0.8517357679962795,2.1539670266495228,0.28317605301068166,-0.44063125659122476,0,1,0,0,0,1,0,0
0.7314164655756997,0,1,-0.14076789031252987,2.8203033975258305,-0.6626015235349434,1.2474352220853175,-0.2577195023805173,1.0783015571939585,-0.16849816222500427,3,11,5,11,8,0,0,0,1,0,0,-0.09154121395568762,0.14947659073399439,2.043837484102413,1.9816471454420963,1.033090511708265,0,0,0,1,1,0,0,0
-0.5367571156928158,0,1,0.9993417591638873,0.3565064992141034,-0.23460647071996735,-0.2150520370354569,-0.5515275491381036,-0.09093024983003155,-0.05135619346912354,6,8,2,8,8,0,0,0,0,0,0,1.3697491846366372,0.47455062685187194,0.04315079449659622,1.197737410473751,-0.44063125659122476,0,1,0,0,0,1,0,0
1.0569387105607364,0,0,0.3083662140266648,0.5794073042483369,3.088649233490435,2.883287232287278,2.4967309359718555,0.5424036456412964,0.10483309820538408,1,6,7,12,3,0,0,0,0,0,0,1.885498737080987,-0.08378264128952079,1.8853176880118774,1.4590406554631996,-0.44063125659122476,0,1,0,0,0,0,1,0
0.5879786883208166,0,1,0.3429149912835259,0.22871003766114287,0.2185647616723603,0.024991464461569916,0.34825959405700463,1.4436864968889553,0.9638742024151761,2,8,2,10,5,0,0,0,0,0,0,-0.2634577314371376,-0.23019003160215265,0.365196274975264,0.9364341654843027,-0.44063125659122476,0,1,0,0,0,0,1,0
0.4369521063907895,0,1,-0.002572781285085367,0.23168204839493264,2.8117112581395682,-0.450650288504761,0.4217116057464012,-0.017853261891032163,0.30006971279851863,6,5,2,12,5,0,0,0,0,0,0,0.8539996321922873,0.5390691378370995,0.21001373774979198,1.3283890329684753,-0.44063125659122476,0,1,0,0,0,0,0,0
0.1719529209136917,0,1,0.48111010031097046,-0.03282690691235771,-0.46119208691613117,-0.1883805368691206,-0.47807553744870707,-0.5537511734436943,1.217681801386251,2,6,6,3,6,1,0,0,0,0,0,-0.34941599017786257,-0.07633819771430223,-0.09701407783608822,0.28317605301068166,1.033090511708265,0,1,0,0,0,0,1,0
2.508461560338596,0,0,-0.45170688562428,2.0951327784811244,3.8942869799656847,-0.277285537423575,3.0292580207199804,-0.13964824178936447,3.1895716087769097,0,9,8,13,3,0,0,1,1,0,0,-0.09154121395568762,0.4497358149344767,1.8686313936865577,1.9816471454420963,2.506812280007755,0,1,0,0,0,0,1,0
-0.049293526498069486,0,1,-1.246328762532086,-0.7461094830219047,-0.6626015235349434,-0.704029540084956,-0.6800685695945476,-0.6511871573623601,-0.8127789903823482,1,2,0,3,5,0,0,0,0,0,0,1.455707443377362,-0.8257455176196382,-0.9029620937490237,-1.1539917944312847,-0.44063125659122476,0,0,0,1,1,0,0,0
-0.7776313974186841,1,2,-0.5208044401380023,-0.8204097513666493,-0.43601590733877965,-0.5751172892809971,-0.4597125345263579,-0.4806741855046949,-0.5980187143299003,3,2,0,4,8,0,0,0,0,0,0,0.08037530352576235,0.8269209560788842,-0.8312110281501496,-0.762036926947112,-0.44063125659122476,0,1,0,0,0,0,1,0
0.09067775973236507,0,1,0.031975995971775764,0.30598231673967713,0.671735994064688,0.24280871581998315,0.38498559990170295,3.002662239587609,-0.3442111153588253,4,4,3,6,4,0,0,0,0,0,0,-0.6072907664000375,0.6308839419314619,0.5187101827682041,0.28317605301068166,-0.44063125659122476,0,1,0,0,1,0,0,0
0.6985784897900456,0,0,-0.969938544477197,0.9390206030369002,-0.008020854523803517,0.12723221509919244,-0.05572647023467663,-0.2370842257080303,1.9010099524622217,1,6,4,13,2,0,0,0,0,0,0,1.971456995821712,-0.1706344830004041,0.7156084558069752,1.197737410473751,-0.44063125659122476,0,0,1,0,1,0,0,0
0.7586799490382542,0,1,0.0665247732286369,0.8647203346921557,-0.08354939325585813,-0.1928257868968433,-0.4964385403710562,-0.09093024983003155,2.1548175514332963,2,8,9,4,6,0,0,0,0,0,0,0.5101665972293873,-0.22026410683519457,0.5404023653911196,1.067085787979027,-0.44063125659122476,0,1,0,0,0,0,0,0
0.2975897983132986,1,1,-0.037121558541946494,-0.3419160232264948,-0.4108397277614281,0.38505671670711017,0.34825959405700463,0.3962496697632977,0.39768802009508586,6,8,2,7,7,0,0,0,0,0,0,1.197832667155187,0.12218029762485963,0.018121353008616857,1.067085787979027,-0.44063125659122476,0,1,0,0,0,0,0,1
0.027671943139348173,0,0,1.206634422705054,0.18710188738808595,-0.23460647071996735,0.33171371637443753,1.2296837343297637,3.928304086814934,3.677663145259746,2,9,5,9,7,0,0,0,0,0,0,-0.7792072838814875,0.7946617005862704,0.9091694699806823,1.3283890329684753,-0.44063125659122476,0,0,0,0,0,0,1,0
0.31314216345001356,0,1,0.48111010031097046,1.6731072542829757,-0.6626015235349434,-0.3573000379225839,-0.6800685695945476,-0.6511871573623601,-0.4808767455740195,3,2,3,9,8,0,1,0,0,0,0,1.7135822195995372,0.5216987694949229,0.6138220604225257,0.28317605301068166,1.033090511708265,0,0,0,1,1,0,0,0
0.5893840225199174,1,2,1.1029880909344707,2.0267765316039594,0.24374094124971185,0.007210464350679041,-0.38626052283696133,-0.6511871573623601,1.2567291243048777,7,11,3,4,7,0,0,0,0,0,0,1.3697491846366372,0.3455136048814167,1.1844933263484552,1.3283890329684753,-0.44063125659122476,0,0,0,1,0,0,1,0
-0.655507855516829,0,0,-0.002572781285085367,-0.30327988368722764,-0.6122491643802404,-0.5351100390314927,-0.6249795608275003,-0.6024691654030272,-0.6565896987078406,2,4,2,5,7,0,1,0,1,0,0,-1.3809150950665625,-0.021745611496032713,-0.5658989483775683,-0.2394304369682152,2.506812280007755,0,0,0,1,0,1,0,0
1.395015274391073,0,0,1.69031730430111,0.7696159912108828,0.5962074553326333,2.7010319811506465,-0.16590448776877154,0.10394171800730014,2.7990983795906406,1,7,7,12,3,0,0,0,0,0,0,-0.9511238013629375,0.7475135579432195,1.7167861153261497,1.5896922779579237,-0.44063125659122476,0,1,0,0,0,0,0,0
-1.1727645297325113,0,1,-0.7626458809360303,-0.8857939875100244,-0.4863682664934827,-0.7218105401958469,-0.6249795608275003,-0.5537511734436943,-0.7346843445450945,1,1,0,3,6,0,0,0,0,0,0,0.8539996321922873,0.4001061910996862,-0.9580268650225784,-1.2846434169260088,-0.44063125659122476,0,0,0,0,1,0,0,0
-1.1477495809885179,0,0,-1.211779985275225,-0.7758295903598026,-0.36048736860672503,-0.3128475376453567,0.752245658348686,0.32317268182429826,0.22197506696126482,3,4,1,6,7,0,0,0,0,0,0,1.2837909258959121,0.5489950626040576,-0.4674498118581828,-0.10877881447349098,-0.44063125659122476,0,1,0,0,0,0,0,1
-1.511496916189095,1,0,1.5521221952736655,-0.8293257835680186,-0.5618968052255373,-0.6995842900572332,-0.5698905520604528,-0.4563151895250284,-0.2270691466029446,3,2,1,3,7,0,0,0,0,0,0,-0.09154121395568762,0.40506915348316525,-0.8679208756658526,-0.762036926947112,-0.44063125659122476,0,1,0,0,0,0,1,0
-0.9479579023496948,1,1,-0.6244507719085857,-0.8709339338410755,-0.6626015235349434,-0.7173652901681241,-0.6800685695945476,-0.6511871573623601,-0.8323026518416616,2,1,0,3,6,0,0,0,0,0,0,0.4242083384886623,-0.7910047809352849,-0.9797190476454938,-1.1539917944312847,-0.44063125659122476,0,0,0,1,1,0,0,0
1.1497844566479924,1,0,-0.17531666756939102,1.1054532041291278,3.390763388418654,1.1540849715031405,3.1761620440987737,0.4206086657429641,0.2805460513392052,2,2,5,5,6,0,0,0,0,0,0,-0.09154121395568762,0.8393283620375818,1.6200056082392962,-0.10877881447349098,-0.44063125659122476,0,1,0,0,0,1,0,0
1.8159128670217473,0,0,1.69031730430111,2.0148884886688,-0.23460647071996735,2.2476164783229295,-0.2577195023805173,0.1770187059462995,0.143880421124011,1,6,2,8,2,0,0,1,0,0,0,-1.2089985775851124,0.14947659073399439,1.9604060124758156,0.28317605301068166,1.033090511708265,0,0,0,1,0,0,0,0
-0.017439284651785854,0,0,1.3102807544756376,0.41891872462368873,0.26891712082706337,0.8562532196457183,1.1195057167956688,0.030864730068300754,-0.500400407033333,1,2,4,8,1,0,0,0,0,0,0,-0.34941599017786257,-0.3095974297378174,0.6355142430454411,0.02187280802123322,-0.44063125659122476,0,0,1,0,0,0,1,0
0.6174907065019324,0,1,-1.557267757843836,1.289717869624094,-0.6626015235349434,0.29170646612493306,-0.44134953160400875,-0.16400723776903092,0.12435675966469754,2,3,5,7,7,0,0,0,0,0,0,-0.6072907664000375,-0.2872640990121617,0.7489810444576143,0.28317605301068166,-0.44063125659122476,0,0,1,0,0,0,1,0
1.379041308994628,0,0,-1.0735848762477804,-0.419188302305029,-0.08354939325585813,1.1451944714476952,-0.18426749069112067,0.9321475813159598,0.6319719576068473,1,3,10,13,1,0,0,0,0,0,0,-1.5528316125480124,-25.01522417469651,0.29010795051132593,1.5896922779579237,-0.44063125659122476,0,1,0,0,0,0,0,0
0.8769622441292338,0,0,0.5847564320815538,2.7162830218431884,2.031249691241671,0.6117644681209689,-0.2577195023805173,2.832149267729944,-0.20754548514363116,1,5,8,4,6,0,0,0,0,0,0,-1.2949568363258375,0.6929209717249499,2.0421688546698813,0.41382767550540583,-0.44063125659122476,0,0,0,1,1,0,0,0
-2.0809383336647183,1,0,1.69031730430111,-0.8887659982438142,-0.23460647071996735,-0.6640222898354515,-0.44134953160400875,-0.3101612136470297,-0.18802182368431772,4,2,1,3,9,0,0,0,0,0,0,-1.3809150950665625,0.8790320611054142,-0.8412228047453413,-0.6313853044523878,-0.44063125659122476,0,0,0,0,0,0,1,0
1.4056489698309356,1,0,0.37746376854038705,3.5127818984988486,0.722088353219391,0.4961879674001781,0.2197185736005606,-0.6511871573623601,2.7600510566720136,2,4,4,10,6,1,0,1,0,0,0,-0.6072907664000375,0.7326246707927824,2.417610476989572,0.6751309204948542,2.506812280007755,0,0,1,0,1,0,0,0
1.3059170861680858,0,0,0.5502076548246927,2.246705325904403,-0.1339017524105612,1.6163909743863032,-0.09245247607937493,-0.6511871573623601,3.5214738535852383,1,5,11,5,3,1,0,1,1,0,0,1.197832667155187,0.7475135579432195,2.1072454025386276,0.9364341654843027,3.980534048307244,0,1,0,0,0,0,0,1
-0.6957472580844138,1,1,-0.6589995491654468,-0.21709157240732405,-0.4863682664934827,-0.13059228650872523,-0.6066165579051511,-0.28580221766736325,-0.09040351638775045,9,5,1,8,7,0,0,0,0,0,0,0.2522918210072123,0.30580990581358436,-0.2855692037121994,1.067085787979027,-0.44063125659122476,0,1,0,0,0,1,0,0
-0.9110444573866485,1,1,-1.6954628668712808,-0.8739059445748653,-0.6626015235349434,-0.735146290279015,-0.6800685695945476,-0.6511871573623601,-0.8518263133009751,1,1,0,2,7,0,0,0,0,0,0,0.16633356226648732,-0.7289677511417968,-0.9897308242406855,-1.415295039420733,-0.44063125659122476,0,1,0,0,0,0,1,0
0.5991745174403192,1,0,-1.3154263170458083,-0.36866411983060277,0.8479692511061486,0.33171371637443753,-0.44134953160400875,0.6641986255396287,0.20245140550195134,2,5,5,7,4,0,0,0,0,0,0,-0.09154121395568762,-0.49819000031002114,-0.0035708296142985922,0.5444792980001301,-0.44063125659122476,0,1,0,0,0,0,0,0
1.3722957048389444,0,0,0.9647929819070262,0.5615752398455982,1.099731046879664,0.7006694686754231,2.000929857068428,0.32317268182429826,0.788161249281355,1,3,7,11,1,0,0,0,0,0,0,-1.7247481300294623,0.00555068161310204,0.9225185054409378,0.9364341654843027,-0.44063125659122476,0,1,0,0,0,1,0,0
-0.2819700253958501,0,1,1.0684393136776096,-0.8055496976977004,-0.46119208691613117,-0.6951390400295105,-0.6433425637498494,-0.4075971975656955,-0.7932553289230347,2,2,1,3,4,0,0,0,0,0,0,0.2522918210072123,-0.6843010896904854,-0.8979562054514278,-0.8926885494418363,-0.44063125659122476,0,0,1,0,0,0,1,0
1.2412717130094513,0,0,0.895695427393304,0.8914684312962636,0.042331504630899554,2.2565069783783747,0.9909646963392248,0.030864730068300754,-0.3051637924401984,1,3,10,8,1,0,0,0,0,0,0,0.2522918210072123,0.0551803054478925,1.4164328174703973,0.9364341654843027,-0.44063125659122476,0,0,0,1,0,1,0,0
-0.8600776704325946,1,2,-0.5553532173948634,-0.8412138265031777,-0.36048736860672503,-0.6862485399740651,-0.6800685695945476,-0.5781101694233607,-0.7932553289230347,3,2,0,4,4,0,0,0,0,0,0,0.5101665972293873,-0.8406344047700753,-0.9229856469394072,-0.762036926947112,-0.44063125659122476,0,0,1,0,1,0,0,0
-0.755661339439409,2,1,1.5521221952736655,-0.823381762100439,-0.6626015235349434,-0.7173652901681241,-0.6800685695945476,-0.6511871573623601,-0.3637347768181388,2,1,0,3,8,0,0,0,0,0,0,0.3382500797479373,0.18918028980182675,-0.9129738703442155,-1.1539917944312847,-0.44063125659122476,0,0,1,0,0,1,0,0
-0.6693738196146231,1,1,-0.002572781285085367,-0.864989912373496,-0.5618968052255373,-0.6506865397522833,-0.6800685695945476,-0.6511871573623601,-0.8323026518416616,2,1,0,3,9,0,0,0,0,0,0,1.0259161496737372,0.7549580015184381,-0.9446778295623227,-1.1539917944312847,-0.44063125659122476,0,0,0,1,1,0,0,0
1.531613758543666,0,0,1.6212197497873877,1.129229289999446,1.85501643420021,2.82105373189916,-0.2944455082252156,0.9565065772956262,-0.8518263133009751,1,6,9,10,2,0,0,1,0,0,0,0.3382500797479373,-0.3071159485460779,1.781862663194896,1.4590406554631996,1.033090511708265,0,0,0,1,1,0,0,0
5.17513004760557,1,1,-0.6244507719085857,-0.6510051395406318,-0.6374253439575919,-0.6684675398631742,-0.6433425637498494,-0.6268281613826937,-0.3637347768181388,0,0,0,1,1,0,0,0,0,0,0,-0.6072907664000375,0.11969881643312011,-0.7911639217693825,-1.8072499069049057,-0.44063125659122476,0,0,0,1,0,0,1,0
0.4106723568676055,0,1,-0.9008409899634747,-0.19034347580321603,1.6032546384266946,0.22058246568136955,0.4768006145134487,-0.5050331814843614,-0.38325843827745226,4,4,4,10,3,0,0,0,0,0,0,1.541665702118087,0.12466177881659915,0.058168459389383836,0.9364341654843027,-0.44063125659122476,0,1,0,0,0,1,0,0
1.2202853889695466,0,0,-1.0735848762477804,0.9182165279003717,-0.10872557283320966,0.6784432185368096,-0.07408947315702578,1.8334304325636188,-0.6175423757892137,1,4,6,9,1,0,0,0,0,0,0,1.2837909258959121,-0.5949677667878626,0.8290752572191482,0.6751309204948542,-0.44063125659122476,0,1,0,0,0,0,1,0
0.37221304428554836,0,1,-0.4171581083674189,1.3877942238391567,0.6213836349099848,-0.05502303603743902,0.3115335882123063,-0.4075971975656955,2.1548175514332963,7,11,2,12,6,0,0,0,0,0,0,-0.2634577314371376,-0.0018937619621165293,0.9842577944446204,2.242950390431545,-0.44063125659122476,0,1,0,0,0,0,1,0
-0.38071817511932937,0,1,-1.3154263170458083,0.029585318497227654,-0.38566354818407655,-0.5039932888374337,-0.6066165579051511,-0.5781101694233607,1.2372054628455644,3,7,3,4,7,0,1,0,0,0,0,0.08037530352576235,-0.21530114445171553,-0.18712006719281393,0.28317605301068166,1.033090511708265,0,0,1,0,0,0,1,0
-0.8099072395246979,2,1,-0.6244507719085857,-0.8798499660424448,-0.6374253439575919,-0.7173652901681241,-0.6800685695945476,-0.6511871573623601,-0.8323026518416616,1,1,0,2,6,0,0,0,0,0,0,1.1118744084144623,-0.46096778243392833,-0.9830563065105578,-1.415295039420733,-0.44063125659122476,0,1,0,0,0,0,1,0
-0.5228911515950218,0,1,0.5156588775678316,-0.6955853005474785,-0.6626015235349434,-0.6640222898354515,-0.6800685695945476,-0.6511871573623601,-0.3637347768181388,2,2,1,3,6,0,0,0,0,0,0,0.3382500797479373,-0.09867152843995793,-0.8211992515549578,-0.8926885494418363,-0.44063125659122476,0,0,0,1,0,1,0,0
-0.543455875375196,1,1,0.3429149912835259,-0.7728575796260128,-0.5618968052255373,-0.6462412897245606,-0.5698905520604528,-0.6511871573623601,-0.32468745389951187,2,3,0,3,7,0,0,0,0,0,0,-0.2634577314371376,-0.019264130304293192,-0.8378855458802774,-0.8926885494418363,-0.44063125659122476,0,1,0,0,1,0,0,0
-1.008387272911027,1,0,-0.9353897672203358,-0.8590458909059164,-0.6626015235349434,-0.7129200401404014,-0.6800685695945476,-0.6268281613826937,-0.6175423757892137,2,1,1,2,7,1,0,0,0,0,0,-0.005582955214962636,-0.7016714580326621,-0.9513523472924506,-1.1539917944312847,1.033090511708265,0,0,0,1,1,0,0,0
1.510580590030458,0,0,-1.3845238715595305,3.4890058126285304,-0.18425411156526428,1.0518442208655179,-0.6800685695945476,-0.18836623374869738,-0.8518263133009751,1,7,6,6,3,0,1,1,0,0,0,-1.1230403188443874,-0.0415974610299489,2.1940141330302896,0.6751309204948542,2.506812280007755,0,0,0,1,1,0,0,0
0.8044938439289386,0,1,-1.557267757843836,-0.16953940066668757,0.5710312757552818,-0.032796785898825426,-0.5515275491381036,1.3462505129702895,1.2762527857641912,1,5,2,10,4,0,0,0,0,0,0,0.9399578909330122,-0.16815300180866458,0.08152927144483124,0.41382767550540583,-0.44063125659122476,0,1,0,0,0,0,1,0
2.895537443244246,0,0,-1.3845238715595305,-0.8857939875100244,-0.6122491643802404,-0.7262557902235696,-0.6617055666721985,5.730869789310252,-0.7932553289230347,0,27,0,0,1,0,0,0,0,0,0,2.057415254562437,-0.7711529314013688,-0.5458753951871849,1.5896922779579237,-0.44063125659122476,0,0,0,1,0,1,0,0
1.3890191818082434,0,0,1.3793783089893599,2.817331386792041,-0.6626015235349434,1.3274497225843265,0.16462956483351315,0.20137770192596596,-0.8518263133009751,1,4,5,8,1,0,1,1,0,0,0,1.885498737080987,-0.696708495649183,1.9921099716939228,0.41382767550540583,2.506812280007755,0,0,0,1,0,0,1,0
-1.250666888835996,1,0,-0.45170688562428,-0.8917380089776039,-0.43601590733877965,-0.6862485399740651,-0.47807553744870707,-0.6024691654030272,-0.6956370216264675,2,1,1,3,3,0,0,0,0,0,0,-0.2634577314371376,-0.5900048044043835,-0.931328794102067,-1.0233401719365605,-0.44063125659122476,1,0,0,0,1,0,0,0
0.8045875328755453,0,0,1.1375368681913318,3.004568063020797,-0.10872557283320966,2.727703481316983,1.9825668541460788,-0.6511871573623601,2.6233854264568195,1,7,8,9,5,0,0,0,0,0,0,1.7135822195995372,0.3852173039492491,3.0633700673794393,1.3283890329684753,-0.44063125659122476,0,0,0,1,1,0,0,0
-0.8845773299702511,1,0,-1.557267757843836,-0.8144657298990697,-0.46119208691613117,-0.6862485399740651,-0.5331645462157545,-0.4563151895250284,-0.6175423757892137,1,2,0,4,5,0,0,0,0,0,0,-0.7792072838814875,-0.12348634035735316,-0.8779326522610443,-1.0233401719365605,-0.44063125659122476,0,1,0,0,1,0,0,0
0.059900940772058674,1,1,-0.002572781285085367,-0.07146304645162485,-0.4863682664934827,-0.3795262880611975,-0.3128085111475647,-0.6511871573623601,-0.32468745389951187,8,6,3,5,7,0,0,0,0,0,0,-0.5213325076593126,0.39514322871620716,-0.3156045334977747,0.9364341654843027,-0.44063125659122476,0,1,0,0,0,1,0,0
1.0870128624214923,0,0,1.4830246407599432,-0.30030787295343786,0.2185647616723603,0.6162097181486915,0.16462956483351315,-0.2370842257080303,3.580044837963179,1,2,11,5,1,0,0,0,0,0,0,1.455707443377362,-0.7562640442509315,0.3818825693005836,0.5444792980001301,-0.44063125659122476,0,1,0,0,0,1,0,0
0.8839420706514343,0,0,1.1375368681913318,0.11874564051092104,0.47032655744587565,2.1676019778239204,1.2296837343297637,-0.38323820158602906,1.3738710930607585,2,3,4,10,3,0,0,0,0,0,0,1.541665702118087,0.4100321158666443,1.114410890182113,0.5444792980001301,-0.44063125659122476,0,1,0,0,0,0,0,1
1.0479445716864917,0,0,0.5847564320815538,0.21087797325840418,3.16417777222249,0.749567218980373,1.0276907021839232,1.5654814767872878,0.7295902649034146,1,5,4,6,2,0,0,0,0,0,0,-2.0685811649923624,-0.7115973827996201,0.8724596224649791,0.15252443051595743,-0.44063125659122476,0,1,0,0,0,1,0,0
-0.5694077135852565,0,0,-1.0735848762477804,-0.567788838994518,0.8731454306835001,0.1672394653486969,-0.05572647023467663,-0.017853261891032163,0.06578577528675718,2,7,1,7,8,0,0,0,0,0,0,1.541665702118087,0.0005877192296229938,-0.19880047322053762,0.28317605301068166,-0.44063125659122476,0,0,1,0,0,0,1,0
-0.7394063072031437,1,1,-0.037121558541946494,-0.5172646565200918,-0.6626015235349434,-0.6684675398631742,-0.6800685695945476,-0.6511871573623601,-0.7542080060044078,5,3,1,4,7,0,1,0,0,0,0,-0.09154121395568762,0.012995125188320609,-0.7561227036862115,-0.2394304369682152,1.033090511708265,0,0,1,0,1,0,0,0
1.2482515395316516,0,0,-1.211779985275225,0.7547559375419338,1.3263166630758279,2.025353976936793,3.1210730353317264,3.6116371390792703,1.0029215253338029,1,4,6,4,1,0,0,1,0,0,0,1.971456995821712,-0.5279677746108954,1.8886549468769414,0.02187280802123322,1.033090511708265,0,1,0,0,1,0,0,0
-0.5058397633125993,1,0,-0.2789629993399744,-0.06849103571783506,-0.4863682664934827,-0.36619053797802936,-0.40462352575931043,-0.6511871573623601,1.4714894003573258,7,7,3,4,8,0,0,0,0,0,0,-0.6932490251407625,0.6532172726571176,-0.16375925513736653,0.8057825429895785,-0.44063125659122476,0,1,0,0,1,0,0,0
-0.48176170403467317,0,1,0.653853986595276,0.03255732923101743,-0.6626015235349434,-0.6017887894473334,-0.6066165579051511,-0.6511871573623601,0.9248268794965492,4,5,5,3,8,1,0,0,0,0,0,0.4242083384886623,0.39266174752446764,-0.2722201682519438,0.28317605301068166,1.033090511708265,0,1,0,0,0,0,0,0
-1.75232435344166,1,0,0.7575003183658595,-0.8857939875100244,-0.5618968052255373,-0.6995842900572332,-0.5698905520604528,0.22573669790563242,-0.16849816222500427,4,2,2,3,7,0,0,0,0,0,0,-0.9511238013629375,0.6308839419314619,-0.8478973224754691,-0.5007336819576637,-0.44063125659122476,0,0,0,0,0,0,1,0
-0.8924472014852153,1,1,-0.7280971036791691,-0.8382418157693879,-0.6122491643802404,-0.6862485399740651,-0.6800685695945476,-0.6024691654030272,-0.7542080060044078,1,1,0,3,4,0,0,0,0,0,0,1.541665702118087,0.3331061989227191,-0.9363346823996629,-1.2846434169260088,-0.44063125659122476,0,1,0,0,1,0,0,0
1.4433119263668355,0,0,-0.7280971036791691,1.2124455905455598,0.5962074553326333,1.1274134713368043,0.513526620358147,0.27445468986496535,-0.1099271778470639,1,8,4,7,4,0,0,0,0,0,0,-1.2949568363258375,-0.1259678215490927,1.199510991241243,0.6751309204948542,-0.44063125659122476,0,0,0,1,0,1,0,0
-2.1837619525655896,0,1,-1.2808775397889471,-0.8679619231072857,-0.5618968052255373,-0.7084747901126787,-0.6617055666721985,-0.5781101694233607,-0.7542080060044078,0,1,0,0,13,0,0,0,0,0,0,-0.6072907664000375,-0.021745611496032713,-0.9546896061575144,-1.8072499069049057,-0.44063125659122476,0,1,0,0,1,0,0,0
1.0084546806917605,0,0,1.2411831999619152,2.490410206075165,0.6213836349099848,1.1051872211981906,0.9726016934168757,1.0295835652346257,-0.12945083930637735,1,7,8,11,3,1,0,0,1,0,0,-1.1230403188443874,-0.3393752040386917,2.0021217482891145,1.5896922779579237,2.506812280007755,0,0,1,0,0,0,1,0
0.4058005316440563,1,1,-1.1081336535046415,-0.11009918599089198,0.39479801871382103,0.6339907182595824,0.32989659113465547,0.37189067378363116,-0.4418294226553926,10,7,4,9,5,0,0,0,0,0,0,-0.1774994726964126,0.06758771140659012,0.2200255143449837,1.9816471454420963,-0.44063125659122476,0,0,0,1,1,0,0,0
0.6490170370350925,0,0,1.3102807544756376,0.7755600126784623,0.14303622294030569,1.194092221752645,-0.16590448776877154,0.1283007139869666,0.20245140550195134,1,2,8,6,1,0,0,0,0,0,0,0.16633356226648732,-0.374115940723045,0.9041635816830863,0.28317605301068166,-0.44063125659122476,0,1,0,0,0,0,1,0
-1.179135378101768,2,0,-0.7971946581928914,-0.9006540411789733,-0.6374253439575919,-0.7173652901681241,-0.6800685695945476,-0.5781101694233607,-0.8323026518416616,1,1,0,2,8,0,0,0,0,0,0,-0.43537424891858756,-0.7562640442509315,-0.9897308242406855,-1.415295039420733,-0.44063125659122476,0,1,0,0,1,0,0,0
-0.6634245715050966,0,0,-1.0044873217340582,-0.6539771502744216,-0.5367206256481858,-0.5706720392532744,2.0743818687578246,-0.3588792056063626,-0.3051637924401984,2,4,1,6,7,0,0,0,0,0,0,1.971456995821712,0.8045876253532285,-0.4791302178859065,-0.2394304369682152,-0.44063125659122476,0,1,0,0,0,0,1,0
1.5129228136956259,0,0,-0.7626458809360303,0.3862266065520012,2.786535078562217,1.0385084707823498,0.146266561911164,2.685995291851945,0.026738452368130272,1,3,4,10,1,0,0,0,0,0,0,-1.6387898712887374,-0.48578259435132354,0.9909323121747481,0.41382767550540583,-0.44063125659122476,0,1,0,0,1,0,0,0
-0.7835338010549072,1,0,0.653853986595276,-0.6807252468785296,-0.36048736860672503,-0.11281128639783437,0.1095405560664657,0.2988136858446318,2.7990983795906406,6,6,1,5,8,0,0,0,0,0,0,-1.2949568363258375,0.6209580171645038,-0.17877692003015414,0.41382767550540583,-0.44063125659122476,0,1,0,0,0,0,1,0
0.4566736296515033,0,1,-0.9008409899634747,1.0014328284464855,-0.4863682664934827,-0.4906575387542655,-0.6800685695945476,-0.6511871573623601,-0.3051637924401984,8,10,4,6,8,0,1,0,1,0,0,0.08037530352576235,-0.7860418185518059,0.2133509966148559,1.720343900452648,2.506812280007755,0,1,0,0,0,0,0,0
1.0442438582955262,0,0,-1.5918165351006972,1.6612192113478166,1.427021381385234,1.6919602248575896,0.8991496817274791,1.7603534446246194,-0.20754548514363116,1,8,2,5,5,0,0,0,0,0,0,-1.8107063887701873,0.8169950313119261,1.8469392110636424,0.15252443051595743,-0.44063125659122476,0,0,0,1,1,0,0,0
0.2091005882432548,1,1,0.0665247732286369,-0.22006358314111382,0.5458550961779303,0.2116919656259241,-0.44134953160400875,0.1283007139869666,0.6124482961475338,8,9,1,7,9,0,0,0,0,0,0,-1.0370820601036626,0.6631431974240757,0.013115464711020984,1.3283890329684753,-0.44063125659122476,0,1,0,0,0,0,1,0
0.1315261404528935,0,1,0.5156588775678316,0.04147336143238677,-0.5870729848028888,-0.6640222898354515,-0.6066165579051511,-0.4806741855046949,0.24149872842057826,5,4,1,8,4,0,0,0,0,0,0,-0.5213325076593126,-0.06144931056386509,-0.3322908278230942,0.41382767550540583,-0.44063125659122476,0,0,1,0,1,0,0,0
-0.023950666440952655,1,2,1.1029880909344707,-0.8620179016397062,-0.6626015235349434,-0.7262557902235696,-0.6800685695945476,-0.6511871573623601,-0.8323026518416616,1,0,0,3,5,0,0,0,0,0,0,1.3697491846366372,0.1395506659670363,-0.9780504182129618,-1.415295039420733,-0.44063125659122476,0,0,0,1,0,1,0,0
0.3154375426418781,0,1,-0.8317434354497525,1.9554482739930048,-0.36048736860672503,0.12278696507146973,-0.38626052283696133,-0.06657125385036508,-0.6175423757892137,4,7,8,13,6,0,0,1,0,0,0,1.1118744084144623,0.7549580015184381,1.0276421596904513,2.242950390431545,1.033090511708265,0,0,1,0,0,0,1,0
0.9845639993070479,0,0,-1.246328762532086,-0.3627200983630232,1.20043576518907,0.5850929679546325,2.2947379038260145,2.978303243607942,1.4129184159793853,1,3,3,6,1,0,0,0,0,0,0,-0.09154121395568762,0.07999511736528774,0.6288397253153133,-0.2394304369682152,-0.44063125659122476,0,1,0,0,1,0,0,0
-0.43369927442542755,0,1,-0.17531666756939102,-0.8412138265031777,-0.6626015235349434,-0.7262557902235696,-0.6800685695945476,-0.6511871573623601,-0.8518263133009751,1,1,0,3,6,0,0,0,0,0,0,0.16633356226648732,-0.5949677667878626,-0.9680386416177701,-1.2846434169260088,-0.44063125659122476,0,1,0,0,1,0,0,0
0.6892564396026772,0,0,0.5156588775678316,-0.03877092837993727,-0.4108397277614281,2.3231857287942157,0.8624236758827808,-0.4075971975656955,-0.8518263133009751,1,3,4,9,1,0,0,0,0,0,0,1.0259161496737372,-0.06641227294734413,0.800708556866105,0.28317605301068166,-0.44063125659122476,0,0,1,0,0,0,1,0
-0.0968875113742815,1,0,0.48111010031097046,-0.5380687316566202,-0.23460647071996735,0.020546214433847198,0.03608854437706911,-0.6511871573623601,-0.26611646952157153,5,6,2,5,6,0,0,0,0,0,0,-0.2634577314371376,-0.2773381742452036,-0.3740065636363932,0.41382767550540583,-0.44063125659122476,0,0,1,0,0,0,1,0
-0.32478587399511955,0,1,-0.7971946581928914,-0.6123690000013647,-0.6626015235349434,-0.26839503736812953,0.2197185736005606,-0.4075971975656955,1.217681801386251,5,5,1,5,6,0,0,0,0,0,0,-0.43537424891858756,0.7748098510523542,-0.3923614873942447,0.15252443051595743,-0.44063125659122476,0,1,0,0,1,0,0,0
-0.3284397429127815,0,1,-1.3154263170458083,-0.4310763452401882,-0.6626015235349434,-0.641796039696838,-0.6433425637498494,-0.6268281613826937,-0.24659280806225808,3,4,1,4,7,0,0,0,0,0,0,0.8539996321922873,0.31821731177228196,-0.6493304200041662,-0.37008205946293943,-0.44063125659122476,0,1,0,0,0,0,1,0
0.2618943096561396,0,0,0.3429149912835259,1.2808018374227248,0.344445659559118,0.07388921476651983,0.27480758236760805,-0.16400723776903092,-0.26611646952157153,2,9,3,13,6,0,0,0,0,0,0,2.229331772043887,0.03780993710571584,0.760661450485338,1.5896922779579237,-0.44063125659122476,0,0,0,1,0,0,0,1
0.35085196445921696,0,0,0.23926865951294254,-0.636145085871683,1.0242025081476094,-0.006125285732489115,-0.12917848192407322,0.3962496697632977,-0.6370660372485272,1,4,2,8,3,0,0,0,0,0,0,1.541665702118087,-0.6743751649235273,-0.3306221983905623,0.02187280802123322,-0.44063125659122476,0,0,1,0,1,0,0,0
1.409771283481631,0,0,0.3083662140266648,-0.35677607689544366,-0.08354939325585813,1.242989972057595,-0.12917848192407322,-0.09093024983003155,-0.4027820997367657,1,5,4,7,2,0,1,1,1,0,0,1.0259161496737372,0.635846904314941,0.20834510831726002,0.28317605301068166,3.980534048307244,0,0,0,1,1,0,0,0
0.16450464965845774,1,0,-0.969938544477197,-0.19628749727079559,2.232659127860483,0.21613721565364682,2.423278924282459,1.0295835652346257,0.6319719576068473,3,5,3,13,4,0,0,0,0,0,0,-1.2949568363258375,-0.18800485134258077,0.46364541149464955,1.197737410473751,-0.44063125659122476,0,1,0,0,1,0,0,0
0.6736572299926589,0,1,0.23926865951294254,2.3358656479180966,-0.36048736860672503,-0.3128475376453567,-0.38626052283696133,-0.3588792056063626,0.3195933742578321,4,3,4,11,8,0,1,0,0,0,0,-0.1774994726964126,0.36040249203185387,1.1377717022375604,0.9364341654843027,1.033090511708265,0,1,0,0,1,0,0,0
-1.543257469088772,1,0,-0.2789629993399744,-0.8976820304451835,-0.46119208691613117,-0.735146290279015,-0.6066165579051511,-0.4806741855046949,-0.5589713914112733,1,1,0,3,8,0,0,0,0,0,0,-0.34941599017786257,0.5514765437957971,-0.9463464589948546,-1.2846434169260088,-0.44063125659122476,1,0,0,0,1,0,0,0
-0.25761089927810377,1,1,-1.4881702033301138,-0.701529322015058,-0.6626015235349434,-0.6684675398631742,-0.6800685695945476,-0.6511871573623601,-0.6956370216264675,3,2,0,4,7,0,0,0,0,0,0,-0.2634577314371376,-0.14581967108300886,-0.854571840205597,-0.762036926947112,-0.44063125659122476,0,0,1,0,0,1,0,0
0.22479348679987984,1,1,0.5156588775678316,-0.4370203667077677,-0.5115444460708343,-0.5662267892255517,-0.5698905520604528,-0.33452020962669615,0.6124482961475338,5,4,1,5,6,0,0,0,0,0,0,-0.2634577314371376,0.6532172726571176,-0.5141714359690777,0.02187280802123322,-0.44063125659122476,0,1,0,0,1,0,0,0
0.11541164163653823,0,1,-1.4190726488163916,-0.08037907865299418,-0.1339017524105612,-0.4550955385324837,0.4584376115910995,-0.13964824178936447,-0.3637347768181388,2,3,2,10,3,0,0,0,0,0,0,-1.0370820601036626,0.161883996692692,-0.22382991470851699,0.28317605301068166,-0.44063125659122476,0,1,0,0,1,0,0,0
0.24891839055110934,1,1,-0.9353897672203358,-0.5915649248648363,-0.6626015235349434,-0.6995842900572332,-0.6433425637498494,-0.6268281613826937,-0.7737316674637214,3,2,1,4,3,0,0,0,0,0,0,0.3382500797479373,-0.5800788796374254,-0.8061815866621702,-0.6313853044523878,-0.44063125659122476,0,0,0,1,1,0,0,0
1.1814044761277593,0,0,0.17017110499922028,0.511051057371172,1.2256119447664215,-0.019461035815657272,-0.14754148484642238,3.0270212355672754,1.0419688482524299,1,4,4,8,2,0,0,0,0,0,0,1.799540478340262,0.1321062223918177,0.643857390208101,0.28317605301068166,-0.44063125659122476,0,1,0,0,1,0,0,0
0.19706155860429173,0,1,0.5502076548246927,0.04741738289996633,0.5458550961779303,-0.14837328661961613,0.03608854437706911,1.1026605531736249,0.08530943674607064,4,6,2,10,4,0,0,0,0,0,0,1.3697491846366372,0.07751363617354821,0.09320967747255494,0.9364341654843027,-0.44063125659122476,0,0,1,0,0,0,1,0
1.2752808006276894,1,1,-0.5553532173948634,-0.17548342213426713,-0.2597826502973189,0.2516992158754286,-0.2944455082252156,0.3962496697632977,-0.5394477299519599,2,8,1,8,6,0,0,0,0,0,0,0.16633356226648732,-0.6867825708822249,-0.06697874805051299,0.5444792980001301,-0.44063125659122476,0,1,0,0,0,1,0,0
-0.6231383244642085,0,0,0.23926865951294254,-0.5707608497283078,-0.23460647071996735,-0.5440005390869381,-0.05572647023467663,-0.115289245809698,0.8857795565779222,1,2,5,3,3,0,0,0,0,0,0,0.5101665972293873,0.17677288384312914,-0.47746158845337455,-0.5007336819576637,-0.44063125659122476,0,0,1,0,0,0,1,0
0.19317346732011298,0,0,-1.3845238715595305,0.8112241414839396,-0.6626015235349434,-0.4550955385324837,-0.6800685695945476,-0.6511871573623601,0.143880421124011,2,10,1,8,8,1,0,0,0,0,0,0.3382500797479373,0.4968839575775276,0.14660581931357758,0.8057825429895785,1.033090511708265,0,1,0,0,0,0,1,0
0.5747217023759662,0,1,-0.6589995491654468,0.3446184562789443,-0.2849588298746704,0.08722496484968797,2.0927448716801735,0.27445468986496535,-0.5589713914112733,3,5,3,13,3,0,0,0,0,0,0,0.5101665972293873,0.44725433374273715,0.36853353384032794,1.197737410473751,-0.44063125659122476,0,0,1,0,0,1,0,0
-0.09098510773805836,0,1,1.0338905364207485,-0.594536935598626,-0.6374253439575919,-0.4995480388097109,-0.44134953160400875,-0.43195619354536197,-0.5784950528705868,2,3,1,5,5,0,0,0,0,0,0,0.5101665972293873,-0.23267151279389217,-0.6827030086548054,-0.5007336819576637,-0.44063125659122476,0,1,0,0,0,1,0,0
0.2172046821247358,0,1,-0.10621911305566875,-0.23195162607627293,-0.10872557283320966,-0.14837328661961613,0.0728145502217674,0.10394171800730014,-0.24659280806225808,3,4,3,8,4,0,0,0,0,0,0,-0.5213325076593126,0.5167358071114438,-0.20046910265306958,0.41382767550540583,-0.44063125659122476,0,0,0,1,0,0,1,0
-0.5632710875825165,0,1,-1.0044873217340582,-0.6985573112812683,-0.46119208691613117,-0.6240150395859471,-0.4597125345263579,-0.4806741855046949,-0.6175423757892137,2,3,0,4,7,0,0,0,0,0,0,1.2837909258959121,0.39514322871620716,-0.7844894040392547,-0.762036926947112,-0.44063125659122476,0,1,0,0,0,0,1,0
0.333987954070008,0,1,-0.6935483264223079,-0.22006358314111382,0.2185647616723603,-0.40619778822753383,0.4768006145134487,0.7372756134786281,-0.24659280806225808,3,7,1,7,5,0,0,0,0,0,0,0.8539996321922873,-0.2947085425873803,-0.1887886966253459,0.41382767550540583,-0.44063125659122476,0,0,0,0,0,0,0,0
0.7318849103087333,0,0,1.413927086246221,1.6641912220816064,2.711006539830162,2.6743604809843102,2.0743818687578246,0.27445468986496535,2.506243457700939,1,4,10,5,3,0,0,0,0,0,0,-1.6387898712887374,0.8045876253532285,2.539420425564405,0.6751309204948542,-0.44063125659122476,0,0,0,1,1,0,0,0
-0.9894152612231669,0,1,-0.9008409899634747,-0.8798499660424448,-0.5618968052255373,-0.7173652901681241,-0.40462352575931043,-0.6024691654030272,-0.6370660372485272,2,1,0,3,7,0,0,0,0,0,0,-0.5213325076593126,0.6656246786158152,-0.932997423534599,-1.1539917944312847,-0.44063125659122476,1,0,0,0,1,0,0,0
-0.9725980953072613,1,0,0.3429149912835259,-0.8560738801721266,-0.5870729848028888,-0.6284602896136697,-0.5698905520604528,-0.6268281613826937,-0.5980187143299003,2,2,0,3,8,0,0,0,0,0,0,-0.5213325076593126,-0.14085670869952982,-0.9012934643164918,-1.0233401719365605,-0.44063125659122476,0,0,1,0,0,1,0,0
-0.9504875039080761,0,0,1.4830246407599432,-0.8531018694383369,-0.46119208691613117,-0.6862485399740651,-0.47807553744870707,-0.28580221766736325,-0.3637347768181388,1,2,1,2,7,0,0,0,0,0,0,-0.1774994726964126,0.017958087571799657,-0.8612463579357248,-1.1539917944312847,-0.44063125659122476,0,1,0,0,0,1,0,0
0.76964155579124,0,1,-0.07167033579880762,0.9211885386341615,-0.2597826502973189,-0.15281853664733883,0.1095405560664657,0.15265970996663306,-0.20754548514363116,3,8,5,9,6,0,0,0,0,0,0,-0.43537424891858756,-0.09370856605647888,0.445290487736798,1.3283890329684753,-0.44063125659122476,0,0,0,1,0,1,0,0
1.4946534691073161,0,0,0.9993417591638873,1.762267576296669,3.390763388418654,1.1718659716140314,2.7354499739623943,3.27061119536394,-0.32468745389951187,0,4,7,6,1,1,0,1,1,0,0,-0.5213325076593126,-0.19544929491779933,2.098902255375968,0.28317605301068166,3.980534048307244,0,1,0,0,0,0,0,0
0.6867268380442959,0,0,1.172085645448193,1.4412904170473728,-0.03319703410115505,1.1274134713368043,-0.38626052283696133,0.27445468986496535,-0.8518263133009751,1,2,8,9,1,0,0,0,0,0,0,-0.005582955214962636,-0.5577455489117698,1.1411089611026244,0.6751309204948542,-0.44063125659122476,0,0,0,1,0,1,0,0
0.9438561520064295,0,1,-1.557267757843836,0.6745116477296098,1.0745548673023124,0.593983468010078,2.0743818687578246,2.710354287831611,2.076722905596043,3,5,4,8,2,0,0,0,0,0,0,1.2837909258959121,0.3901802663327281,1.2245404327292222,0.6751309204948542,-0.44063125659122476,0,1,0,0,0,0,0,0
0.785709210134292,0,0,-1.5918165351006972,0.4575548641629559,1.376669022230531,0.8429174695625502,1.266409740174462,0.5667626416209629,-0.070879854928437,1,4,4,7,2,0,0,0,0,0,0,-0.005582955214962636,-0.8406344047700753,0.8123889628938287,0.15252443051595743,-0.44063125659122476,0,1,0,0,0,0,1,0
-0.017439284651785854,0,1,-0.9008409899634747,0.14252172638123928,-0.6626015235349434,-0.6195697895582243,-0.4964385403710562,-0.6511871573623601,-0.5589713914112733,3,6,1,7,6,0,0,0,0,0,0,0.6820831147108373,0.025402531147018226,-0.3339594572556262,0.28317605301068166,-0.44063125659122476,0,0,0,1,1,0,0,0
-1.2162362009580276,1,1,-1.6609140896144197,-0.8917380089776039,-0.6122491643802404,-0.6862485399740651,-0.5515275491381036,-0.5293921774640278,-0.3442111153588253,2,1,2,2,6,0,0,0,0,0,0,-0.09154121395568762,0.3901802663327281,-0.9146424997767474,-1.0233401719365605,-0.44063125659122476,0,0,0,0,0,0,0,0
1.1015346491455336,0,0,-0.8317434354497525,1.4591224814501116,-0.6626015235349434,1.683069724802144,1.0644167080286215,0.7616346094582945,-0.8518263133009751,1,8,4,10,6,0,0,0,1,0,0,-0.7792072838814875,-0.27485669305346405,1.4831779947716757,1.067085787979027,1.033090511708265,0,1,0,0,0,0,1,0
-0.6800075150544854,1,0,-1.0735848762477804,-0.8976820304451835,-0.6626015235349434,-0.704029540084956,-0.4597125345263579,-0.6024691654030272,-0.7932553289230347,1,1,0,2,8,0,0,0,0,0,0,-0.9511238013629375,-0.20041225730127837,-0.9630327533201742,-1.415295039420733,-0.44063125659122476,0,1,0,0,1,0,0,0
0.12965236152075915,1,1,0.9302442046501651,-0.5737328604620976,-0.2597826502973189,-0.5751172892809971,-0.5515275491381036,-0.43195619354536197,-0.500400407033333,3,3,1,5,3,0,0,0,0,0,0,-0.1774994726964126,-0.269893730669985,-0.6776971203572094,-0.37008205946293943,-0.44063125659122476,0,0,0,0,1,0,0,0
-0.44592568195760407,1,0,-1.0735848762477804,-0.8382418157693879,-0.6374253439575919,-0.6906937900017878,-0.6800685695945476,-0.5293921774640278,-0.7932553289230347,1,1,0,3,8,0,0,0,0,0,0,-0.1774994726964126,-0.3542640911891288,-0.9380033118321949,-1.2846434169260088,-0.44063125659122476,0,0,0,1,1,0,0,0
0.9390780157294869,0,1,0.3429149912835259,2.068384681877016,-0.6626015235349434,-0.4017525381998111,-0.6800685695945476,-0.6511871573623601,-0.6565896987078406,3,3,4,9,8,0,1,0,0,0,0,-0.1774994726964126,0.6904394905332104,0.8040458157311688,0.5444792980001301,1.033090511708265,0,0,0,1,1,0,0,0
2.0119101433229982,0,2,1.724866081557971,-0.40135623790229036,-0.05837321367850659,1.7186317250239258,2.7721759798070926,-0.6511871573623601,1.959580936840162,1,8,5,4,7,0,1,1,0,0,0,-0.005582955214962636,0.802106144161489,0.7906967802709133,0.41382767550540583,2.506812280007755,0,0,0,1,1,0,0,0
-0.9620580888140057,1,0,0.23926865951294254,-0.8947100197113937,-0.6122491643802404,-0.6862485399740651,-0.6800685695945476,-0.6268281613826937,-0.6761133601671541,1,1,0,2,8,1,0,0,0,0,0,-1.2949568363258375,0.5663654309462343,-0.9630327533201742,-1.415295039420733,1.033090511708265,0,0,1,0,0,1,0,0
-1.1258263674825462,1,0,-0.24441422208311328,-0.8620179016397062,-0.6626015235349434,-0.7218105401958469,-0.6800685695945476,-0.6511871573623601,-0.6956370216264675,1,1,1,2,6,0,0,0,0,0,0,-0.6932490251407625,0.04029141829745536,-0.9647013827527061,-1.2846434169260088,-0.44063125659122476,0,0,1,0,1,0,0,0
-0.46414818207261044,1,0,0.23926865951294254,-0.1784554328680569,-0.2849588298746704,-0.2595045373126841,-0.6066165579051511,-0.28580221766736325,0.12435675966469754,6,7,1,6,8,0,0,0,0,0,0,-0.6932490251407625,0.8393283620375818,-0.28056331541460355,0.6751309204948542,-0.44063125659122476,0,1,0,0,1,0,0,0
-0.5328221799353337,0,1,-0.6244507719085857,-0.5767048711958873,-0.6626015235349434,-0.7173652901681241,-0.6433425637498494,-0.6511871573623601,-0.7932553289230347,2,2,1,4,5,0,1,0,0,0,0,-0.09154121395568762,0.7053283776836475,-0.8078502160947022,-0.762036926947112,1.033090511708265,0,1,0,0,0,0,1,0
-2.0809383336647183,1,0,1.6212197497873877,-0.9006540411789733,-0.38566354818407655,-0.7173652901681241,-0.6066165579051511,-0.5050331814843614,-0.6761133601671541,2,2,0,3,8,0,0,0,0,0,0,-1.4668733538072873,0.40755063467490477,-0.9480150884273866,-1.0233401719365605,-0.44063125659122476,0,0,0,0,1,0,0,0
-0.10855178522681772,0,0,0.5502076548246927,-0.7788016010935923,-0.2597826502973189,-0.6106792895027788,-0.4597125345263579,-0.16400723776903092,-0.6956370216264675,1,2,1,4,3,0,0,0,0,0,0,0.2522918210072123,-0.8307084800031173,-0.7961698100669784,-0.8926885494418363,-0.44063125659122476,0,0,1,0,1,0,0,0
1.3645195222705868,0,0,-0.20986544482625213,2.490410206075165,0.0675076842082511,0.36727571659621927,0.01772554145471996,0.055223726047967214,-0.5784950528705868,1,5,5,12,2,0,1,1,0,0,0,0.3382500797479373,-0.758745525442671,1.4965270302319313,1.067085787979027,2.506812280007755,0,0,0,1,1,0,0,0
0.16839274094263645,1,1,0.13562232774235916,0.5318551325077003,-0.6626015235349434,-0.2595045373126841,-0.6800685695945476,-0.5050331814843614,-0.1489745007656908,5,11,1,6,9,0,0,0,0,0,0,1.6276239608588121,0.7375876331762614,0.04815668279419209,1.067085787979027,-0.44063125659122476,0,0,0,1,1,0,0,0
-0.19577619451767084,0,1,0.23926865951294254,-0.31516792662238674,-0.6122491643802404,-0.5484457891146608,-0.6800685695945476,-0.3588792056063626,-0.46135308411470605,3,4,1,6,6,0,1,0,0,0,0,1.0259161496737372,0.3008469434301053,-0.5492126540522487,-0.10877881447349098,1.033090511708265,0,1,0,0,1,0,0,0
0.10374736778400202,0,1,-0.10621911305566875,-0.3954122164347108,-0.6626015235349434,-0.6906937900017878,-0.6800685695945476,-0.6268281613826937,-0.46135308411470605,2,4,1,4,6,0,0,0,0,0,0,-0.09154121395568762,-0.06393079175560461,-0.6693539731945497,-0.5007336819576637,-0.44063125659122476,0,1,0,0,0,0,0,0
-0.2767702888591773,1,1,-0.969938544477197,0.31489834894104646,-0.6626015235349434,-0.4773217886710973,-0.33117151406991385,-0.43195619354536197,0.007214790908816819,10,7,1,8,7,0,0,0,0,0,0,-0.43537424891858756,0.4497358149344767,-0.105357224998748,1.4590406554631996,-0.44063125659122476,0,0,1,0,0,0,1,0
-1.0423026715826584,1,1,-1.4881702033301138,-0.8768779553086551,-0.6374253439575919,-0.7262557902235696,-0.6800685695945476,-0.5537511734436943,-0.6956370216264675,1,0,0,3,6,0,0,0,0,0,0,0.3382500797479373,0.3256617553475005,-0.9663700121852381,-1.415295039420733,-0.44063125659122476,0,1,0,0,0,0,1,0
0.22732308835826118,0,1,0.44656132305410934,0.9211885386341615,0.2185647616723603,-0.028351535871102708,0.38498559990170295,0.20137770192596596,-0.16849816222500427,2,5,8,10,5,0,0,0,0,0,0,-0.8651655426222125,0.4968839575775276,0.5554200302839072,1.3283890329684753,-0.44063125659122476,0,1,0,0,1,0,0,0
0.10566799118943972,0,1,1.0338905364207485,-0.5024046028511429,-0.43601590733877965,-0.5662267892255517,-0.6066165579051511,-0.6511871573623601,-0.715160683085781,1,2,2,5,2,0,0,0,0,0,0,0.16633356226648732,-0.4560048200504493,-0.6843716380873373,-0.6313853044523878,-0.44063125659122476,0,1,0,0,0,0,1,0
-0.2726479752084818,2,1,-1.5918165351006972,-0.8620179016397062,-0.6626015235349434,-0.735146290279015,-0.6800685695945476,-0.6511871573623601,-0.8323026518416616,1,1,0,2,7,0,0,0,0,0,0,0.5961248559701122,-0.5751159172539464,-0.9813876770780258,-1.415295039420733,-0.44063125659122476,0,1,0,0,0,0,0,0
-0.025918134319693704,0,1,1.206634422705054,-0.020938863977198595,-0.4863682664934827,-0.38841678811664293,-0.6800685695945476,-0.38323820158602906,2.701480072294073,2,8,2,4,8,0,0,0,0,0,0,-0.6072907664000375,0.6681061598075547,-0.04695519486012949,0.15252443051595743,-0.44063125659122476,0,1,0,0,0,0,1,0
-2.268222537931545,1,0,0.23926865951294254,-0.8976820304451835,-0.6374253439575919,-0.735146290279015,-0.6800685695945476,-0.6511871573623601,-0.8323026518416616,0,0,0,0,14,0,0,0,0,0,0,-0.34941599017786257,0.24625435721183578,-0.9997426008358773,-1.93790152939963,-0.44063125659122476,0,1,0,0,0,1,0,0
-0.9030808969250775,1,0,-0.3826093311105578,-0.1933154865370058,-0.5870729848028888,-0.11281128639783437,-0.6800685695945476,-0.4806741855046949,-0.4027820997367657,4,7,1,6,8,1,0,0,0,0,0,-0.34941599017786257,0.4621432208931743,-0.3189417923628386,0.41382767550540583,1.033090511708265,0,0,0,1,1,0,0,0
-0.8198382678650099,1,0,1.1029880909344707,-0.8947100197113937,-0.5870729848028888,-0.7084747901126787,-0.5698905520604528,-0.6024691654030272,-0.6761133601671541,1,1,0,2,7,0,0,0,0,0,0,-0.43537424891858756,0.05021734306441346,-0.9580268650225784,-1.415295039420733,-0.44063125659122476,0,1,0,0,1,0,0,0
0.482391245495047,0,1,0.2047198822560814,1.4710105243852707,-0.36048736860672503,0.9273772200892818,-0.38626052283696133,-0.3588792056063626,-0.6175423757892137,5,7,6,5,6,0,0,0,0,0,0,-0.2634577314371376,0.854217249188019,1.037653936285643,1.067085787979027,-0.44063125659122476,0,0,0,1,0,0,1,0
0.874760553883976,0,0,0.653853986595276,0.12766167271229037,0.4451503778685241,1.634171974497194,-0.36789751991461217,-0.6511871573623601,-0.3442111153588253,1,3,5,12,2,0,0,0,0,0,0,-1.3809150950665625,0.7177357836423451,0.6071475426923979,0.8057825429895785,-0.44063125659122476,0,1,0,0,0,1,0,0
-1.521427944529407,1,0,-1.4190726488163916,-0.8560738801721266,-0.6626015235349434,-0.6373507896691152,-0.6249795608275003,-0.6024691654030272,-0.6565896987078406,3,4,1,2,7,0,0,0,0,0,0,-1.1230403188443874,-0.535412218186114,-0.9179797586418114,-0.6313853044523878,-0.44063125659122476,0,1,0,0,0,0,1,0
-0.04798188124557545,1,1,1.3448295317324988,-0.05660299278267595,0.042331504630899554,0.33615896640216025,0.32989659113465547,2.1257383843196163,1.783867983706341,13,6,2,12,5,0,0,0,0,0,0,1.1118744084144623,0.4819950704270905,0.4252669345464145,2.3736020129262694,-0.44063125659122476,0,0,1,0,0,0,1,0
0.9267579192507037,0,1,-1.1426824307615027,1.8633159412455216,0.7472645327967425,0.38505671670711017,0.9909646963392248,1.735994448644953,-0.5784950528705868,4,9,5,7,5,0,0,0,0,0,0,0.8539996321922873,0.6209580171645038,1.3997465231450776,1.3283890329684753,-0.44063125659122476,0,1,0,0,0,0,1,0
-2.0134822921078825,1,0,-0.8317434354497525,-0.9006540411789733,0.47032655744587565,-0.7262557902235696,-0.6066165579051511,-0.5050331814843614,-0.03183253200981009,3,3,1,3,8,0,0,0,0,0,0,-1.4668733538072873,0.8269209560788842,-0.8395541753128094,-0.6313853044523878,-0.44063125659122476,1,0,0,0,0,1,0,0
-0.1463084307093245,0,1,-1.3845238715595305,-0.3864961842333415,-0.2094302911426158,-0.3795262880611975,-0.16590448776877154,-0.5050331814843614,-0.38325843827745226,3,3,2,7,3,0,0,0,0,0,0,0.5101665972293873,-0.26493076828650597,-0.4557694058304591,0.02187280802123322,-0.44063125659122476,0,0,0,1,0,0,0,0
0.941701306234475,0,0,-0.7626458809360303,-0.38946819496713125,0.16821240251765723,1.700850724913035,2.0927448716801735,2.588559307933279,3.6971868067190594,1,4,3,8,3,0,0,0,0,0,0,0.5961248559701122,0.6110320923975456,1.114410890182113,0.15252443051595743,-0.44063125659122476,0,1,0,0,0,0,1,0
-0.08147567965747662,1,1,-0.07167033579880762,-0.6153410107351545,-0.36048736860672503,-0.36619053797802936,-0.44134953160400875,-0.4075971975656955,-0.5589713914112733,7,3,1,6,5,0,0,0,0,0,0,-0.9511238013629375,-0.8406344047700753,-0.6226323490836548,0.28317605301068166,-0.44063125659122476,0,1,0,0,1,0,0,0
-0.26290432476138326,1,0,1.724866081557971,-0.3538040661616539,-0.6122491643802404,-0.34840953786713846,-0.40462352575931043,-0.5293921774640278,-0.5784950528705868,2,6,1,5,8,0,0,0,0,0,0,-0.6072907664000375,0.5713283933297133,-0.49247925334616216,-0.10877881447349098,-0.44063125659122476,0,1,0,0,0,0,0,0
0.2721064048362717,0,1,-1.6954628668712808,-0.11307119672468176,-0.1339017524105612,0.593983468010078,0.513526620358147,-0.4563151895250284,0.007214790908816819,4,8,8,6,6,0,0,0,0,0,0,-0.005582955214962636,0.5961432052471085,0.1666293725039611,1.4590406554631996,-0.44063125659122476,0,1,0,0,0,1,0,0
-1.5372145320326387,1,0,-0.002572781285085367,-0.8976820304451835,-0.5618968052255373,-0.6995842900572332,-0.4964385403710562,-0.5293921774640278,-0.5394477299519599,2,1,0,3,7,0,0,0,0,0,0,-0.9511238013629375,-0.07881967890604175,-0.931328794102067,-1.1539917944312847,-0.44063125659122476,0,1,0,0,1,0,0,0
0.8174229185606655,0,0,-1.3499750943026694,2.059468649675647,-0.008020854523803517,0.45618071715067365,-0.05572647023467663,-0.33452020962669615,-0.03183253200981009,1,10,4,6,4,0,1,1,0,0,0,1.7135822195995372,0.3777728603740305,1.2962914983280964,0.8057825429895785,2.506812280007755,0,1,0,0,0,0,1,0
0.18886377577620403,0,1,0.48111010031097046,0.4248627460912683,-0.6626015235349434,-0.6151245395305016,-0.6800685695945476,-0.6511871573623601,-0.012308870550496634,3,8,2,6,7,0,0,0,0,0,0,0.08037530352576235,-0.5577455489117698,-0.14373570194698304,0.5444792980001301,-0.44063125659122476,0,0,0,1,1,0,0,0
0.8051028220818822,0,0,-1.3499750943026694,1.5423387819962253,-0.03319703410115505,1.3007782224179902,1.5969437927767467,0.055223726047967214,1.0029215253338029,1,6,6,7,4,0,0,1,0,0,0,-1.1230403188443874,0.6308839419314619,1.586633019588657,0.6751309204948542,1.033090511708265,0,1,0,0,1,0,0,0
0.6741256747256925,0,1,1.2757319772187765,0.9538806567058491,-0.4863682664934827,-0.29951178756218855,-0.4964385403710562,-0.115289245809698,-0.715160683085781,2,6,3,12,4,0,0,0,0,0,0,0.5101665972293873,-0.14085670869952982,0.2767589150510703,1.067085787979027,-0.44063125659122476,0,0,0,1,0,0,1,0
1.8422394610182347,0,0,1.206634422705054,3.0313161596249047,0.01715532505354802,-0.2106067870077342,0.6237046378922418,1.9795844084416174,-0.32468745389951187,0,7,9,6,4,0,1,1,1,1,0,1.1118744084144623,0.6805135657662523,1.788537180925024,0.9364341654843027,5.454255816606734,0,1,0,0,0,1,0,0
1.4946534691073161,0,0,0.9993417591638873,1.762267576296669,3.390763388418654,1.1718659716140314,2.7354499739623943,3.27061119536394,-0.32468745389951187,0,4,7,6,1,1,0,1,1,0,0,-0.5213325076593126,-0.19544929491779933,2.098902255375968,0.28317605301068166,3.980534048307244,0,1,0,0,0,0,0,0
-1.1165511617684813,1,1,0.9647929819070262,-0.7461094830219047,-0.46119208691613117,-0.6640222898354515,-0.44134953160400875,-0.6511871573623601,-0.4418294226553926,3,2,2,2,7,0,0,0,0,0,0,0.9399578909330122,0.5514765437957971,-0.8211992515549578,-0.762036926947112,-0.44063125659122476,0,1,0,0,0,0,1,0
0.7168478343783553,0,1,-1.557267757843836,0.03255732923101743,0.2185647616723603,0.6917789686199778,0.16462956483351315,-0.4806741855046949,1.9400572753808485,3,7,2,11,5,0,0,0,0,0,0,1.197832667155187,-0.31704187331303596,0.4402845994392021,1.067085787979027,-0.44063125659122476,0,1,0,0,1,0,0,0
0.20680520905139024,1,1,-0.8317434354497525,0.13360569417986992,-0.2597826502973189,-0.09947553631466621,-0.16590448776877154,-0.5293921774640278,2.701480072294073,5,8,5,4,8,1,0,0,1,0,0,-1.0370820601036626,0.28843953747140766,0.20000196115460023,0.9364341654843027,2.506812280007755,0,0,0,0,1,0,0,0
-1.4960382399989867,1,0,0.8611466501364429,-0.8947100197113937,-0.5115444460708343,-0.7173652901681241,-0.6800685695945476,-0.6024691654030272,-0.7346843445450945,1,0,0,3,7,0,0,0,0,0,0,-1.3809150950665625,-0.2872640990121617,-0.971375900482834,-1.415295039420733,-0.44063125659122476,0,1,0,0,1,0,0,0
-0.32478587399511955,0,1,-0.7971946581928914,-0.6123690000013647,-0.6626015235349434,-0.26839503736812953,0.2197185736005606,-0.4075971975656955,1.217681801386251,5,5,1,5,6,0,0,0,0,0,0,-0.43537424891858756,0.7748098510523542,-0.3923614873942447,0.15252443051595743,-0.44063125659122476,0,1,0,0,1,0,0,0
-1.3341437402625804,1,0,0.7575003183658595,-0.8976820304451835,-0.6626015235349434,-0.7129200401404014,-0.5331645462157545,-0.5050331814843614,-0.7542080060044078,1,1,0,3,7,0,0,0,0,0,0,-1.5528316125480124,0.5192172883031834,-0.9630327533201742,-1.2846434169260088,-0.44063125659122476,0,1,0,0,0,1,0,0
-1.162037145346042,1,1,0.9993417591638873,-0.8679619231072857,-0.6374253439575919,-0.6462412897245606,-0.6433425637498494,-0.6024691654030272,-0.7932553289230347,2,2,0,3,7,0,0,0,0,0,0,0.6820831147108373,-0.5552640677200302,-0.9396719412647268,-1.0233401719365605,-0.44063125659122476,0,1,0,0,1,0,0,0
-0.5715157148839076,0,1,1.4830246407599432,-0.8085217084314902,-0.6626015235349434,-0.7173652901681241,-0.6433425637498494,-0.6511871573623601,-0.6956370216264675,2,2,0,3,5,0,0,0,0,0,0,1.3697491846366372,-0.5403751805695931,-0.929660164669535,-1.0233401719365605,-0.44063125659122476,0,1,0,0,1,0,0,0
-0.25990627846996833,0,1,-1.6609140896144197,0.3089543274734669,-0.6626015235349434,-0.6462412897245606,-0.6800685695945476,-0.6511871573623601,-0.5199240684926464,3,7,1,7,8,0,1,0,1,0,0,-0.43537424891858756,-0.592486285596123,-0.26387702108928396,0.41382767550540583,2.506812280007755,0,0,0,1,1,0,0,0
1.1317024899528962,0,0,1.2411831999619152,-0.035798917646147496,0.09268386378560263,1.1051872211981906,0.4768006145134487,0.15265970996663306,3.052905978561715,1,4,5,4,2,0,0,0,1,0,0,0.5961248559701122,-0.758745525442671,0.7156084558069752,-0.10877881447349098,1.033090511708265,0,1,0,0,0,0,1,0
-0.21404553910598056,0,1,1.5175734180168043,-0.35677607689544366,-0.6122491643802404,-0.6551317897800061,-0.5331645462157545,-0.4563151895250284,-0.7737316674637214,3,2,2,6,5,0,0,0,0,0,0,0.7680413734515622,-0.2847826178204222,-0.6326441256788466,-0.2394304369682152,-0.44063125659122476,0,0,1,0,1,0,0,0
0.03029523364433624,0,1,0.17017110499922028,-0.6510051395406318,-0.6626015235349434,-0.7262557902235696,-0.6800685695945476,-0.6511871573623601,-0.715160683085781,1,2,0,4,3,0,0,0,0,0,0,0.16633356226648732,-0.6396344282391739,-0.8495659519080011,-1.0233401719365605,-0.44063125659122476,0,0,0,1,0,1,0,0
1.2898025873517305,0,0,-1.2808775397889471,0.7755600126784623,0.39479801871382103,1.6964054748853121,0.49516361743579784,1.370609508949956,1.0810161711710569,1,5,6,4,3,0,0,0,0,0,0,1.1118744084144623,0.8269209560788842,1.3296640869787355,0.15252443051595743,-0.44063125659122476,0,1,0,0,1,0,0,0
1.7636812792885028,0,0,-0.17531666756939102,0.8974124527638432,-0.05837321367850659,3.5900819866951905,2.937443006108235,4.074458062692933,0.39768802009508586,1,7,7,9,4,0,1,0,1,0,0,0.2522918210072123,0.7673654074771357,2.427622253584764,1.197737410473751,2.506812280007755,0,0,0,0,0,1,0,0
-0.7094258442889945,1,1,0.48111010031097046,-0.8174377406328595,-0.5618968052255373,-0.5884530393641653,-0.6433425637498494,-0.5537511734436943,-0.7737316674637214,3,3,0,3,9,0,0,0,0,0,0,0.08037530352576235,0.8691061363384561,-0.8796012816935763,-0.762036926947112,-0.44063125659122476,0,0,0,1,1,0,0,0
-1.3091287915185872,1,0,0.653853986595276,-0.8620179016397062,-0.6374253439575919,-0.6462412897245606,-0.6433425637498494,-0.5781101694233607,-0.3637347768181388,3,3,1,3,7,0,0,0,0,0,0,-1.2949568363258375,-0.3939677902569612,-0.8979562054514278,-0.6313853044523878,-0.44063125659122476,0,1,0,0,0,0,1,0
-0.05608597512705644,0,1,-0.14076789031252987,0.4129747031561092,-0.4108397277614281,-0.40619778822753383,-0.6800685695945476,-0.4075971975656955,0.08530943674607064,4,8,1,8,8,0,0,0,0,0,0,1.3697491846366372,0.39266174752446764,-0.030268900534809913,0.8057825429895785,-0.44063125659122476,0,1,0,0,1,0,0,0
-0.5486087674385655,1,1,-0.6589995491654468,-0.7520535044894843,-0.6374253439575919,-0.7084747901126787,-0.6433425637498494,-0.6268281613826937,-0.3637347768181388,2,2,1,2,8,1,0,0,0,0,0,-1.0370820601036626,-0.021745611496032713,-0.8629149873682568,-1.0233401719365605,1.033090511708265,0,1,0,0,1,0,0,0
1.3220315849844408,0,0,-0.07167033579880762,-0.19034347580321603,2.660654180675459,1.2385447220298722,3.9106821609927396,4.0257400707336,1.2567291243048777,1,3,7,8,1,0,0,0,0,0,0,-0.5213325076593126,-0.17559744538388314,1.272930686272649,0.5444792980001301,-0.44063125659122476,0,1,0,0,0,0,1,0
-1.3472601927875207,1,1,1.1375368681913318,-0.8798499660424448,-0.5870729848028888,-0.6995842900572332,-0.33117151406991385,-0.5537511734436943,-0.42230576119607915,3,1,1,3,6,0,0,0,0,0,0,-0.09154121395568762,-0.37907890310652403,-0.8996248348839598,-0.8926885494418363,-0.44063125659122476,0,0,0,0,1,0,0,0
-0.5886607921129368,1,1,-0.969938544477197,-0.8590458909059164,-0.6626015235349434,-0.7307010402512922,-0.6800685695945476,-0.6511871573623601,-0.7346843445450945,1,1,0,2,6,1,0,0,0,0,0,-0.6072907664000375,-0.5974492479796021,-0.9697072710503021,-1.415295039420733,1.033090511708265,0,1,0,0,1,0,0,0
-1.323884800609145,1,0,-0.10621911305566875,-0.850129858704547,-0.6626015235349434,-0.7218105401958469,-0.6800685695945476,-0.6511871573623601,-0.8323026518416616,1,1,0,3,7,0,0,0,0,0,0,-1.1230403188443874,-0.3368937228469522,-0.9697072710503021,-1.2846434169260088,-0.44063125659122476,0,0,1,0,0,0,1,0
-0.017439284651785854,1,1,1.1375368681913318,-0.6926132898136887,-0.6374253439575919,-0.6684675398631742,-0.6800685695945476,-0.6511871573623601,-0.6761133601671541,4,2,1,3,8,0,0,0,0,0,0,-0.1774994726964126,0.3479950860731562,-0.8462286930429371,-0.6313853044523878,-0.44063125659122476,0,1,0,0,1,0,0,0
-0.11009765284582854,1,1,-0.8317434354497525,-0.7996056762301208,-0.6374253439575919,-0.6684675398631742,-0.6800685695945476,-0.6268281613826937,-0.8323026518416616,2,2,0,3,7,0,0,0,0,0,0,0.9399578909330122,-0.3641900159560869,-0.9179797586418114,-1.0233401719365605,-0.44063125659122476,0,0,1,0,1,0,0,0
-1.3558327314020353,1,0,-0.6935483264223079,-0.8560738801721266,-0.23460647071996735,-0.6551317897800061,-0.3128085111475647,-0.13964824178936447,-0.42230576119607915,3,3,2,2,8,0,0,0,0,0,0,-0.09154121395568762,0.7896987382027914,-0.8161933632573619,-0.6313853044523878,-0.44063125659122476,0,1,0,0,1,0,0,0
-0.6201871226460969,1,0,1.0684393136776096,-0.7669135581584332,0.2185647616723603,-0.4328692883938701,0.8624236758827808,0.3475316778039647,-0.3637347768181388,6,4,1,6,7,0,0,0,0,0,0,-1.7247481300294623,0.7202172648340847,-0.5074969182389498,0.28317605301068166,-0.44063125659122476,0,0,0,0,0,0,1,0
-0.1186701914603431,1,1,0.2047198822560814,-0.7847456225611719,-0.6626015235349434,-0.6551317897800061,-0.6433425637498494,-0.6268281613826937,-0.7932553289230347,1,2,0,3,7,0,0,0,0,0,0,1.541665702118087,-0.0961900472482184,-0.8996248348839598,-1.1539917944312847,-0.44063125659122476,0,0,1,0,0,1,0,0
0.5098889513241184,0,1,1.172085645448193,0.6596515940606609,0.042331504630899554,-0.13948278656417068,-0.4964385403710562,-0.13964824178936447,1.0810161711710569,3,5,3,12,5,0,0,0,0,0,0,0.7680413734515622,0.8045876253532285,0.3585217572451362,1.067085787979027,-0.44063125659122476,0,1,0,0,0,0,1,0
-1.1172538288680316,1,0,-1.3499750943026694,-0.8144657298990697,-0.6626015235349434,-0.6951390400295105,-0.6433425637498494,-0.6511871573623601,-0.7542080060044078,1,1,0,3,7,0,0,0,0,0,0,-1.4668733538072873,0.03284697472223679,-0.929660164669535,-1.2846434169260088,-0.44063125659122476,0,0,1,0,1,0,0,0
-1.6534356702982707,2,0,0.9302442046501651,-0.8798499660424448,-0.5870729848028888,-0.641796039696838,-0.2944455082252156,-0.6268281613826937,-0.5980187143299003,3,3,0,3,9,0,0,0,0,0,0,-0.1774994726964126,-0.4411159329000121,-0.894618946586364,-0.762036926947112,-0.44063125659122476,0,1,0,0,0,0,1,0
-1.7262319818116894,2,0,1.6212197497873877,-0.8798499660424448,-0.6122491643802404,-0.672912789890897,-0.6800685695945476,-0.4075971975656955,-0.500400407033333,4,3,1,3,5,0,0,0,0,0,0,-0.9511238013629375,0.17925436503486866,-0.9196483880743433,-0.5007336819576637,-0.44063125659122476,0,1,0,0,1,0,0,0
-0.584116878202511,1,0,0.5156588775678316,-0.7669135581584332,-0.6626015235349434,-0.7084747901126787,-0.6800685695945476,-0.6511871573623601,-0.8127789903823482,2,2,0,3,6,0,0,0,0,0,0,-1.2089985775851124,-0.6346714658556949,-0.9163111292092794,-1.0233401719365605,-0.44063125659122476,0,1,0,0,0,0,1,0
-0.06119202271712249,0,1,0.7575003183658595,-0.8144657298990697,-0.6122491643802404,-0.6284602896136697,-0.6800685695945476,-0.6268281613826937,-0.6761133601671541,1,1,1,4,2,0,0,0,0,0,0,1.6276239608588121,-0.6594862777730902,-0.8962875760188959,-1.0233401719365605,-0.44063125659122476,0,0,0,1,0,0,1,0
-1.2072889065570862,2,1,0.41201254579724816,-0.8887659982438142,-0.6374253439575919,-0.6818032899463424,-0.6249795608275003,-0.5293921774640278,-0.8323026518416616,1,1,0,3,7,0,0,0,0,0,0,1.1118744084144623,0.32814323653924005,-0.9613641238876423,-1.2846434169260088,-0.44063125659122476,0,1,0,0,0,0,0,0
0.9672315441848053,0,0,0.6193052093384149,-0.08929511085436352,1.427021381385234,0.22058246568136955,2.0927448716801735,2.7834312757706106,3.5214738535852383,1,4,6,12,1,0,0,0,0,0,0,-1.2949568363258375,-0.6892640520739645,0.8090517040287648,1.067085787979027,-0.44063125659122476,0,1,0,0,1,0,0,0
0.4720854613683082,0,1,-0.8317434354497525,1.7682115977642485,-0.6626015235349434,-0.2906212875067431,-0.6800685695945476,-0.6511871573623601,-0.46135308411470605,1,6,6,13,4,0,0,0,1,0,0,1.455707443377362,-0.08626412248126032,0.6939162731840597,1.4590406554631996,1.033090511708265,0,0,0,1,0,1,0,0
1.4362384108980284,0,0,0.17017110499922028,0.6120994223200245,2.358540025747241,1.7052959749407577,2.1845598862919196,0.32317268182429826,3.853376098393567,1,4,9,7,1,1,0,0,1,0,0,-0.6932490251407625,-0.795967743318764,1.6900880444056383,0.8057825429895785,2.506812280007755,0,1,0,0,0,0,0,0
0.06730236755398929,1,1,-1.557267757843836,-0.38946819496713125,-0.5618968052255373,-0.6062340394750562,-0.6249795608275003,-0.5050331814843614,-0.05135619346912354,4,5,1,4,7,0,0,0,0,0,0,-0.6072907664000375,0.13706918477529675,-0.5792479838378239,-0.10877881447349098,-0.44063125659122476,0,1,0,0,1,0,0,0
-0.7996014553979591,1,1,0.895695427393304,-0.8768779553086551,-0.5870729848028888,-0.672912789890897,-0.6433425637498494,-0.5781101694233607,-0.8127789903823482,2,2,0,3,6,0,0,0,0,0,0,-0.34941599017786257,-0.3840418654900031,-0.9513523472924506,-1.0233401719365605,-0.44063125659122476,0,1,0,0,0,1,0,0
-1.1900501403814505,1,1,-0.5553532173948634,-0.8441858372369675,-0.6374253439575919,-0.6151245395305016,-0.6249795608275003,-0.5781101694233607,-0.3637347768181388,3,2,0,3,8,0,0,0,0,0,0,1.7135822195995372,0.2586617631705334,-0.8745953933959805,-0.8926885494418363,-0.44063125659122476,0,0,0,1,0,1,0,0
-1.1599291440473911,1,0,-0.2789629993399744,-0.8828219767762346,-0.5618968052255373,-0.6373507896691152,-0.5515275491381036,-0.6511871573623601,-0.6370660372485272,1,1,0,3,7,0,0,0,0,0,0,-1.4668733538072873,-0.2450789187525898,-0.9213170175068752,-1.2846434169260088,-0.44063125659122476,0,0,1,0,1,0,0,0
0.6594633545817413,0,0,-0.45170688562428,-0.1784554328680569,0.6213836349099848,0.4606259671783964,1.1745947255627163,-0.6511871573623601,0.026738452368130272,1,1,3,5,1,0,0,0,0,0,0,1.885498737080987,-0.6768566461152669,0.17830977853168478,-0.6313853044523878,-0.44063125659122476,0,0,1,0,0,0,1,0
1.705266221079215,0,0,-0.24441422208311328,0.6388475189241324,1.1249072264570155,3.0833234835348007,1.0276907021839232,0.006505734088634294,0.1829277440426379,1,6,2,9,2,0,0,0,0,0,0,-1.0370820601036626,-0.4932270379265421,1.70009982100083,0.41382767550540583,-0.44063125659122476,0,1,0,0,0,0,1,0
0.8293682592530218,0,1,-0.4862556628811412,-0.21709157240732405,3.390763388418654,0.21613721565364682,2.460004930127157,0.07958272202763367,0.1829277440426379,2,8,2,11,5,0,0,0,0,0,0,0.5961248559701122,0.3132543493888029,0.42860419341147843,1.067085787979027,-0.44063125659122476,0,1,0,0,0,1,0,0
0.6264380009028737,0,0,-1.0390360989909193,0.1811578659205064,0.14303622294030569,-0.2194972870631796,-0.05572647023467663,2.0283024004009502,-0.7346843445450945,1,3,3,13,2,0,0,0,0,0,0,-0.9511238013629375,-0.3840418654900031,0.09988419520268278,0.6751309204948542,-0.44063125659122476,0,0,0,1,0,1,0,0
-1.0483456086387917,2,0,-0.07167033579880762,-0.8531018694383369,-0.5870729848028888,-0.6595770398077287,-0.6249795608275003,-0.5537511734436943,-0.500400407033333,2,3,1,2,7,0,0,0,0,0,0,0.08037530352576235,-0.6297085034722159,-0.9029620937490237,-0.8926885494418363,-0.44063125659122476,0,0,1,0,1,0,0,0
-0.2666050381523486,2,1,1.3102807544756376,-0.3419160232264948,-0.6122491643802404,-0.4951027887819882,-0.6800685695945476,-0.5293921774640278,-0.6175423757892137,4,6,1,4,9,0,0,0,0,0,0,1.3697491846366372,0.58869876167189,-0.5692362072426322,0.02187280802123322,-0.44063125659122476,0,0,0,1,0,1,0,0
-0.6143315634831771,1,0,-0.969938544477197,-0.5321247101890406,-0.23460647071996735,-0.5084385388651563,-0.6249795608275003,-0.18836623374869738,-0.26611646952157153,4,5,1,4,8,1,0,0,0,0,0,-0.2634577314371376,0.8169950313119261,-0.5976029075956755,-0.10877881447349098,1.033090511708265,0,1,0,0,0,1,0,0
1.1641188654788202,0,0,1.0338905364207485,0.6299314867227631,0.7472645327967425,1.256325722140763,0.8991496817274791,0.15265970996663306,-0.5394477299519599,1,2,2,11,1,0,0,0,0,0,0,1.2837909258959121,0.3628839732235934,0.920849876008406,0.15252443051595743,-0.44063125659122476,0,1,0,0,0,0,0,0
-1.2801789070171117,1,0,1.5521221952736655,-0.9006540411789733,-0.5870729848028888,-0.7129200401404014,-0.4964385403710562,-0.6511871573623601,-0.6761133601671541,1,1,0,3,5,0,0,0,0,0,0,-0.8651655426222125,-0.3517826099973893,-0.9596954944551103,-1.2846434169260088,-0.44063125659122476,1,0,0,0,0,0,1,0
-0.7027270846066141,1,1,0.8611466501364429,-0.8531018694383369,-0.6374253439575919,-0.6862485399740651,-0.6249795608275003,-0.6268281613826937,-0.7737316674637214,2,2,0,3,7,0,0,0,0,0,0,0.3382500797479373,-0.016782649112553668,-0.9446778295623227,-1.0233401719365605,-0.44063125659122476,0,0,0,1,0,0,0,0
-1.1676116376691419,0,0,1.3793783089893599,-0.8828219767762346,-0.08354939325585813,-0.39286203814436566,1.7622108190778891,0.5424036456412964,1.959580936840162,2,4,2,5,7,0,0,0,0,0,0,1.541665702118087,0.64080986669842,-0.2839005742796675,-0.2394304369682152,-0.44063125659122476,1,0,0,0,1,0,0,0
1.1233641737048985,0,1,0.031975995971775764,0.10685759757576192,2.056425870819022,0.08277971482196526,1.7071218103108416,0.27445468986496535,1.1005398326303701,2,6,6,9,3,0,0,0,0,0,0,1.541665702118087,0.2586617631705334,0.49534937071275675,1.067085787979027,-0.44063125659122476,0,1,0,0,1,0,0,0
-1.004592870573455,1,0,-1.1426824307615027,-0.7639415474246435,-0.6374253439575919,-0.7129200401404014,-0.6800685695945476,-0.6511871573623601,-0.6175423757892137,1,1,1,3,6,0,0,0,0,0,0,-1.2949568363258375,-0.4584863012421888,-0.8979562054514278,-1.1539917944312847,-0.44063125659122476,0,0,1,0,1,0,0,0
-0.14996229962698643,1,1,0.031975995971775764,-0.662893182475791,-0.2094302911426158,-0.23727828717407048,0.1829925677558623,-0.33452020962669615,-0.4418294226553926,6,4,2,5,6,0,0,0,0,0,0,0.5101665972293873,0.1718099214596501,-0.5191773242666735,0.28317605301068166,-0.44063125659122476,0,0,1,0,0,0,0,0
-1.1563221196030324,1,1,-0.34806055385369666,-0.7936616547625412,-0.6626015235349434,-0.6640222898354515,-0.6800685695945476,-0.6511871573623601,-0.7932553289230347,3,3,0,3,9,0,0,0,0,0,0,0.5961248559701122,0.22888398886965913,-0.9129738703442155,-0.762036926947112,-0.44063125659122476,0,0,0,1,0,1,0,0
0.27585396270054036,0,1,-0.002572781285085367,0.7161197980026667,-0.4863682664934827,-0.2328330371463478,-0.0006374614676291876,-0.13964824178936447,0.6710192805254742,5,7,2,11,5,0,1,0,0,0,0,0.2522918210072123,0.06758771140659012,0.3301550568920929,1.3283890329684753,1.033090511708265,0,1,0,0,0,0,1,0
-0.3167754690602453,1,1,-1.3845238715595305,-0.8798499660424448,-0.6122491643802404,-0.7173652901681241,-0.6249795608275003,-0.6511871573623601,-0.7932553289230347,1,1,0,2,7,0,0,0,0,0,0,0.9399578909330122,-0.6222640598969973,-0.9730445299153659,-1.415295039420733,-0.44063125659122476,0,1,0,0,0,1,0,0
-1.3748047430898955,2,1,-0.7280971036791691,-0.8293257835680186,-0.6626015235349434,-0.704029540084956,-0.6433425637498494,-0.6511871573623601,-0.8127789903823482,2,2,0,3,7,0,0,0,0,0,0,0.16633356226648732,-0.2450789187525898,-0.9463464589948546,-1.0233401719365605,-0.44063125659122476,0,1,0,0,1,0,0,0
0.5176182894191724,0,1,-0.34806055385369666,0.026613307763437875,-0.2849588298746704,-0.5306647890037699,-0.3128085111475647,-0.6511871573623601,2.8967166868872076,2,7,4,3,6,0,0,0,0,0,0,1.197832667155187,0.8740690987219352,-0.028600271102277957,0.15252443051595743,-0.44063125659122476,0,0,0,0,1,0,0,0
0.373337311644829,0,1,-0.7971946581928914,-0.6866692683461092,-0.6626015235349434,-0.6818032899463424,-0.6800685695945476,-0.6268281613826937,-0.8518263133009751,1,2,1,3,3,0,0,0,0,0,0,-0.09154121395568762,-0.2574863247112874,-0.8629149873682568,-1.0233401719365605,-0.44063125659122476,0,0,0,1,1,0,0,0
-0.14972807726046966,0,1,1.413927086246221,-0.49348857064977353,-0.5870729848028888,-0.5706720392532744,-0.6066165579051511,-0.6511871573623601,0.30006971279851863,3,3,2,4,6,0,0,0,0,0,0,1.197832667155187,0.21151362052748246,-0.6042774253258033,-0.37008205946293943,-0.44063125659122476,0,1,0,0,1,0,0,0
0.6447073454911835,0,1,0.17017110499922028,1.0044048391802753,-0.31013500945202194,-0.5217742889483244,-0.6800685695945476,-0.4806741855046949,0.26102238987989174,1,9,2,9,5,0,0,0,0,0,0,-0.2634577314371376,-0.6222640598969973,0.2750902856185383,0.8057825429895785,-0.44063125659122476,0,1,0,0,1,0,0,0
-0.4904747760690978,1,1,1.2757319772187765,-0.864989912373496,-0.6626015235349434,-0.7262557902235696,-0.6800685695945476,-0.6511871573623601,-0.3637347768181388,1,1,0,2,7,0,0,0,0,0,0,1.3697491846366372,0.34055064249793765,-0.9396719412647268,-1.415295039420733,-0.44063125659122476,0,1,0,0,0,0,1,0
1.616214877329531,0,0,-1.2808775397889471,0.24654210206388155,1.049378687724961,1.7897557254674894,0.9542386904945266,0.4449676617226306,0.4757826659323397,1,6,9,12,1,0,0,0,0,0,0,1.1118744084144623,-0.6396344282391739,1.037653936285643,1.720343900452648,-0.44063125659122476,0,0,1,0,0,1,0,0
-0.13136504372555322,0,0,1.413927086246221,0.9390206030369002,0.6969121736420395,0.3228232163189921,1.137868719718018,1.735994448644953,1.4714894003573258,2,9,7,10,7,0,1,0,0,1,0,-0.1774994726964126,0.8368468808458422,1.0426598245832388,1.720343900452648,2.506812280007755,0,0,0,0,0,0,0,0
0.37994238238060246,0,1,-0.7280971036791691,-0.7193613864177968,-0.6374253439575919,-0.48621228872654276,-0.33117151406991385,-0.38323820158602906,0.08530943674607064,2,2,1,5,2,0,0,0,0,0,0,1.2837909258959121,-0.6222640598969973,-0.6776971203572094,-0.6313853044523878,-0.44063125659122476,0,0,1,0,0,0,1,0
-0.017439284651785854,1,2,0.6193052093384149,1.289717869624094,-0.15907793198791273,0.024991464461569916,0.27480758236760805,0.5667626416209629,-0.46135308411470605,6,2,3,10,7,0,1,0,1,0,0,-0.09154121395568762,-0.08130116009778127,0.7473124150250823,0.8057825429895785,2.506812280007755,0,1,0,0,0,1,0,0
-0.8136079529156632,0,1,-0.20986544482625213,-0.7817736118273821,-0.6374253439575919,-0.7129200401404014,-0.6433425637498494,-0.6511871573623601,-0.7542080060044078,2,2,0,3,6,0,0,0,0,0,0,0.8539996321922873,-0.6247455410887368,-0.9163111292092794,-1.0233401719365605,-0.44063125659122476,0,0,0,1,0,1,0,0
0.19949747121606637,0,1,-1.4881702033301138,-0.5440127531241997,1.9305449729322646,-0.4328692883938701,-0.5331645462157545,0.4206086657429641,0.08530943674607064,1,4,2,7,4,0,0,0,0,0,0,0.5961248559701122,0.4819950704270905,-0.35231438101347773,-0.10877881447349098,-0.44063125659122476,0,1,0,0,1,0,0,0
-0.2613116126690691,0,1,-0.7280971036791691,-0.21114755093974447,-0.15907793198791273,-0.48621228872654276,-0.5331645462157545,-0.16400723776903092,0.9248268794965492,4,7,1,5,7,0,0,0,0,0,0,-0.2634577314371376,0.5440321002205786,-0.29224372144232724,0.28317605301068166,-0.44063125659122476,0,0,0,0,0,0,1,0
-0.6113335171917622,1,0,1.5175734180168043,-0.8352698050355981,-0.5870729848028888,-0.6462412897245606,-0.6249795608275003,-0.18836623374869738,-0.42230576119607915,2,3,0,3,8,0,0,0,0,0,0,-1.6387898712887374,0.1296247412000782,-0.8562404696381289,-0.8926885494418363,-0.44063125659122476,0,1,0,0,1,0,0,0
0.21795419369758953,0,2,-0.24441422208311328,0.34759046701273405,-0.5367206256481858,-0.339519037811693,-0.6800685695945476,-0.26144322168769674,-0.6565896987078406,3,7,3,7,5,0,0,0,0,0,0,0.16633356226648732,0.19166177099356627,-0.10368859556621605,0.6751309204948542,-0.44063125659122476,0,0,0,1,0,0,1,0
-1.39593160054971,0,0,0.9647929819070262,-0.8947100197113937,-0.5870729848028888,-0.6329055396413925,-0.05572647023467663,-0.4806741855046949,-0.24659280806225808,1,2,1,3,5,0,0,0,0,0,0,0.7680413734515622,-0.6173010975135182,-0.8378855458802774,-1.0233401719365605,-0.44063125659122476,1,0,0,0,0,0,0,1
0.6817613238741399,0,1,1.0684393136776096,1.3016059125592532,0.042331504630899554,-0.06391353609288446,-0.22099349653581898,-0.43195619354536197,0.26102238987989174,2,6,8,10,4,0,0,0,0,0,0,-0.005582955214962636,-0.3368937228469522,0.682235867156336,1.4590406554631996,-0.44063125659122476,0,0,1,0,0,0,1,0
0.8780396670152111,0,0,-0.6935483264223079,0.27923422013556914,0.344445659559118,0.8918152198675001,1.505128778165001,2.320610352156948,-0.26611646952157153,1,7,4,4,4,0,0,0,0,0,0,1.799540478340262,-0.3418566852304312,0.7873595214058493,0.15252443051595743,-0.44063125659122476,0,1,0,0,0,0,1,0
1.1528293474127107,1,1,-0.3826093311105578,0.1514377585826086,0.09268386378560263,0.04721771460018351,0.9726016934168757,2.710354287831611,-0.26611646952157153,4,9,5,7,5,0,0,0,0,0,0,-0.5213325076593126,-0.12348634035735316,0.3601903866776682,1.3283890329684753,-0.44063125659122476,0,1,0,0,0,0,1,0
-0.01804826280472951,0,1,-0.7626458809360303,1.4353463955797934,-0.15907793198791273,0.1672394653486969,-0.6800685695945476,-0.6511871573623601,0.9443505409558626,3,2,2,11,8,0,0,0,0,0,0,1.455707443377362,0.5564395061792762,0.8324125160842122,0.41382767550540583,-0.44063125659122476,0,1,0,0,0,0,0,0
-0.08939239564574418,1,0,-1.3845238715595305,-0.2081755402059547,-0.31013500945202194,-0.3973072881720884,-0.33117151406991385,-0.4075971975656955,-0.03183253200981009,2,4,1,8,5,0,0,0,0,0,0,0.08037530352576235,-0.4584863012421888,-0.3473084927158819,0.02187280802123322,-0.44063125659122476,0,0,1,0,0,1,0,0
2.090421480579427,0,0,-1.557267757843836,0.4278347568250581,-0.1339017524105612,-0.18393528684139787,0.27480758236760805,1.8090714365839522,0.35864069717645897,0,7,6,8,2,1,0,1,1,0,0,-0.9511238013629375,-0.758745525442671,0.34183546291981665,0.8057825429895785,3.980534048307244,0,0,0,0,1,0,0,0
0.028515143658808622,0,0,0.653853986595276,-0.06254701425025551,2.1571305891284283,-0.06835878612060718,0.2564445794452589,1.1026605531736249,1.5886313691132063,2,7,2,10,6,0,0,0,0,0,0,-0.1774994726964126,0.5043284011527462,0.3168060214318373,0.8057825429895785,-0.44063125659122476,0,1,0,0,1,0,0,0
1.4987757827580117,0,0,-1.2808775397889471,0.6239874652551836,-0.10872557283320966,2.5143314799862924,0.09117755314411656,-0.4563151895250284,0.6905429419847877,1,6,7,7,3,0,0,0,0,0,0,-0.34941599017786257,0.23384695125313817,1.3229895692486078,0.8057825429895785,-0.44063125659122476,0,1,0,0,0,1,0,0
1.0870128624214923,0,0,1.4830246407599432,-0.30030787295343786,0.2185647616723603,0.6162097181486915,0.16462956483351315,-0.2370842257080303,3.580044837963179,1,2,11,5,1,0,0,0,0,0,0,1.455707443377362,-0.7562640442509315,0.3818825693005836,0.5444792980001301,-0.44063125659122476,0,1,0,0,0,1,0,0
0.31065940636493555,1,1,0.2047198822560814,0.19007389812187575,-0.05837321367850659,-0.43731453842159285,0.01772554145471996,-0.6511871573623601,0.8662558951186088,6,8,2,6,7,0,0,0,0,0,0,0.08037530352576235,0.7400691143680009,-0.030268900534809913,0.9364341654843027,-0.44063125659122476,0,1,0,0,0,0,1,0
-0.8009599451237566,0,0,0.5502076548246927,-0.8917380089776039,-0.6122491643802404,-0.6906937900017878,-0.6433425637498494,-0.6511871573623601,-0.7737316674637214,1,1,0,2,6,0,0,0,0,0,0,-2.240497682473812,-0.6148196163217787,-0.9697072710503021,-1.415295039420733,-0.44063125659122476,0,1,0,0,0,1,0,0
-0.5377876941054897,1,1,0.10107355048549801,-0.769885568892223,-0.36048736860672503,-0.5084385388651563,-0.22099349653581898,-0.115289245809698,-0.5980187143299003,4,3,1,4,7,0,0,0,0,0,0,1.455707443377362,0.8343653996541027,-0.7260873739006363,-0.37008205946293943,-0.44063125659122476,0,0,1,0,0,0,1,0
-1.0931289251168022,1,0,-0.24441422208311328,-0.8382418157693879,-0.5618968052255373,-0.6640222898354515,-0.4597125345263579,-0.4075971975656955,-0.5980187143299003,3,2,0,4,6,0,0,0,0,0,0,-0.7792072838814875,-0.5105974062687187,-0.8779326522610443,-0.762036926947112,-0.44063125659122476,0,1,0,0,0,0,1,0
0.6354789842504219,0,0,-0.10621911305566875,0.8884964205624739,0.47032655744587565,0.18057521543186508,-0.019000464389978336,-0.21272522972836383,0.20245140550195134,1,3,4,6,1,0,0,0,0,0,0,0.9399578909330122,-0.8108566304692011,0.5988043955297381,-0.10877881447349098,-0.44063125659122476,0,0,0,1,0,0,1,0
0.07826397430697513,1,1,0.37746376854038705,0.13360569417986992,-0.5618968052255373,-0.39286203814436566,-0.5698905520604528,-0.6511871573623601,-0.012308870550496634,8,7,2,6,8,0,0,0,0,0,0,1.3697491846366372,0.8641431739549771,-0.20714362038319742,1.067085787979027,-0.44063125659122476,0,0,0,1,0,0,1,0
-1.0813241178443558,1,1,1.2757319772187765,-0.8322977943018084,-0.6626015235349434,-0.7084747901126787,-0.6800685695945476,-0.6511871573623601,-0.8323026518416616,2,2,0,3,5,0,0,0,0,0,0,1.1118744084144623,-0.5775973984456859,-0.9546896061575144,-1.0233401719365605,-0.44063125659122476,0,0,1,0,0,0,1,0
-1.2234970943200483,1,0,-0.5208044401380023,-0.8798499660424448,-0.4863682664934827,-0.6995842900572332,-0.44134953160400875,-0.5050331814843614,-0.6175423757892137,2,2,0,3,8,0,0,0,0,0,0,-0.7792072838814875,-0.10363449082343698,-0.9163111292092794,-1.0233401719365605,-0.44063125659122476,0,0,0,0,1,0,0,0
-0.8231642254695484,1,0,1.1029880909344707,-0.8560738801721266,-0.5870729848028888,-0.672912789890897,-0.6433425637498494,-0.6268281613826937,-0.6370660372485272,1,1,0,3,7,0,0,0,0,0,0,-0.8651655426222125,-0.2227455880269341,-0.9279915352370031,-1.2846434169260088,-0.44063125659122476,0,1,0,0,0,0,1,0
-0.4551071987250623,1,0,0.7575003183658595,-0.5588728067931487,-0.38566354818407655,-0.41953353831070195,-0.6249795608275003,-0.2370842257080303,0.046262113827443725,4,4,1,5,6,1,0,0,0,0,0,-1.2949568363258375,0.27603213151271005,-0.5658989483775683,-0.10877881447349098,1.033090511708265,0,0,1,0,1,0,0,0
-1.171827640266444,1,1,-1.3499750943026694,-0.8768779553086551,-0.6374253439575919,-0.7084747901126787,-0.6800685695945476,-0.5781101694233607,-0.8127789903823482,2,1,0,3,7,0,0,0,0,0,0,-0.6072907664000375,-0.0738567165225627,-0.971375900482834,-1.1539917944312847,-0.44063125659122476,0,0,0,0,0,0,1,0
-0.6587869686480641,1,2,0.895695427393304,-0.8382418157693879,-0.6374253439575919,-0.704029540084956,-0.6433425637498494,-0.6268281613826937,-0.8127789903823482,2,1,0,3,8,0,0,0,0,0,0,0.5961248559701122,0.4720691456601324,-0.9480150884273866,-1.1539917944312847,-0.44063125659122476,0,1,0,0,0,0,0,0
1.6512076988871396,0,0,-0.7626458809360303,2.0713566926108062,0.4451503778685241,-0.2639497873404068,0.38498559990170295,0.4206086657429641,0.007214790908816819,1,6,7,11,2,1,0,1,0,0,0,-1.0370820601036626,0.20158769576052438,1.1577952554279438,1.3283890329684753,2.506812280007755,0,0,0,1,1,0,0,0
-0.892025601225485,1,0,0.9302442046501651,-0.8798499660424448,-0.5618968052255373,-0.672912789890897,-0.5515275491381036,-0.5050331814843614,-0.8127789903823482,1,1,0,3,8,0,0,0,0,0,0,-1.4668733538072873,0.5688469121379738,-0.9380033118321949,-1.2846434169260088,-0.44063125659122476,0,1,0,0,1,0,0,0
2.0258697963673993,0,0,-1.6609140896144197,2.9154077410071033,-0.1339017524105612,1.256325722140763,1.266409740174462,-0.16400723776903092,-0.46135308411470605,1,4,3,4,1,0,0,1,1,0,0,-1.5528316125480124,-0.19793077610953885,2.1639788032447145,-0.37008205946293943,2.506812280007755,0,0,0,1,0,1,0,0
0.19415720125948352,0,1,0.0665247732286369,0.6329034974565528,-0.36048736860672503,-0.4995480388097109,-0.38626052283696133,-0.5050331814843614,1.491013061816639,2,7,4,7,5,0,0,0,0,0,0,0.5961248559701122,0.0030692004213625167,0.2016705905871322,0.6751309204948542,-0.44063125659122476,0,0,0,1,0,0,1,0
-0.6024330672641242,1,0,-0.7280971036791691,-0.8352698050355981,-0.6626015235349434,-0.6995842900572332,-0.6800685695945476,-0.6511871573623601,-0.6175423757892137,1,1,0,3,4,1,0,0,0,0,0,-1.2089985775851124,-0.6123381351300392,-0.9346660529671309,-1.2846434169260088,1.033090511708265,0,1,0,0,0,1,0,0
-1.394760488717126,0,0,-1.1426824307615027,-0.8590458909059164,-0.5367206256481858,-0.6773580399186196,-0.6800685695945476,-0.5537511734436943,-0.6370660372485272,1,1,0,3,7,0,0,0,0,0,0,-1.2089985775851124,-0.6594862777730902,-0.9263229058044712,-1.2846434169260088,-0.44063125659122476,0,1,0,0,0,1,0,0
4.9566474241187075,1,0,-0.4171581083674189,-0.7877176332949617,-0.6374253439575919,-0.6995842900572332,-0.6433425637498494,-0.6511871573623601,-0.6956370216264675,0,1,0,1,1,0,0,0,0,0,0,-0.1774994726964126,0.11721733524138059,-0.9096366114791515,-1.6765982844101814,-0.44063125659122476,0,0,1,0,0,0,1,0
-1.3834241261777134,0,0,-0.002572781285085367,-0.9036260519127631,-0.6374253439575919,-0.7218105401958469,-0.40462352575931043,-0.6268281613826937,-0.7542080060044078,1,1,0,2,7,0,0,0,0,0,0,-0.005582955214962636,-0.22770855041041313,-0.9647013827527061,-1.415295039420733,-0.44063125659122476,1,0,0,0,0,0,1,0
0.5568739580473867,0,1,-0.14076789031252987,2.000028434999851,-0.46119208691613117,0.38505671670711017,-0.38626052283696133,-0.3588792056063626,1.1200634940896836,4,4,3,12,8,0,1,0,0,0,0,0.2522918210072123,0.6259209795479829,1.272930686272649,1.067085787979027,1.033090511708265,0,1,0,0,0,1,0,0
-0.5964369746812942,1,0,1.448475863503082,-0.701529322015058,-0.46119208691613117,-0.6595770398077287,-0.33117151406991385,-0.4563151895250284,-0.6175423757892137,2,2,1,4,5,0,0,0,0,0,0,-0.43537424891858756,-0.691745533265704,-0.7861580334717867,-0.762036926947112,-0.44063125659122476,0,0,0,1,0,1,0,0
-0.708067354563197,1,1,1.3448295317324988,-0.8917380089776039,-0.6122491643802404,-0.7173652901681241,-0.6800685695945476,-0.6511871573623601,-0.7542080060044078,1,1,0,2,6,0,0,0,0,0,0,1.2837909258959121,0.5291432130701414,-0.9813876770780258,-1.415295039420733,-0.44063125659122476,0,1,0,0,0,0,1,0
0.08327633295043446,0,1,1.5521221952736655,-0.1219872289260511,-0.5367206256481858,0.2961517161526558,0.5869786320475435,0.3475316778039647,0.7686375878220415,4,5,5,8,5,0,0,0,0,0,0,1.455707443377362,0.8393283620375818,0.1499430781786415,0.9364341654843027,-0.44063125659122476,0,1,0,0,0,1,0,0
-0.726758299411237,1,1,-1.3154263170458083,-0.8768779553086551,-0.6374253439575919,-0.7218105401958469,-0.6249795608275003,-0.6024691654030272,-0.7932553289230347,1,1,0,2,6,0,0,0,0,0,0,1.7135822195995372,-0.15326411465822745,-0.971375900482834,-1.415295039420733,-0.44063125659122476,0,0,1,0,1,0,0,0
-1.6579795842086964,1,0,-0.9008409899634747,-0.8947100197113937,-0.6626015235349434,-0.7173652901681241,-0.44134953160400875,-0.6511871573623601,-0.8323026518416616,1,1,0,3,6,0,0,0,0,0,0,-1.2949568363258375,-0.5527825865282907,-0.971375900482834,-1.2846434169260088,-0.44063125659122476,0,1,0,0,0,0,1,0
-1.0147112768069804,1,2,0.895695427393304,-0.8798499660424448,-0.6626015235349434,-0.7173652901681241,-0.6800685695945476,-0.5781101694233607,-0.7346843445450945,1,0,0,3,8,0,0,0,0,0,0,-0.2634577314371376,0.7425505955597405,-0.971375900482834,-1.415295039420733,-0.44063125659122476,0,1,0,0,0,0,1,0
-2.0191036289042854,1,1,0.10107355048549801,-0.8679619231072857,-0.6626015235349434,-0.6818032899463424,-0.6066165579051511,-0.6024691654030272,-0.7737316674637214,4,3,0,3,8,0,0,0,0,0,0,1.455707443377362,0.3008469434301053,-0.9496837178599186,-0.6313853044523878,-0.44063125659122476,0,0,1,0,0,1,0,0
-0.2528796074744646,0,1,0.7229515411089984,-0.8114937191652799,-0.18425411156526428,-0.5840077893364426,-0.20263049361346983,-0.3101612136470297,0.16340408258332445,2,1,1,5,3,0,0,0,0,0,0,0.6820831147108373,0.26610620674575197,-0.7127383384403806,-0.762036926947112,-0.44063125659122476,0,1,0,0,0,1,0,0
-0.6476379840018649,1,1,0.7229515411089984,-0.6747812254109501,-0.6122491643802404,-0.5840077893364426,-0.6800685695945476,-0.6268281613826937,0.49530632739165315,4,3,2,2,7,1,0,0,0,0,0,-0.09154121395568762,0.6929209717249499,-0.7010579324126569,-0.5007336819576637,1.033090511708265,0,0,0,1,1,0,0,0
-0.4171163308760387,0,1,-0.10621911305566875,-0.7996056762301208,-0.5618968052255373,-0.6640222898354515,-0.5515275491381036,-0.5050331814843614,0.39768802009508586,1,2,2,2,5,0,0,0,0,0,0,-0.43537424891858756,-0.2550048435195479,-0.7861580334717867,-1.0233401719365605,-0.44063125659122476,0,0,1,0,0,0,1,0
0.1352268538438588,1,1,-1.6954628668712808,-0.716389375684007,-0.5115444460708343,-0.48621228872654276,-0.44134953160400875,-0.33452020962669615,-0.42230576119607915,4,2,1,5,4,0,0,0,0,0,0,-0.6932490251407625,-0.12844930274083222,-0.7177442267379764,-0.37008205946293943,-0.44063125659122476,0,1,0,0,1,0,0,0
0.6817613238741399,0,1,1.724866081557971,0.20196194105703485,-0.2094302911426158,-0.17949003681367515,0.1829925677558623,0.51804464966163,0.6710192805254742,2,5,2,11,4,0,0,0,0,0,0,-0.6072907664000375,0.33806916130619813,0.14159993101598173,0.6751309204948542,-0.44063125659122476,0,0,0,1,0,0,0,0
-0.6327414414913969,1,1,1.448475863503082,-0.8382418157693879,-0.6374253439575919,-0.6818032899463424,-0.6066165579051511,-0.6511871573623601,-0.7737316674637214,2,1,0,3,7,0,0,0,0,0,0,-0.7792072838814875,0.4968839575775276,-0.9346660529671309,-1.1539917944312847,-0.44063125659122476,0,1,0,0,1,0,0,0
-0.958825820156074,1,1,-0.31351177659683555,-0.8204097513666493,-0.6626015235349434,-0.6906937900017878,-0.6800685695945476,-0.6511871573623601,-0.6761133601671541,3,2,0,3,8,0,0,0,0,0,0,0.7680413734515622,0.03780993710571584,-0.9279915352370031,-0.8926885494418363,-0.44063125659122476,0,1,0,0,1,0,0,0
-0.4539829313657817,1,1,1.724866081557971,-0.8322977943018084,-0.6626015235349434,-0.704029540084956,-0.6800685695945476,-0.6268281613826937,-0.7737316674637214,1,1,0,3,5,0,0,0,0,0,0,-0.005582955214962636,-0.6123381351300392,-0.9463464589948546,-1.2846434169260088,-0.44063125659122476,0,1,0,0,1,0,0,0
-1.3874527508818022,0,0,1.448475863503082,-0.8947100197113937,-0.6122491643802404,-0.7084747901126787,-0.6800685695945476,-0.5537511734436943,-0.8127789903823482,1,1,0,2,8,0,0,0,0,0,0,1.1118744084144623,0.8715876175301956,-0.9780504182129618,-1.415295039420733,-0.44063125659122476,0,1,0,0,0,0,0,0
-1.6393354838339598,1,1,0.031975995971775764,-0.8441858372369675,-0.6122491643802404,-0.6373507896691152,-0.6249795608275003,-0.6268281613826937,-0.7737316674637214,5,3,0,4,8,0,0,0,0,0,0,-0.6072907664000375,0.4001061910996862,-0.9196483880743433,-0.37008205946293943,-0.44063125659122476,0,0,0,1,1,0,0,0
-0.3797812856532622,1,0,0.13562232774235916,-0.8620179016397062,-0.4108397277614281,-0.6106792895027788,-0.6066165579051511,-0.4806741855046949,-0.5589713914112733,1,2,0,3,6,0,0,0,0,0,0,-1.1230403188443874,0.26610620674575197,-0.8762640228285125,-1.1539917944312847,-0.44063125659122476,0,0,1,0,1,0,0,0
-1.7148487747989734,0,0,-0.7626458809360303,-0.8828219767762346,-0.5618968052255373,-0.6818032899463424,-0.40462352575931043,-0.4563151895250284,-0.5199240684926464,2,2,0,4,5,0,0,0,0,0,0,-0.09154121395568762,-0.03167153626299081,-0.9012934643164918,-0.8926885494418363,-0.44063125659122476,0,0,0,0,1,0,0,0
0.4038799082386186,1,1,1.4830246407599432,-0.3062518944210174,-0.6122491643802404,-0.5484457891146608,-0.6249795608275003,-0.5293921774640278,-0.16849816222500427,4,5,1,5,6,0,0,0,0,0,0,0.6820831147108373,0.8194765125036656,-0.5258518419968014,0.02187280802123322,-0.44063125659122476,0,1,0,0,1,0,0,0
1.3948278964978598,0,0,-1.6609140896144197,1.2035295583441905,0.47032655744587565,-0.22838778711862506,-0.12917848192407322,3.2462521993842732,0.026738452368130272,1,8,2,5,5,0,0,0,1,0,0,-1.2089985775851124,0.35295804845663525,0.8340811455167442,0.15252443051595743,1.033090511708265,0,0,0,0,0,1,0,0
0.3001662443449833,0,1,1.3102807544756376,0.41891872462368873,0.671735994064688,0.20724671559820138,1.2296837343297637,1.735994448644953,2.0962465670553563,1,6,4,13,4,0,0,0,0,0,0,-0.5213325076593126,-0.3890048278734821,0.7673359682154658,1.197737410473751,-0.44063125659122476,0,1,0,0,0,0,0,1
0.0962522520554647,0,1,-0.969938544477197,0.9390206030369002,-0.2597826502973189,-0.006125285732489115,-0.6800685695945476,-0.06657125385036508,0.749113926362728,5,5,5,12,5,0,0,0,0,0,0,0.9399578909330122,0.10729141047442249,0.5053611473079485,1.5896922779579237,-0.44063125659122476,0,1,0,0,0,0,1,0
0.21603357029215184,0,1,-0.4862556628811412,1.1500333651359744,-0.4863682664934827,-0.46843128861565186,-0.4964385403710562,-0.6511871573623601,0.046262113827443725,4,10,4,7,8,0,1,0,0,1,0,0.08037530352576235,-0.004375243153856053,0.3518472395150084,1.3283890329684753,2.506812280007755,0,1,0,0,0,0,1,0
0.7259356621992068,0,1,-0.6935483264223079,1.6106950288733903,1.4521975609625855,0.8251364694516593,0.9909646963392248,0.7129166174989616,-0.03183253200981009,4,9,4,8,5,0,0,0,0,0,0,-0.09154121395568762,0.4621432208931743,1.4464681472559726,1.3283890329684753,-0.44063125659122476,0,1,0,0,0,0,1,0
0.7747944478546095,0,0,-1.4881702033301138,0.7636719697433032,0.9486739694155547,2.7499297314555964,0.8624236758827808,2.4667643280349467,0.08530943674607064,1,3,3,8,1,0,0,0,0,0,0,-0.005582955214962636,0.5489950626040576,1.7785254043298322,0.02187280802123322,-0.44063125659122476,0,0,0,1,1,0,0,0
1.1571390389566198,0,1,0.653853986595276,0.31787035967483623,2.006073511664319,-0.08613978623149805,0.3115335882123063,2.150097380299283,0.4367353430137128,1,5,10,7,1,1,0,0,0,0,0,0.5961248559701122,-0.7612270066344106,0.49201211184769283,1.067085787979027,1.033090511708265,0,1,0,0,0,1,0,0
-0.9881504604439763,1,0,-1.1426824307615027,-0.8560738801721266,-0.38566354818407655,-0.672912789890897,-0.6433425637498494,-0.6511871573623601,-0.6175423757892137,2,1,1,4,3,0,0,0,0,0,0,-0.9511238013629375,-0.18552337015084125,-0.9146424997767474,-0.8926885494418363,-0.44063125659122476,0,1,0,0,0,1,0,0
0.1541051765851122,0,1,0.5502076548246927,2.3745017874573637,-0.6626015235349434,-0.5395552890592153,-0.6800685695945476,-0.6511871573623601,-0.18802182368431772,3,4,2,11,8,0,1,0,0,1,0,-0.005582955214962636,0.5961432052471085,0.9642342412542368,0.6751309204948542,2.506812280007755,0,0,0,1,1,0,0,0
-1.554125386895151,1,0,-0.2789629993399744,-0.8976820304451835,-0.4108397277614281,-0.6906937900017878,-0.4597125345263579,-0.43195619354536197,-0.46135308411470605,2,3,0,3,6,0,0,0,0,0,0,-1.9826229062516374,-0.7736344125931083,-0.9012934643164918,-0.8926885494418363,-0.44063125659122476,1,0,0,0,0,1,0,0
1.5821121007646861,0,0,1.3448295317324988,1.2183896120131394,1.2507881243437733,1.0162822206437363,1.4500397693979536,-0.6511871573623601,-0.6175423757892137,1,4,6,9,1,0,0,0,0,0,0,0.5961248559701122,0.19662473337704534,1.1828246969159233,0.6751309204948542,-0.44063125659122476,0,0,0,1,0,0,0,0
-0.5744200722287158,1,0,-0.45170688562428,-0.49051655991598375,-0.33531118902937346,-0.39286203814436566,-0.3128085111475647,-0.33452020962669615,-0.1489745007656908,3,7,1,3,9,0,0,0,0,0,0,-1.1230403188443874,0.8616616927632376,-0.5091655476714817,-0.10877881447349098,-0.44063125659122476,0,1,0,0,0,1,0,0
1.2932690783761789,0,0,0.5156588775678316,0.08605352243923346,-0.6626015235349434,2.883287232287278,1.6887588073884925,0.37189067378363116,-0.285640130980885,1,4,10,11,2,0,0,0,0,0,0,0.7680413734515622,0.161883996692692,1.2412267270545418,1.4590406554631996,-0.44063125659122476,0,1,0,0,1,0,0,0
-0.5946568846957666,0,0,-1.6609140896144197,-0.8828219767762346,-0.6374253439575919,-0.7129200401404014,-0.6800685695945476,-0.5781101694233607,-0.7932553289230347,1,0,0,3,4,0,0,0,0,0,0,0.7680413734515622,0.17925436503486866,-0.9747131593478979,-1.415295039420733,-0.44063125659122476,0,0,1,0,0,0,0,0
0.08107464270517661,0,0,-0.6935483264223079,1.518562696125907,-0.4108397277614281,0.3228232163189921,-0.16590448776877154,-0.4075971975656955,1.2567291243048777,2,10,4,12,6,0,0,0,0,0,0,1.3697491846366372,0.635846904314941,1.0109558653651316,1.720343900452648,-0.44063125659122476,0,1,0,0,0,0,0,1
1.1487538782353186,1,0,-1.6263653123575585,1.292689880357884,2.031249691241671,0.6339907182595824,1.890751839534333,1.2975325210109567,-0.16849816222500427,1,2,5,13,6,0,0,0,0,0,0,-0.1774994726964126,0.7351061519845219,1.344681751871523,0.8057825429895785,-0.44063125659122476,0,1,0,0,1,0,0,0
-0.6971525922835146,0,0,-0.2789629993399744,-0.648033128806842,-0.6122491643802404,-0.4150882882829792,0.5869786320475435,0.27445468986496535,0.08530943674607064,1,4,2,5,8,0,0,0,0,0,0,-1.1230403188443874,0.8616616927632376,-0.48079884731843847,-0.37008205946293943,-0.44063125659122476,0,1,0,0,1,0,0,0
1.3184245605400824,0,0,1.1375368681913318,0.6388475189241324,-0.23460647071996735,2.874396732231833,-0.18426749069112067,3.5629191471199375,0.143880421124011,1,4,6,6,2,0,0,1,0,0,0,1.2837909258959121,-0.14830115227474838,1.661721344052595,0.28317605301068166,1.033090511708265,0,1,0,0,1,0,0,0
1.3215631402514074,0,0,-1.3154263170458083,1.967336316928164,-0.008020854523803517,0.513968967511069,0.27480758236760805,-0.017853261891032163,-0.3442111153588253,1,2,7,11,5,0,1,1,1,1,0,-2.1545394237330875,-0.5155603686521978,1.2912856100305006,0.8057825429895785,5.454255816606734,0,1,0,0,0,0,1,0
0.10004665439303673,0,1,0.23926865951294254,-0.31516792662238674,-0.2094302911426158,0.38061146667938744,-0.09245247607937493,1.9795844084416174,0.20245140550195134,2,4,6,8,3,0,0,0,0,0,0,-0.6072907664000375,0.11721733524138059,0.09654693633761886,0.6751309204948542,-0.44063125659122476,0,1,0,0,0,0,1,0
-0.6635182604517034,1,1,-0.002572781285085367,-0.823381762100439,-0.6122491643802404,-0.6951390400295105,-0.6800685695945476,-0.6511871573623601,-0.3637347768181388,2,1,0,3,8,0,0,0,0,0,0,0.2522918210072123,0.7202172648340847,-0.9012934643164918,-1.1539917944312847,-0.44063125659122476,0,1,0,0,0,0,1,0
0.6985784897900456,0,0,-0.969938544477197,0.9390206030369002,-0.008020854523803517,0.12723221509919244,-0.05572647023467663,-0.2370842257080303,1.9010099524622217,1,6,4,13,2,0,0,0,0,0,0,1.971456995821712,-0.1706344830004041,0.7156084558069752,1.197737410473751,-0.44063125659122476,0,0,1,0,1,0,0,0
0.5740190352764158,0,1,0.10107355048549801,2.707366989641819,0.16821240251765723,0.36727571659621927,0.49516361743579784,2.174456376278949,2.0571992441367293,8,8,9,8,6,0,0,0,0,0,0,0.3382500797479373,0.8740690987219352,2.0388315958048175,2.3736020129262694,-0.44063125659122476,0,0,0,0,0,0,0,0
-1.1561347417098191,1,0,-1.6263653123575585,-0.8947100197113937,-0.23460647071996735,-0.6240150395859471,-0.3128085111475647,-0.6268281613826937,-0.09040351638775045,2,2,0,3,9,0,0,0,0,0,0,-0.09154121395568762,0.6259209795479829,-0.8312110281501496,-1.0233401719365605,-0.44063125659122476,0,1,0,0,0,1,0,0
-0.35275202455722443,1,1,0.7575003183658595,-0.6450611180730522,-0.5367206256481858,-0.4239787883384247,-0.5515275491381036,-0.3588792056063626,-0.285640130980885,5,4,1,4,7,0,0,0,0,0,0,-0.43537424891858756,-0.11356041559039508,-0.656004937734294,-0.10877881447349098,-0.44063125659122476,0,1,0,0,0,0,1,0
0.12979289494066923,0,1,0.7920490956227206,1.1351733114670255,-0.23460647071996735,-0.10836603637011165,-0.2577195023805173,-0.017853261891032163,-0.16849816222500427,8,6,4,13,6,0,0,0,0,0,0,0.5961248559701122,0.38273582275750956,0.5420709948236515,2.112298767936821,-0.44063125659122476,0,0,0,1,1,0,0,0
-1.2038224155326378,1,0,-0.34806055385369666,-0.8917380089776039,-0.4863682664934827,-0.672912789890897,-0.44134953160400875,-0.43195619354536197,-0.5589713914112733,3,2,1,3,6,0,0,0,0,0,0,-0.7792072838814875,0.11721733524138059,-0.9029620937490237,-0.762036926947112,-0.44063125659122476,0,0,0,0,1,0,0,0
0.059245118145811654,1,0,0.5847564320815538,-0.27653178708311965,-0.6122491643802404,-0.6062340394750562,-0.5515275491381036,-0.4806741855046949,-0.6565896987078406,2,4,1,6,5,0,0,0,0,0,0,-0.09154121395568762,-0.24011595636911076,-0.5625616895125044,-0.2394304369682152,-0.44063125659122476,0,1,0,0,0,0,1,0
-0.8116404850369222,1,0,-0.037121558541946494,-0.8620179016397062,-0.6626015235349434,-0.7307010402512922,-0.6800685695945476,-0.6511871573623601,-0.715160683085781,1,1,0,2,8,0,0,0,0,0,0,-0.43537424891858756,0.24625435721183578,-0.9697072710503021,-1.415295039420733,-0.44063125659122476,0,0,0,1,1,0,0,0
1.4169384878970448,0,0,-1.246328762532086,2.136740928754181,1.6787831771587494,2.1542662277407523,0.2197185736005606,0.6885576215192951,-0.12945083930637735,1,5,6,7,2,0,0,0,0,0,0,-0.7792072838814875,-0.31456039212129644,2.175659209272438,0.5444792980001301,-0.44063125659122476,0,0,0,1,1,0,0,0
0.36687277432896553,0,1,1.6212197497873877,-0.5618448175269385,0.01715532505354802,-0.5440005390869381,-0.6066165579051511,2.9052262556689428,1.8619626295435947,3,5,2,6,5,0,0,0,0,0,0,0.3382500797479373,0.5762913557131923,-0.21548676754585722,0.15252443051595743,-0.44063125659122476,0,1,0,0,1,0,0,0
-1.4457741201444834,1,0,-0.31351177659683555,-0.8798499660424448,-0.5870729848028888,-0.6551317897800061,-0.6249795608275003,-0.5781101694233607,-0.6956370216264675,3,3,0,3,6,0,0,0,0,0,0,-1.1230403188443874,-0.42126408336609594,-0.9346660529671309,-0.762036926947112,-0.44063125659122476,0,0,1,0,1,0,0,0
-1.7161604200514673,1,0,0.37746376854038705,-0.9006540411789733,-0.6122491643802404,-0.704029540084956,-0.6066165579051511,-0.5781101694233607,-0.5980187143299003,2,1,1,2,7,1,0,0,0,0,0,-0.8651655426222125,0.7053283776836475,-0.9563582355900464,-1.1539917944312847,1.033090511708265,0,1,0,0,0,0,0,0
-1.2908126024569742,1,0,0.3083662140266648,-0.8976820304451835,-0.5618968052255373,-0.7307010402512922,-0.6800685695945476,-0.38323820158602906,-0.7542080060044078,1,1,0,2,9,0,0,0,0,0,0,-1.1230403188443874,0.30580990581358436,-0.9680386416177701,-1.415295039420733,-0.44063125659122476,1,0,0,0,0,1,0,0
-2.0809383336647183,0,0,1.5521221952736655,-0.9036260519127631,-0.6122491643802404,-0.7262557902235696,-0.6066165579051511,-0.6268281613826937,-0.3637347768181388,1,0,0,3,6,0,0,0,0,0,0,-1.5528316125480124,0.479513589235351,-0.9496837178599186,-1.415295039420733,-0.44063125659122476,0,1,0,0,1,0,0,0
0.511669041309646,1,1,-1.5918165351006972,2.3626137445222044,-0.6626015235349434,-0.5395552890592153,-0.6800685695945476,-0.6511871573623601,-0.18802182368431772,11,3,4,10,8,0,1,0,0,0,0,1.7135822195995372,0.7276617084093033,0.957559723524109,1.720343900452648,1.033090511708265,0,0,1,0,1,0,0,0
0.42589681069119695,0,1,-1.1081336535046415,-0.10415516452331242,2.5851256419434048,1.460807223416008,2.6619979622729977,0.3962496697632977,-0.285640130980885,4,9,3,4,7,0,0,0,0,0,0,-0.9511238013629375,0.854217249188019,0.9058322111156183,0.6751309204948542,-0.44063125659122476,0,1,0,0,1,0,0,0
-0.8747399905765458,1,0,-1.3154263170458083,-0.8857939875100244,-0.4108397277614281,-0.6462412897245606,-0.33117151406991385,-0.3101612136470297,-0.03183253200981009,2,2,1,3,6,0,0,0,0,0,0,-0.5213325076593126,0.375291379182291,-0.8211992515549578,-0.8926885494418363,-0.44063125659122476,0,1,0,0,0,1,0,0
0.21682992633830891,1,1,-0.037121558541946494,-0.7045013327488479,-0.5618968052255373,-0.5973435394196107,-0.36789751991461217,-0.6024691654030272,-0.5394477299519599,3,2,1,4,4,0,0,0,0,0,0,1.6276239608588121,-0.7190418263748387,-0.7778148863091269,-0.6313853044523878,-0.44063125659122476,0,0,0,1,0,0,0,1
-0.38160822011209317,1,0,0.9647929819070262,-0.8798499660424448,-0.6626015235349434,-0.6995842900572332,-0.6433425637498494,-0.6268281613826937,-0.7932553289230347,1,1,0,2,6,0,0,0,0,0,0,-1.2089985775851124,-0.7091159016078806,-0.9697072710503021,-1.415295039420733,-0.44063125659122476,0,1,0,0,0,0,1,0
-1.2529154235545572,1,1,1.0338905364207485,-0.8917380089776039,-0.6626015235349434,-0.7218105401958469,-0.6800685695945476,-0.6511871573623601,-0.7542080060044078,1,1,0,2,7,0,0,0,0,0,0,-0.6072907664000375,-0.04904190460516747,-0.9863935653756216,-1.415295039420733,-0.44063125659122476,0,0,0,0,0,0,1,0
-0.05894348799856129,1,1,0.5156588775678316,0.026613307763437875,-0.46119208691613117,-0.277285537423575,-0.5698905520604528,-0.5537511734436943,1.6081550305725199,9,8,1,6,9,0,0,0,0,0,0,0.8539996321922873,0.4621432208931743,-0.07198463634810885,1.197737410473751,-0.44063125659122476,0,1,0,0,0,1,0,0
0.20240182856087457,1,2,-0.7971946581928914,0.12766167271229037,-0.6626015235349434,-0.5840077893364426,-0.6066165579051511,-0.5781101694233607,-0.715160683085781,6,4,2,8,5,0,0,0,0,0,0,-0.5213325076593126,-0.4014122338321798,-0.3473084927158819,0.6751309204948542,-0.44063125659122476,0,1,0,0,0,1,0,0
-0.08067932361131953,1,1,0.7229515411089984,-0.11307119672468176,-0.5115444460708343,-0.5128837888928791,-0.5331645462157545,-0.5050331814843614,0.39768802009508586,6,7,1,5,8,0,0,0,0,0,0,-0.6072907664000375,0.271069169129231,-0.33896534555322205,0.5444792980001301,-0.44063125659122476,0,1,0,0,0,0,1,0
1.4242462257323687,0,0,-0.6589995491654468,1.88412001638205,2.9124159764489743,2.612126980596192,2.239648895058967,1.3218915169906231,2.7210037337533866,1,5,10,6,2,0,1,1,1,0,0,-0.6932490251407625,-0.5751159172539464,2.7580108812260913,0.9364341654843027,3.980534048307244,0,0,0,0,0,0,1,0
-1.6578858952620896,1,0,-0.20986544482625213,-0.8976820304451835,-0.33531118902937346,-0.7129200401404014,-0.5515275491381036,-0.5293921774640278,-0.6370660372485272,3,3,0,3,7,0,0,0,0,0,0,-0.7792072838814875,-0.8232640364278987,-0.9346660529671309,-0.762036926947112,-0.44063125659122476,0,1,0,0,0,0,1,0
4.9291497182896356,0,0,-1.246328762532086,-0.9006540411789733,-0.6626015235349434,6.928464757514953,-0.6433425637498494,-0.6268281613826937,-0.8323026518416616,0,0,28,0,1,0,0,0,0,0,0,-0.6932490251407625,0.20655065814400342,1.8786431702817497,1.720343900452648,-0.44063125659122476,0,1,0,0,0,0,1,0
-1.4183232587887153,1,0,0.895695427393304,-0.8620179016397062,-0.6626015235349434,-0.6373507896691152,-0.6066165579051511,-0.5293921774640278,-0.4808767455740195,3,3,0,3,9,0,0,0,0,0,0,-0.8651655426222125,0.7971431817780099,-0.8996248348839598,-0.762036926947112,-0.44063125659122476,0,1,0,0,0,0,1,0
0.0976107417812621,1,0,-0.24441422208311328,-0.3864961842333415,1.2759643039211248,0.1627942153209742,-0.5698905520604528,-0.06657125385036508,1.0419688482524299,2,8,1,7,7,0,0,0,0,0,0,-1.3809150950665625,0.7599209639019171,-0.038612047697469704,0.41382767550540583,-0.44063125659122476,0,1,0,0,0,0,1,0
0.9460109977783839,0,1,-0.5208044401380023,1.1975855368766108,-0.15907793198791273,0.020546214433847198,0.513526620358147,0.8103526014176274,0.12435675966469754,1,9,7,9,5,0,0,0,0,0,0,-0.6932490251407625,-0.0738567165225627,0.7823536331082535,1.4590406554631996,-0.44063125659122476,0,1,0,0,1,0,0,0
-1.4723817809807909,0,0,-1.1426824307615027,-0.8887659982438142,-0.5618968052255373,-0.7173652901681241,-0.6066165579051511,-0.6024691654030272,-0.6565896987078406,1,0,1,2,7,0,0,0,0,0,0,-1.4668733538072873,0.4398098901675186,-0.9580268650225784,-1.415295039420733,-0.44063125659122476,0,0,0,0,0,0,1,0
-1.1915023190538545,1,0,-0.9008409899634747,-0.8976820304451835,-0.46119208691613117,-0.6951390400295105,-0.4597125345263579,-0.3101612136470297,-0.4027820997367657,3,2,1,3,5,0,0,0,0,0,0,-0.7792072838814875,0.15443955311747343,-0.892950317153832,-0.762036926947112,-0.44063125659122476,1,0,0,0,0,1,0,0
0.42870747908939844,0,1,-0.4171581083674189,1.4412904170473728,-0.6626015235349434,-0.14837328661961613,-0.6800685695945476,0.030864730068300754,2.11577022851467,7,11,5,8,7,0,0,0,0,0,0,0.9399578909330122,0.8393283620375818,0.8307438866516802,2.112298767936821,-0.44063125659122476,0,1,0,0,1,0,0,0
-1.2723090355021476,1,0,-1.1426824307615027,-0.8857939875100244,-0.4108397277614281,-0.6862485399740651,-0.6249795608275003,-0.28580221766736325,-0.070879854928437,3,3,1,2,8,1,0,0,0,0,0,-0.2634577314371376,-0.5056344438852397,-0.8645836168007888,-0.762036926947112,1.033090511708265,0,1,0,0,0,1,0,0
-0.3687259899536696,1,1,-1.0044873217340582,-0.6688372039433705,-0.4863682664934827,-0.48176703869882004,-0.5698905520604528,-0.5781101694233607,-0.500400407033333,4,3,1,4,6,0,0,0,0,0,0,-0.34941599017786257,0.4298839654005605,-0.7227501150355723,-0.37008205946293943,-0.44063125659122476,0,0,1,0,0,0,0,0
-0.4334182075856074,0,0,-1.2808775397889471,-0.44593639890913706,-0.6122491643802404,-0.5351100390314927,-0.3128085111475647,-0.5537511734436943,-0.5589713914112733,1,4,2,4,4,0,0,0,0,0,0,-1.9826229062516374,0.21151362052748246,-0.6059460547583353,-0.5007336819576637,-0.44063125659122476,0,0,1,0,0,0,1,0
-0.6950445909848635,1,1,0.5502076548246927,-0.7877176332949617,-0.6374253439575919,-0.6684675398631742,-0.6433425637498494,-0.6511871573623601,-0.7932553289230347,4,3,0,3,8,0,0,0,0,0,0,-0.5213325076593126,-0.8431158859618149,-0.9062993526140877,-0.6313853044523878,-0.44063125659122476,0,1,0,0,1,0,0,0
1.9200481311751127,0,0,-0.24441422208311328,0.7339518624054053,2.786535078562217,2.7810464816496556,2.60690895350595,1.8577894285432852,-0.20754548514363116,1,6,7,13,1,0,1,1,1,0,0,-1.4668733538072873,-0.6867825708822249,1.9871040833963267,1.5896922779579237,3.980534048307244,0,1,0,0,1,0,0,0
0.6277964906286712,0,1,-1.6954628668712808,0.23762606986251222,-0.6626015235349434,-0.28617603747902043,-0.2944455082252156,0.1283007139869666,-0.7542080060044078,3,6,2,9,4,0,0,0,0,0,0,1.2837909258959121,-0.431190008133054,-0.10035133670115214,0.6751309204948542,-0.44063125659122476,0,0,0,1,1,0,0,0
-0.9550314178185019,1,0,1.5866709725305266,-0.8590458909059164,-0.5618968052255373,-0.6818032899463424,-0.6800685695945476,-0.6511871573623601,-0.4808767455740195,1,1,1,2,7,1,0,0,0,0,0,-0.9511238013629375,-0.16567152061692506,-0.9229856469394072,-1.2846434169260088,1.033090511708265,0,0,1,0,1,0,0,0
0.9120019101601459,0,1,0.031975995971775764,0.0949695546406028,2.434068564479295,0.4784069672892872,0.16462956483351315,2.3449693481366145,1.9010099524622217,5,6,5,12,3,0,0,0,0,0,0,1.1118744084144623,0.2834765750879286,0.7322947501322947,1.720343900452648,-0.44063125659122476,0,1,0,0,1,0,0,0
-0.8650431846027506,1,1,0.3083662140266648,-0.8828219767762346,-0.5870729848028888,-0.6951390400295105,-0.5331645462157545,-0.6268281613826937,-0.715160683085781,2,1,0,3,7,0,0,0,0,0,0,0.3382500797479373,-0.6793381273070064,-0.9480150884273866,-1.1539917944312847,-0.44063125659122476,0,1,0,0,0,0,1,0
1.1037363393907913,0,1,0.031975995971775764,0.21979400545977354,1.7794878954681554,0.41172821687344646,2.937443006108235,4.074458062692933,-0.18802182368431772,2,7,3,6,4,0,0,0,0,0,0,-0.6072907664000375,0.8765505799136747,0.9258557643060018,0.41382767550540583,-0.44063125659122476,0,0,0,0,0,0,1,0
-0.7326138585741567,1,1,-0.24441422208311328,-0.8857939875100244,-0.5367206256481858,-0.7173652901681241,-0.5331645462157545,-0.6511871573623601,-0.7542080060044078,2,1,0,3,4,0,0,0,0,0,0,-0.6072907664000375,-0.6619677589648297,-0.9596954944551103,-1.1539917944312847,-0.44063125659122476,0,1,0,0,0,0,1,0
0.8125042488638129,0,0,-0.6244507719085857,1.4085982989756853,0.4451503778685241,1.478588223526899,1.0644167080286215,1.1270195491532915,1.998628259758789,2,3,4,5,7,0,0,0,0,0,0,1.3697491846366372,0.749995039134959,1.7201233741912136,-0.10877881447349098,-0.44063125659122476,0,1,0,0,0,1,0,0
1.1768137177440303,0,1,-1.2808775397889471,0.9538806567058491,0.2940933004044149,0.33615896640216025,0.23808157652290973,0.1770187059462995,0.6319719576068473,2,7,11,11,4,1,0,0,0,0,0,-0.2634577314371376,-0.24259743756085028,0.7690045976479978,2.112298767936821,1.033090511708265,0,1,0,0,0,0,1,0
-1.227385185604227,1,0,0.895695427393304,-0.9006540411789733,-0.5870729848028888,-0.7129200401404014,-0.6249795608275003,-0.5050331814843614,-0.5589713914112733,1,1,1,2,7,0,0,0,0,0,0,-0.1774994726964126,0.1519580719257339,-0.9513523472924506,-1.2846434169260088,-0.44063125659122476,0,1,0,0,1,0,0,0
-0.1857046327574488,0,1,-1.4190726488163916,-0.10712717525710219,-0.38566354818407655,-0.34840953786713846,-0.40462352575931043,-0.5781101694233607,-0.42230576119607915,2,6,3,5,5,0,0,0,0,0,0,1.455707443377362,0.4546987773179557,-0.32895356895803035,0.15252443051595743,-0.44063125659122476,0,1,0,0,0,1,0,0
0.876728021762717,0,0,0.6884027638521372,2.1159368536176526,-0.36048736860672503,0.21613721565364682,-0.38626052283696133,-0.3588792056063626,0.3781643586357724,1,4,5,10,3,0,1,0,0,0,0,1.197832667155187,0.12466177881659915,1.2178659149990945,0.6751309204948542,1.033090511708265,0,0,1,0,0,0,0,0
0.6372590742359495,0,1,-0.9353897672203358,0.27626220940177937,-0.18425411156526428,-0.4328692883938701,-0.4597125345263579,-0.6511871573623601,-0.6761133601671541,1,4,4,8,2,0,0,0,0,0,0,0.4242083384886623,-0.6545233153896112,-0.16375925513736653,0.28317605301068166,-0.44063125659122476,0,0,0,1,1,0,0,0
1.6945856811660494,1,0,-0.8662922127066136,-0.419188302305029,-0.6626015235349434,1.3941284730001673,-0.6800685695945476,2.418046336075614,0.6124482961475338,1,6,5,8,9,0,1,1,1,0,0,-0.7792072838814875,0.8368468808458422,0.40023749305843515,0.6751309204948542,3.980534048307244,0,0,1,0,1,0,0,0
1.1300160889139754,0,0,0.9993417591638873,1.3551021057674693,0.671735994064688,1.0385084707823498,-0.36789751991461217,1.6141994687466206,-0.8518263133009751,1,4,5,11,2,0,0,0,1,0,0,0.7680413734515622,-0.28974558020390123,1.199510991241243,0.8057825429895785,1.033090511708265,0,0,0,1,0,1,0,0
-0.8218994246903577,0,1,0.2047198822560814,-0.7193613864177968,-0.6626015235349434,-0.641796039696838,-0.6249795608275003,-0.6268281613826937,-0.3442111153588253,2,2,2,2,7,0,0,0,0,0,0,0.5101665972293873,0.4546987773179557,-0.8178619926898939,-0.8926885494418363,-0.44063125659122476,0,1,0,0,0,1,0,0
-0.04484330153425045,0,1,1.3102807544756376,0.713147787268877,-0.33531118902937346,-0.36174528795030664,-0.5331645462157545,-0.5050331814843614,-0.285640130980885,3,10,4,5,8,1,0,0,0,0,0,1.1118744084144623,0.375291379182291,0.1349254132858539,0.9364341654843027,1.033090511708265,0,0,1,0,1,0,0,0
-1.5519236966498933,1,0,-1.211779985275225,-0.8917380089776039,-0.2597826502973189,-0.6506865397522833,-0.6800685695945476,-0.2370842257080303,-0.46135308411470605,3,2,0,4,8,0,0,0,0,0,0,-0.1774994726964126,0.4720691456601324,-0.8796012816935763,-0.762036926947112,-0.44063125659122476,0,1,0,0,1,0,0,0
-0.9926475298810986,1,0,-0.17531666756939102,-0.4429643881753473,-0.6374253439575919,-0.6284602896136697,-0.6800685695945476,-0.6268281613826937,-0.7932553289230347,4,4,1,4,8,0,0,0,0,0,0,-0.9511238013629375,0.48943951400230906,-0.6993893029801249,-0.2394304369682152,-0.44063125659122476,0,0,0,1,1,0,0,0
-0.2887156295515337,1,1,-1.246328762532086,-0.7788016010935923,-0.6374253439575919,-0.6595770398077287,-0.6249795608275003,-0.6511871573623601,-0.7737316674637214,2,2,0,3,7,0,0,0,0,0,0,0.4242083384886623,0.36784693560707243,-0.894618946586364,-1.0233401719365605,-0.44063125659122476,0,0,0,1,1,0,0,0
2.0427338067566083,0,0,-0.6935483264223079,1.3848222131053671,0.0675076842082511,3.216680984366482,3.9106821609927396,0.006505734088634294,-0.38325843827745226,1,7,3,7,3,0,0,1,0,0,0,-2.1545394237330875,0.5713283933297133,2.3124868227400586,0.41382767550540583,1.033090511708265,0,1,0,0,0,1,0,0
-0.017439284651785854,0,0,0.895695427393304,0.6774836584633995,2.50959710321135,1.4385809732773944,2.331463909670713,2.418046336075614,1.6081550305725199,1,5,5,11,1,0,0,1,0,0,0,2.229331772043887,-0.25004188113606884,1.6016506844814447,0.9364341654843027,1.033090511708265,0,0,1,0,0,0,0,1
0.7009675579285168,0,1,-0.7280971036791691,0.03255732923101743,-0.5618968052255373,-0.46398603858792914,0.0728145502217674,0.10394171800730014,1.998628259758789,2,7,1,7,5,0,0,0,0,0,0,0.9399578909330122,-0.14085670869952982,-0.008576717911894466,0.28317605301068166,-0.44063125659122476,0,1,0,0,0,0,1,0
0.15536997736430286,0,1,0.3429149912835259,0.19898993032324508,-0.23460647071996735,0.31837796629126935,-0.2577195023805173,-0.06657125385036508,1.217681801386251,3,7,5,11,5,0,0,0,0,0,0,-0.1774994726964126,0.017958087571799657,0.2917765799438579,1.4590406554631996,-0.44063125659122476,0,1,0,0,0,1,0,0
-0.17249449128590177,0,0,0.8265978728795818,0.2524861235314611,1.6284308180040463,0.36283046656849655,0.49516361743579784,0.5424036456412964,-0.3637347768181388,3,6,3,13,5,0,0,0,0,0,0,-0.005582955214962636,0.6308839419314619,0.4369473405741382,1.3283890329684753,-0.44063125659122476,0,0,0,1,0,1,0,0
1.15742010579644,0,0,1.5175734180168043,-0.14576331479636934,0.11786004336295416,1.242989972057595,0.05445154729941826,0.7129166174989616,2.564814442078879,1,3,10,11,1,0,0,0,0,0,0,-1.2089985775851124,-0.4386344517082726,0.6655495728310165,1.3283890329684753,-0.44063125659122476,0,1,0,0,1,0,0,0
-0.04264161128899261,0,0,1.2757319772187765,-0.6004809570662055,-0.43601590733877965,-0.4595407885602064,-0.6433425637498494,-0.43195619354536197,-0.38325843827745226,1,4,1,4,6,0,0,0,0,0,0,1.971456995821712,0.23384695125313817,-0.6593421965993579,-0.6313853044523878,-0.44063125659122476,0,0,0,1,1,0,0,0
-1.3697455399731329,1,0,0.0665247732286369,-0.8739059445748653,-0.31013500945202194,-0.6106792895027788,-0.6066165579051511,-0.6024691654030272,-0.1489745007656908,3,2,1,4,4,0,0,0,0,0,0,-0.34941599017786257,-0.18304188895910173,-0.8495659519080011,-0.6313853044523878,-0.44063125659122476,0,1,0,0,0,0,1,0
-0.24093426678210822,1,1,0.2047198822560814,-0.8679619231072857,-0.6374253439575919,-0.7262557902235696,-0.6800685695945476,-0.6511871573623601,-0.3637347768181388,1,0,1,2,4,0,0,0,0,0,0,0.7680413734515622,0.022921049955278702,-0.9396719412647268,-1.415295039420733,-0.44063125659122476,0,0,0,0,0,0,0,1
0.5123248639358929,0,1,-0.4171581083674189,2.2556213581057722,1.578078458849343,-0.28617603747902043,-0.38626052283696133,-0.3588792056063626,-0.3637347768181388,4,9,4,6,6,0,0,0,0,0,0,0.8539996321922873,0.5043284011527462,1.1728129203207316,1.067085787979027,-0.44063125659122476,0,0,0,1,0,0,0,0
0.4514270486415272,0,1,-1.4190726488163916,-0.07443505718541463,1.427021381385234,-0.34840953786713846,-0.09245247607937493,-0.3101612136470297,-0.18802182368431772,1,4,2,10,3,0,0,0,0,0,0,0.3382500797479373,0.010513643996581086,-0.12371214875659954,0.28317605301068166,-0.44063125659122476,0,1,0,0,0,1,0,0
-0.8198382678650099,1,0,1.1029880909344707,-0.8947100197113937,-0.5870729848028888,-0.7084747901126787,-0.5698905520604528,-0.6024691654030272,-0.6761133601671541,1,1,0,2,7,0,0,0,0,0,0,-0.43537424891858756,0.05021734306441346,-0.9580268650225784,-1.415295039420733,-0.44063125659122476,0,1,0,0,1,0,0,0
0.8039317102492983,1,0,-0.20986544482625213,2.6063186246929666,2.031249691241671,0.1450132152100833,0.03608854437706911,0.07958272202763367,-0.26611646952157153,2,7,3,13,8,0,0,0,0,0,0,-0.09154121395568762,-0.2996715049708593,1.6383605319971477,1.3283890329684753,-0.44063125659122476,0,0,0,1,1,0,0,0
0.2679372467122728,0,1,-0.8662922127066136,0.820140173685309,-0.5115444460708343,-0.48176703869882004,-0.5331645462157545,-0.6511871573623601,-0.32468745389951187,3,7,6,6,4,1,0,0,0,0,0,-0.09154121395568762,-0.426227045749575,0.12491363669066215,0.9364341654843027,1.033090511708265,0,0,0,1,0,1,0,0
-0.641126602212698,1,1,-1.6263653123575585,-0.7312494293529559,-0.6626015235349434,-0.6595770398077287,-0.6433425637498494,-0.6511871573623601,-0.6565896987078406,4,3,0,4,7,0,0,0,0,0,0,0.08037530352576235,-0.15078263346648793,-0.8612463579357248,-0.5007336819576637,-0.44063125659122476,0,0,0,1,0,1,0,0
0.6905680848551713,0,0,0.9993417591638873,0.27923422013556914,1.754311715890804,1.2474352220853175,3.3597920733222653,1.68727645668562,-0.2270691466029446,1,5,7,6,3,0,0,0,0,0,0,-1.1230403188443874,0.7425505955597405,1.1427775905351563,0.5444792980001301,-0.44063125659122476,0,0,0,0,0,0,1,0
0.11840968792795317,1,1,-1.6954628668712808,0.44566682122779677,-0.6626015235349434,0.020546214433847198,-0.5331645462157545,-0.18836623374869738,-0.2270691466029446,12,9,2,8,8,0,0,0,0,0,0,1.1118744084144623,0.7698468886688752,0.13325678385332193,2.112298767936821,-0.44063125659122476,0,1,0,0,0,0,1,0
-0.20847104678288095,1,1,-0.34806055385369666,-0.7371934508205354,-0.6626015235349434,-0.6906937900017878,-0.6800685695945476,-0.6511871573623601,-0.6956370216264675,2,2,0,4,5,0,0,0,0,0,0,0.2522918210072123,-0.14085670869952982,-0.8829385405586403,-0.8926885494418363,-0.44063125659122476,0,0,0,1,0,0,1,0
-0.9366215398102821,1,0,-1.522718980586975,-0.8055496976977004,-0.5618968052255373,-0.6329055396413925,-0.6066165579051511,-0.6024691654030272,-0.7542080060044078,2,3,0,4,7,0,0,0,0,0,0,-1.7247481300294623,-0.6197825787052578,-0.8879444288562361,-0.762036926947112,-0.44063125659122476,0,1,0,0,0,0,1,0
0.9451677972589235,0,0,-1.0735848762477804,0.7190918087364565,1.6284308180040463,1.082960971059577,1.505128778165001,-0.6511871573623601,-0.42230576119607915,1,3,4,10,1,0,0,0,0,0,0,-0.43537424891858756,0.6631431974240757,0.9742460178494285,0.41382767550540583,-0.44063125659122476,0,1,0,0,1,0,0,0
1.4975578264521243,0,1,-0.8662922127066136,-0.25869972268038094,0.2940933004044149,0.8162459693962139,1.3582247547862079,1.419327500909289,-0.5589713914112733,1,4,7,10,1,0,0,0,0,0,0,-0.43537424891858756,-0.8282269988113777,0.35351586894754033,0.9364341654843027,-0.44063125659122476,0,0,1,0,1,0,0,0
-0.712377046107106,1,0,-1.1426824307615027,-0.39244020570092103,-0.4108397277614281,-0.18393528684139787,-0.2944455082252156,-0.33452020962669615,-0.5394477299519599,6,7,2,4,9,0,0,0,0,0,0,-0.1774994726964126,0.6110320923975456,-0.4123850405846282,0.5444792980001301,-0.44063125659122476,0,1,0,0,1,0,0,0
0.8802413572604689,0,1,-0.9008409899634747,1.2837738481565146,2.2074829482831317,0.5006332174279008,0.8256976700380825,1.200096537092291,2.857669363968581,6,5,6,8,3,0,0,0,0,0,0,0.2522918210072123,0.5713283933297133,1.4564799238511643,1.3283890329684753,-0.44063125659122476,0,1,0,0,0,0,1,0
1.2880693418395062,0,0,1.6212197497873877,1.3283540091633612,2.5347732827887013,2.31429522873877,-0.3128085111475647,-0.28580221766736325,-0.24659280806225808,1,4,6,4,2,0,0,0,0,0,0,-0.09154121395568762,-0.8331899611948568,1.7134488564610857,0.02187280802123322,-0.44063125659122476,0,0,1,0,0,0,1,0
0.2395494958904377,0,1,-0.5553532173948634,2.5765985173550687,0.4199741982911726,0.2339182157645377,-0.33117151406991385,-0.3101612136470297,0.06578577528675718,4,6,3,13,9,1,0,0,0,0,0,-0.5213325076593126,0.5514765437957971,1.5165505834223147,1.4590406554631996,1.033090511708265,0,0,0,0,1,0,0,0
0.8626278352984063,0,0,0.895695427393304,-0.34786004469407433,1.376669022230531,-0.07724928617605262,-0.22099349653581898,0.3962496697632977,0.9248268794965492,1,2,2,12,1,0,0,0,0,0,0,-0.8651655426222125,-0.40885667740739834,-0.04695519486012949,0.28317605301068166,-0.44063125659122476,0,1,0,0,0,1,0,0
0.9140162225121903,0,1,-1.557267757843836,1.2094735798117702,0.24374094124971185,0.22502771570909227,2.478367933049506,1.68727645668562,2.428148811863685,3,7,4,7,4,0,1,0,1,0,0,0.5961248559701122,-0.14581967108300886,1.3279954575462036,0.8057825429895785,2.506812280007755,0,1,0,0,1,0,0,0
0.6900527956488343,1,1,-1.0735848762477804,0.4397227997602172,-0.2094302911426158,-0.28617603747902043,-0.38626052283696133,-0.21272522972836383,-0.7346843445450945,4,4,2,12,3,0,0,0,0,0,0,-0.5213325076593126,0.7872172570110518,0.013115464711020984,0.9364341654843027,-0.44063125659122476,0,1,0,0,0,0,1,0
-0.04264161128899261,0,0,1.2757319772187765,-0.6004809570662055,-0.43601590733877965,-0.4595407885602064,-0.6433425637498494,-0.43195619354536197,-0.38325843827745226,1,4,1,4,6,0,0,0,0,0,0,1.971456995821712,0.23384695125313817,-0.6593421965993579,-0.6313853044523878,-0.44063125659122476,0,0,0,1,1,0,0,0
-0.6428130032516189,1,1,-1.0390360989909193,-0.8679619231072857,-0.6626015235349434,-0.7218105401958469,-0.6800685695945476,-0.6511871573623601,-0.8323026518416616,1,1,0,2,7,0,0,0,0,0,0,-0.09154121395568762,0.5614024685627552,-0.9797190476454938,-1.415295039420733,-0.44063125659122476,0,1,0,0,0,0,1,0
0.8522752066983641,0,0,0.8265978728795818,1.1975855368766108,0.4451503778685241,1.9408942264100617,1.0644167080286215,0.7616346094582945,-0.285640130980885,1,2,8,12,1,0,0,0,0,0,0,-0.2634577314371376,0.43732840897577907,1.55492906037055,1.067085787979027,-0.44063125659122476,0,0,0,1,1,0,0,0
-0.755661339439409,2,1,1.5521221952736655,-0.823381762100439,-0.6626015235349434,-0.7173652901681241,-0.6800685695945476,-0.6511871573623601,-0.7932553289230347,2,1,0,3,8,0,0,0,0,0,0,0.3382500797479373,0.18918028980182675,-0.9496837178599186,-1.1539917944312847,-0.44063125659122476,0,0,1,0,0,1,0,0
-1.0882570998932528,1,0,0.23926865951294254,-0.8887659982438142,-0.5618968052255373,-0.6818032899463424,-0.5331645462157545,-0.6511871573623601,-0.7737316674637214,1,1,0,3,8,0,0,0,0,0,0,-1.7247481300294623,0.04277289948919489,-0.9513523472924506,-1.2846434169260088,-0.44063125659122476,0,1,0,0,1,0,0,0
-1.0354165340070647,1,0,0.9647929819070262,-0.8768779553086551,-0.6374253439575919,-0.6329055396413925,-0.6433425637498494,-0.6268281613826937,-0.8127789903823482,3,3,0,3,6,0,0,0,0,0,0,-0.1774994726964126,-0.2351529939856317,-0.9430092001297907,-0.762036926947112,-0.44063125659122476,0,1,0,0,0,0,0,0
1.287647741579776,0,0,-1.0390360989909193,1.0519570109209118,1.3514928426531794,1.4074642230833354,1.5785807898543975,-0.33452020962669615,-0.5980187143299003,1,3,2,5,1,0,0,0,0,0,0,0.6820831147108373,-0.7736344125931083,1.277936574570245,-0.5007336819576637,-0.44063125659122476,0,1,0,0,1,0,0,0
0.8545705858902286,0,0,0.37746376854038705,-0.42513232377260857,-0.6626015235349434,0.38505671670711017,2.974169011952933,4.001381074753934,1.530060384735266,1,3,7,11,1,0,0,0,0,0,0,1.7135822195995372,-0.15574559584996697,0.5370651065260557,0.9364341654843027,-0.44063125659122476,0,1,0,0,0,0,0,1
0.48646671467243924,0,1,1.5521221952736655,-0.6450611180730522,-0.33531118902937346,-0.5884530393641653,-0.4964385403710562,-0.5050331814843614,-0.6565896987078406,1,4,0,4,5,0,0,0,0,0,0,1.455707443377362,-0.5230048122274163,-0.7411050387934238,-0.762036926947112,-0.44063125659122476,0,1,0,0,0,1,0,0
0.6934724421999795,1,1,0.41201254579724816,0.13360569417986992,-0.4863682664934827,-0.5840077893364426,-0.6800685695945476,-0.6511871573623601,0.06578577528675718,3,8,2,4,7,0,1,0,0,0,0,1.0259161496737372,-0.43367148932479355,-0.27722605654953963,0.28317605301068166,1.033090511708265,0,0,1,0,1,0,0,0
-0.4756250780319332,0,1,-0.6244507719085857,-0.0060788103082497,0.0675076842082511,-0.15726378667506155,-0.09245247607937493,-0.6511871573623601,-0.32468745389951187,6,8,1,7,8,0,0,0,0,0,0,1.197832667155187,0.39266174752446764,-0.13872981364938716,0.9364341654843027,-0.44063125659122476,0,0,0,0,0,0,0,0
0.9087696415022142,0,1,-0.6244507719085857,-0.5440127531241997,-0.05837321367850659,-0.1883805368691206,-0.23935649945816811,-0.28580221766736325,-0.03183253200981009,1,4,1,7,2,0,0,0,0,0,0,-0.6072907664000375,-0.7066344204161411,-0.4240654466123519,-0.2394304369682152,-0.44063125659122476,0,1,0,0,0,0,1,0
0.8618783237255525,0,0,-1.4881702033301138,-0.00310679957445992,-0.08354939325585813,2.598791230513024,0.8256976700380825,-0.017853261891032163,2.877193025427894,1,6,5,13,4,0,0,0,0,0,0,1.885498737080987,0.4621432208931743,1.2879483511654366,1.3283890329684753,-0.44063125659122476,0,1,0,0,0,0,1,0
2.104287444677221,0,0,0.37746376854038705,0.4278347568250581,1.1249072264570155,3.4878412360575677,0.05445154729941826,-0.2370842257080303,-0.5199240684926464,1,6,11,10,2,0,0,1,0,0,0,-1.8107063887701873,0.22143954529444054,1.5682780958308056,1.720343900452648,1.033090511708265,0,1,0,0,0,1,0,0
-0.8716014108652208,1,1,-0.5208044401380023,-0.6688372039433705,-0.6374253439575919,-0.6017887894473334,-0.6066165579051511,-0.5537511734436943,-0.6175423757892137,3,2,1,4,6,0,0,0,0,0,0,-0.1774994726964126,-0.18552337015084125,-0.7894952923368507,-0.6313853044523878,-0.44063125659122476,0,0,1,0,0,1,0,0
-0.9568115078040296,0,1,-0.9353897672203358,-0.5826488926634669,-0.6374253439575919,-0.6151245395305016,-0.44134953160400875,-0.6268281613826937,-0.7737316674637214,2,3,1,4,8,0,0,0,0,0,0,0.5961248559701122,0.5638839497544947,-0.7494481859560836,-0.6313853044523878,-0.44063125659122476,0,0,0,1,0,0,1,0
1.7837307138623402,0,0,1.448475863503082,1.102481193395338,2.962768335603678,-0.14837328661961613,1.0460537051062724,4.0257400707336,3.853376098393567,1,4,8,5,1,1,0,1,1,0,0,-1.2949568363258375,-0.3840418654900031,1.4598171827162283,0.41382767550540583,3.980534048307244,0,1,0,0,1,0,0,0
-1.4869504121781352,0,0,-0.7626458809360303,-0.850129858704547,0.39479801871382103,-0.6329055396413925,-0.40462352575931043,-0.16400723776903092,-0.500400407033333,1,2,1,4,7,0,0,0,0,0,0,-0.6072907664000375,0.375291379182291,-0.7794835157416589,-0.8926885494418363,-0.44063125659122476,0,1,0,0,0,1,0,0
1.6422135600128949,0,0,0.6193052093384149,0.8320282166204681,1.85501643420021,2.9721922328417323,0.513526620358147,1.370609508949956,-0.16849816222500427,1,5,5,5,2,1,0,0,0,0,0,-0.1774994726964126,-0.269893730669985,1.8319215461708547,0.15252443051595743,1.033090511708265,0,0,0,1,0,0,0,0
-0.33354579050284755,0,0,0.7575003183658595,1.6314991040099187,-0.4108397277614281,-0.10392078634238892,-0.44134953160400875,-0.4075971975656955,-0.46135308411470605,2,9,4,12,8,0,0,0,0,0,0,-0.09154121395568762,0.8294024372706237,0.7423065267274864,1.5896922779579237,-0.44063125659122476,0,0,1,0,0,1,0,0
1.2962202801942906,0,0,0.7229515411089984,0.1365777049136597,0.8479692511061486,1.7853104754397666,1.3398617518638587,2.588559307933279,1.9791045982994755,1,5,6,7,2,0,0,1,0,0,0,-0.34941599017786257,-0.7314492323335363,1.271262056840117,0.5444792980001301,1.033090511708265,0,1,0,0,1,0,0,0
0.35178885392528414,0,1,1.3448295317324988,0.03850135069859699,-0.03319703410115505,0.43839971703978275,-0.22099349653581898,-0.18836623374869738,-0.6175423757892137,3,5,3,11,5,0,0,0,0,0,0,0.5961248559701122,0.24625435721183578,0.09821556577015082,0.9364341654843027,-0.44063125659122476,0,0,1,0,0,0,0,0
1.2487199842646852,0,0,-0.4862556628811412,1.521534706859697,0.9990263285702579,1.700850724913035,3.2863400616328686,0.9565065772956262,1.0810161711710569,1,5,6,4,3,0,0,0,0,0,0,-0.09154121395568762,0.5241802506866624,2.01547078374937,0.15252443051595743,-0.44063125659122476,0,0,1,0,0,0,0,0
-1.2474346201780644,1,0,0.0665247732286369,-0.8590458909059164,-0.6626015235349434,-0.6906937900017878,-0.6800685695945476,-0.6024691654030272,-0.6761133601671541,1,1,1,2,8,0,0,0,0,0,0,-0.005582955214962636,-0.1383752275077903,-0.9463464589948546,-1.2846434169260088,-0.44063125659122476,0,1,0,0,1,0,0,0
-0.276723444385874,1,1,-0.8317434354497525,-0.7906896440287514,-0.6626015235349434,-0.7307010402512922,-0.6800685695945476,-0.6511871573623601,-0.7346843445450945,1,1,0,3,7,1,0,0,0,1,0,1.197832667155187,-0.6594862777730902,-0.931328794102067,-1.2846434169260088,2.506812280007755,0,0,0,1,0,0,1,0
0.05531018238832956,0,1,0.7229515411089984,1.262969773019986,-0.23460647071996735,-0.14837328661961613,-0.47807553744870707,-0.6511871573623601,2.955287671265148,5,10,6,7,7,1,0,0,0,0,0,1.2837909258959121,-0.13093078393257174,0.802377186298637,1.720343900452648,1.033090511708265,0,1,0,0,0,0,1,0
0.9219797829737612,0,0,-1.5918165351006972,0.12171765124471082,0.671735994064688,1.6075004743308579,1.1195057167956688,1.1757375411126243,1.0419688482524299,1,8,3,5,4,1,0,0,0,0,0,2.057415254562437,-0.2947085425873803,0.9875950533096842,0.28317605301068166,1.033090511708265,0,0,0,1,0,0,1,0
1.6299871524807183,0,0,-1.0044873217340582,0.11874564051092104,4.095696416584497,1.4030189730556129,0.23808157652290973,0.15265970996663306,2.506243457700939,1,5,6,5,2,0,0,0,0,0,0,1.2837909258959121,0.45966173970143476,1.111073631317049,0.28317605301068166,-0.44063125659122476,0,1,0,0,1,0,0,0
-1.3393434767992534,1,0,1.6557685270442488,-0.594536935598626,-0.15907793198791273,-0.2906212875067431,-0.23935649945816811,-0.28580221766736325,-0.7542080060044078,6,5,1,5,9,0,0,0,0,0,0,-1.6387898712887374,0.7177357836423451,-0.5592244306474404,0.28317605301068166,-0.44063125659122476,0,0,0,0,0,1,0,0
1.5696983153392963,0,0,0.17017110499922028,0.213849983992194,0.671735994064688,1.3141139725011584,2.4049159213601095,0.6398396295599622,0.1829277440426379,1,2,7,7,0,0,0,0,0,0,0,1.455707443377362,0.10729141047442249,0.9358675409011935,0.28317605301068166,-0.44063125659122476,0,0,0,1,0,0,1,0
-1.0848374533421077,1,1,-1.1426824307615027,-0.8798499660424448,-0.6626015235349434,-0.7262557902235696,-0.6800685695945476,-0.6511871573623601,-0.8323026518416616,1,1,0,2,8,1,0,0,0,0,0,0.2522918210072123,-0.7910047809352849,-0.9880621948081536,-1.415295039420733,1.033090511708265,0,0,0,1,0,0,1,0
-1.2855191769736947,1,0,-0.10621911305566875,-0.8917380089776039,-0.18425411156526428,-0.6995842900572332,-0.16590448776877154,-0.04221225787069863,-0.5199240684926464,3,3,0,4,7,0,0,0,0,0,0,-1.0370820601036626,0.3976247099079467,-0.8378855458802774,-0.6313853044523878,-0.44063125659122476,1,0,0,0,1,0,0,0
1.0195568208646564,0,0,-1.4190726488163916,0.7577279482757237,3.1893539517998413,1.49636922363779,3.323066067477567,-0.33452020962669615,2.68195641083476,1,3,9,9,2,0,0,0,1,0,0,-1.8107063887701873,-0.322004835696515,1.706774338730958,0.9364341654843027,1.033090511708265,0,1,0,0,1,0,0,0
-0.2597657450500583,1,0,1.3793783089893599,-0.7936616547625412,-0.6626015235349434,-0.5351100390314927,-0.6066165579051511,-0.5781101694233607,-0.8518263133009751,1,2,1,3,4,0,0,0,0,0,0,-0.7792072838814875,-0.5527825865282907,-0.8579090990706609,-1.0233401719365605,-0.44063125659122476,0,0,0,1,1,0,0,0
4.91875024521629,0,0,1.2411831999619152,-0.8976820304451835,-0.6374253439575919,-0.7307010402512922,-0.6617055666721985,-0.6268281613826937,-0.8323026518416616,0,0,0,0,0,0,0,0,0,0,0,1.7135822195995372,-0.0961900472482184,-0.9947367125382814,-1.93790152939963,-0.44063125659122476,0,0,0,1,1,0,0,0
0.6455973904839473,0,0,-1.0735848762477804,-0.07443505718541463,3.667701363769521,-0.41064303825525655,0.01772554145471996,-0.4563151895250284,3.950994405690134,1,2,10,10,1,0,0,0,0,0,0,-0.2634577314371376,-0.20785670087649696,0.35518449838007227,1.067085787979027,-0.44063125659122476,0,0,0,0,0,1,0,0
-1.1840540477986206,1,0,-0.7971946581928914,-0.8709339338410755,-0.5618968052255373,-0.6506865397522833,-0.4964385403710562,-0.5781101694233607,-0.7542080060044078,2,2,0,4,6,0,0,0,0,0,0,-1.2949568363258375,-0.5056344438852397,-0.9196483880743433,-0.8926885494418363,-0.44063125659122476,0,1,0,0,0,0,1,0
1.3641916109574634,0,0,-1.6954628668712808,0.43377877829263767,-0.008020854523803517,1.6386172245249169,0.6604306437369402,1.735994448644953,-0.3442111153588253,1,5,6,10,1,0,0,0,0,0,0,1.885498737080987,-0.3939677902569612,1.0076186065000676,0.9364341654843027,-0.44063125659122476,0,0,0,0,1,0,0,0
1.961271267682068,0,0,-1.1426824307615027,2.96593192348153,1.049378687724961,2.50988622995857,0.9542386904945266,2.1257383843196163,0.026738452368130272,0,6,7,12,2,0,1,1,1,0,0,-0.09154121395568762,-0.5105974062687187,2.9115247890190314,1.3283890329684753,3.980534048307244,0,1,0,0,0,1,0,0
1.4928265346484852,0,0,1.1029880909344707,2.2942574976450394,-0.2597826502973189,1.1140777212536361,0.09117755314411656,0.51804464966163,-0.5394477299519599,1,8,10,6,3,0,1,1,0,0,0,1.799540478340262,-0.28974558020390123,1.6867507855405746,1.3283890329684753,2.506812280007755,0,0,1,0,1,0,0,0
1.3799313539873919,0,0,0.0665247732286369,1.2986339018254633,1.049378687724961,2.3231857287942157,3.433244085011662,1.005224569254959,1.1591108170083106,1,4,2,10,2,0,0,0,0,0,0,0.16633356226648732,0.5241802506866624,2.1506297677844586,0.28317605301068166,-0.44063125659122476,0,0,1,0,0,0,0,0
-0.9524549717868173,1,0,-0.31351177659683555,-0.8857939875100244,-0.6122491643802404,-0.672912789890897,-0.5698905520604528,-0.5050331814843614,-0.7932553289230347,1,1,0,3,8,0,0,0,0,0,0,-0.2634577314371376,0.08247659855702726,-0.9446778295623227,-1.2846434169260088,-0.44063125659122476,0,1,0,0,0,0,1,0
0.5583261367197908,0,1,0.5156588775678316,0.9836007640437469,-0.2849588298746704,-0.2950665375344658,-0.3128085111475647,-0.4806741855046949,1.7057733378690871,1,9,3,9,6,0,0,0,0,0,0,0.08037530352576235,0.2264025076779196,0.5070297767404804,0.9364341654843027,-0.44063125659122476,0,0,1,0,0,0,0,0
0.9828307537948235,0,0,0.8611466501364429,2.2675094010409316,2.8117112581395682,2.5943459804853015,-0.6800685695945476,-0.18836623374869738,-0.09040351638775045,1,7,5,8,4,0,1,1,1,0,0,-1.3809150950665625,-0.24756039994432932,2.3508652996882935,0.8057825429895785,3.980534048307244,0,1,0,0,0,1,0,0
-0.09417053192268672,0,1,-1.522718980586975,0.6418195296579222,-0.46119208691613117,0.2516992158754286,-0.09245247607937493,0.5424036456412964,-0.03183253200981009,4,10,5,7,8,1,0,0,0,0,0,1.7135822195995372,0.7872172570110518,0.4502963760343939,1.4590406554631996,1.033090511708265,0,0,1,0,0,0,1,0
-0.24552502516583735,0,2,0.10107355048549801,-0.10415516452331242,-0.2849588298746704,-0.4328692883938701,-0.40462352575931043,-0.18836623374869738,-0.1099271778470639,2,4,6,4,5,0,0,0,0,0,0,1.799540478340262,-0.19544929491779933,-0.2989182391724551,0.15252443051595743,-0.44063125659122476,0,0,0,1,0,0,1,0
-1.4353278025978344,1,0,0.9302442046501651,-0.9006540411789733,-0.5367206256481858,-0.704029540084956,-0.6066165579051511,-0.4563151895250284,-0.46135308411470605,2,2,1,2,6,0,0,0,0,0,0,-0.7792072838814875,-0.7289677511417968,-0.931328794102067,-1.0233401719365605,-0.44063125659122476,0,0,0,0,0,0,0,0
-0.8914634675458447,1,0,0.9993417591638873,-0.8263537728342288,-0.6626015235349434,-0.672912789890897,-0.6433425637498494,-0.6268281613826937,-0.8127789903823482,2,3,0,3,8,0,0,0,0,0,0,-0.1774994726964126,-0.7637084878261501,-0.931328794102067,-0.8926885494418363,-0.44063125659122476,0,0,0,1,0,0,1,0
0.6830261246533306,1,0,-0.6589995491654468,-0.6331730751378931,0.9486739694155547,-0.17059953675822973,0.513526620358147,-0.5781101694233607,0.12435675966469754,2,4,3,6,3,0,0,0,0,0,0,-1.3809150950665625,0.8467728056128004,-0.33896534555322205,0.02187280802123322,-0.44063125659122476,0,1,0,0,0,1,0,0
1.1745183385521656,0,1,1.448475863503082,2.1040488106824937,1.3514928426531794,1.4741429734991762,-0.6800685695945476,-0.26144322168769674,2.5843381035381925,2,11,4,9,5,0,0,0,1,0,0,1.7135822195995372,0.28595805627966814,1.9654119007734114,1.4590406554631996,1.033090511708265,0,0,1,0,1,0,0,0
-0.6281506831076679,1,0,-1.0044873217340582,-0.39244020570092103,-0.5870729848028888,-0.22838778711862506,-0.38626052283696133,-0.6511871573623601,-0.500400407033333,5,6,1,5,8,0,0,0,0,0,0,-1.1230403188443874,-0.47337518839262593,-0.4674498118581828,0.28317605301068166,-0.44063125659122476,0,0,0,1,0,1,0,0
-0.05589859723384301,1,1,0.44656132305410934,-0.1933154865370058,-0.33531118902937346,-0.10392078634238892,0.146266561911164,-0.5537511734436943,0.16340408258332445,9,6,2,7,6,0,0,0,0,0,0,0.9399578909330122,0.19910621456878486,-0.1804455494626861,1.197737410473751,-0.44063125659122476,0,0,0,1,0,1,0,0
-0.702305484346884,0,1,0.031975995971775764,-0.24086765827764228,-0.6122491643802404,-0.6017887894473334,-0.6800685695945476,-0.6024691654030272,-0.09040351638775045,5,5,2,4,8,0,0,0,0,0,0,1.2837909258959121,0.161883996692692,-0.5125028065365457,0.15252443051595743,-0.44063125659122476,0,0,0,1,1,0,0,0
-1.312220526756609,1,0,1.0684393136776096,-0.8560738801721266,-0.36048736860672503,-0.6595770398077287,-0.5515275491381036,-0.6268281613826937,-0.5980187143299003,1,2,0,3,7,0,0,0,0,0,0,-0.005582955214962636,0.6656246786158152,-0.8962875760188959,-1.1539917944312847,-0.44063125659122476,0,1,0,0,0,0,0,0
-0.8295819183121085,1,1,-1.6263653123575585,-0.7550255152232741,-0.5618968052255373,-0.6151245395305016,-0.5698905520604528,-0.5781101694233607,-0.3442111153588253,3,3,1,2,9,0,0,0,0,0,0,0.5101665972293873,0.7872172570110518,-0.812856104392298,-0.762036926947112,-0.44063125659122476,0,1,0,0,0,0,0,1
1.2602437246973113,0,0,-0.4862556628811412,0.5318551325077003,1.20043576518907,-0.2328330371463478,2.423278924282459,0.2500956938852989,-0.500400407033333,1,5,10,13,3,0,0,0,0,0,0,0.4242083384886623,0.7698468886688752,0.485337594117565,1.8509955229473722,-0.44063125659122476,0,0,0,1,0,0,0,0
1.6793143828691546,0,1,0.41201254579724816,3.5306139629015876,0.2940933004044149,0.5361952176496826,0.23808157652290973,0.7372756134786281,-0.20754548514363116,1,5,10,4,6,0,1,1,1,1,0,0.8539996321922873,0.14947659073399439,2.257422051466504,0.6751309204948542,5.454255816606734,0,1,0,0,0,0,1,0
0.7839291201487644,0,0,-1.557267757843836,0.5288831217739106,0.19338858209500878,1.354121222750663,1.505128778165001,1.005224569254959,-0.42230576119607915,1,3,5,9,7,0,0,0,0,0,0,1.971456995821712,0.375291379182291,0.9875950533096842,0.41382767550540583,-0.44063125659122476,0,0,1,0,1,0,0,0
-0.7811915773897393,1,1,0.13562232774235916,-0.796633665496331,-0.6626015235349434,-0.6862485399740651,-0.6433425637498494,-0.6024691654030272,-0.6565896987078406,4,3,1,3,5,0,0,0,0,0,0,0.9399578909330122,-0.6669307213483088,-0.9046307231815557,-0.5007336819576637,-0.44063125659122476,0,1,0,0,0,0,0,0
