Income,Kidhome,Teenhome,Recency,MntWines,MntFruits,MntMeatProducts,MntFishProducts,MntSweetProducts,MntGoldProds,NumDealsPurchases,NumWebPurchases,NumCatalogPurchases,NumStorePurchases,NumWebVisitsMonth,AcceptedCmp3,AcceptedCmp4,AcceptedCmp5,AcceptedCmp1,AcceptedCmp2,Complain,Age,Seniority,Total_Spending,Total_Purchases,Accepted_Total,Education_Basic,Education_Graduation,Education_Master,Education_PhD,Marital_Status_Married,Marital_Status_Single,Marital_Status_Together,Marital_Status_Widow
25293.0,1,0,51,15.0,0.0,11,0.0,2.0,9.0,1,1,1,2,8,0,0,0,0,0,0,73,10647,37.0,5,0,0,1,0,0,1,0,0,0
33585.0,0,1,91,30.0,11.0,33,13.0,6.0,29.0,1,2,0,4,4,0,0,0,0,0,0,76,10637,122.0,7,0,0,0,1,0,1,0,0,0
30772.0,1,1,89,7.0,2.0,4,2.0,1.0,25.0,1,1,0,2,6,0,0,0,0,0,0,66,10469,41.0,4,0,0,1,0,0,1,0,0,0
59247.0,0,2,87,327.0,9.0,122,19.0,14.0,83.0,5,5,2,9,6,0,0,0,0,0,0,80,10593,574.0,21,0,0,0,1,0,0,1,0,0
46931.0,2,1,94,41.0,0.0,17,3.0,1.0,16.0,2,1,1,3,3,0,0,0,0,0,0,65,10426,78.0,7,0,0,1,0,0,0,0,1,0
32727.0,0,0,38,167.0,13.0,180,86.0,13.0,70.0,2,7,3,5,8,0,0,0,0,0,0,77,11030,529.0,17,0,0,0,0,1,0,0,1,0
50501.0,1,1,10,297.0,0.0,38,13.0,0.0,152.0,7,5,4,4,6,1,0,0,0,0,0,88,10736,500.0,20,1,0,1,0,0,1,0,0,0
79761.0,0,1,32,415.0,5.0,124,15.0,35.0,11.0,1,5,2,11,3,0,0,0,0,0,0,84,10628,605.0,19,0,0,0,0,1,0,1,0,0
26954.0,1,0,17,4.0,1.0,11,0.0,0.0,1.0,1,1,0,2,7,0,0,0,0,0,0,71,10412,17.0,4,0,0,1,0,0,0,1,0,0
60432.0,0,1,61,365.0,3.0,15,4.0,3.0,11.0,5,7,2,5,6,0,0,0,0,0,0,69,10472,401.0,19,0,0,0,1,0,1,0,0,0
47916.0,0,1,72,505.0,0.0,26,0.0,0.0,75.0,5,7,4,6,6,0,1,0,0,0,0,82,10944,606.0,22,1,0,1,0,0,0,0,0,1
55012.0,0,1,85,582.0,0.0,65,0.0,0.0,13.0,6,8,2,9,5,0,0,0,0,0,0,69,10460,660.0,25,0,0,0,0,1,0,0,1,0
76998.0,0,1,85,1449.0,89.0,161,69.0,35.0,107.0,2,11,8,8,6,0,0,1,0,0,0,87,10894,1910.0,29,1,0,1,0,0,1,0,0,0
48794.0,1,1,97,25.0,0.0,11,3.0,0.0,15.0,1,1,0,3,4,0,0,0,0,0,0,89,10363,54.0,5,0,0,1,0,0,0,0,1,0
61346.0,1,0,34,562.0,58.0,168,43.0,16.0,142.0,1,5,7,10,3,0,0,0,0,0,0,64,10626,989.0,23,0,0,0,1,0,0,0,1,0
102160.0,0,0,54,763.0,29.0,138,76.0,176.0,58.0,0,7,9,10,4,0,1,1,1,0,0,65,10964,1240.0,26,3,0,0,0,1,0,0,1,0
58554.0,1,1,55,368.0,24.0,68,38.0,0.0,88.0,6,8,2,6,7,0,0,0,0,0,0,74,11001,586.0,22,0,0,1,0,0,0,0,1,0
50943.0,0,1,49,31.0,0.0,7,2.0,0.0,6.0,1,1,0,3,5,0,0,0,0,0,0,86,10733,46.0,5,0,0,0,1,0,0,0,1,0
58710.0,0,1,77,440.0,81.0,368,0.0,122.0,174.0,6,11,5,9,6,0,0,0,0,0,0,72,10815,1185.0,31,0,0,1,0,0,0,0,0,0
57537.0,1,0,83,191.0,56.0,139,51.0,8.0,100.0,4,4,3,8,4,0,0,0,0,0,0,63,10744,545.0,19,0,0,1,0,0,0,1,0,0
14045.0,1,0,24,11.0,0.0,5,2.0,1.0,1.0,1,1,0,3,7,0,0,0,0,0,0,73,10514,20.0,5,0,0,1,0,0,1,0,0,0
67911.0,0,1,63,529.0,0.0,356,63.0,28.0,0.0,3,6,7,11,3,0,0,0,0,0,0,93,10398,976.0,27,0,0,0,0,1,0,0,1,0
35178.0,1,0,10,23.0,1.0,13,2.0,2.0,18.0,1,1,1,2,7,1,0,0,0,0,0,71,10895,59.0,5,1,0,0,1,0,1,0,0,0
87195.0,0,0,35,217.0,76.0,690,50.0,26.0,38.0,1,3,11,5,1,0,0,0,0,0,0,83,10412,1097.0,20,0,0,1,0,0,1,0,0,0
63841.0,0,1,64,635.0,15.0,100,20.0,7.0,131.0,1,9,3,9,6,0,0,0,0,0,0,74,10794,908.0,22,0,0,0,1,0,0,0,0,0
40321.0,1,1,59,44.0,4.0,21,6.0,0.0,27.0,2,3,0,3,7,0,0,0,0,0,0,70,10695,102.0,8,0,0,1,0,0,1,0,0,0
49166.0,0,1,17,224.0,2.0,25,7.0,0.0,110.0,2,5,3,3,6,0,0,0,0,0,0,68,10741,368.0,13,0,0,1,0,0,0,1,0,0
25443.0,1,0,82,1.0,4.0,3,8.0,9.0,7.0,1,1,0,3,8,0,0,0,0,0,0,53,10914,32.0,5,0,1,0,0,0,1,0,0,0
82657.0,0,0,71,966.0,168.0,672,246.0,105.0,126.0,1,7,5,10,4,0,1,0,1,0,0,96,10635,2283.0,23,2,0,1,0,0,0,0,1,0
81975.0,0,1,2,983.0,76.0,184,180.0,138.0,27.0,1,6,3,4,7,0,0,1,0,0,0,80,10900,1588.0,14,1,0,0,0,0,0,0,0,0
45207.0,1,1,64,203.0,0.0,10,0.0,0.0,2.0,5,3,1,6,6,0,1,0,0,0,0,68,10956,215.0,15,1,0,0,0,1,1,0,0,0
38590.0,1,0,65,3.0,1.0,8,4.0,3.0,3.0,1,1,0,2,8,0,0,0,0,0,0,71,10770,22.0,4,0,0,1,0,0,0,0,1,0
50437.0,0,2,28,370.0,9.0,92,6.0,9.0,4.0,3,7,1,8,7,0,0,0,0,0,0,79,10980,490.0,19,0,0,1,0,0,1,0,0,0
62998.0,0,1,10,120.0,58.0,73,65.0,89.0,58.0,5,5,4,5,5,0,0,0,0,0,0,90,10632,463.0,19,0,0,1,0,0,1,0,0,0
79143.0,0,0,2,650.0,37.0,780,27.0,167.0,32.0,1,6,9,13,3,0,0,0,0,0,0,78,11047,1693.0,29,0,0,0,1,0,1,0,0,0
25315.0,1,0,46,1.0,9.0,8,11.0,3.0,22.0,3,3,0,3,8,0,0,0,0,0,0,65,10594,54.0,9,0,0,0,0,0,0,0,1,0
53374.0,0,1,34,896.0,10.0,101,13.0,10.0,34.0,6,4,2,9,9,1,0,0,0,0,0,73,11042,1064.0,21,1,0,0,0,1,0,0,1,0
30390.0,0,0,5,10.0,12.0,12,25.0,1.0,20.0,1,2,0,3,6,0,0,0,0,0,0,55,10660,80.0,6,0,0,0,0,0,1,0,0,0
54252.0,1,1,25,178.0,4.0,26,8.0,4.0,44.0,5,4,1,5,6,0,0,0,0,0,0,86,10757,264.0,15,0,0,1,0,0,0,1,0,0
29435.0,1,1,11,70.0,3.0,37,4.0,2.0,64.0,4,3,2,2,9,0,0,0,0,0,0,76,11052,180.0,11,0,0,0,1,0,0,0,0,0
62807.0,0,1,83,526.0,28.0,135,10.0,21.0,99.0,3,5,3,12,5,0,0,0,0,0,0,82,11027,819.0,23,0,0,1,0,0,0,0,1,0
34529.0,1,0,94,68.0,6.0,38,3.0,6.0,41.0,2,2,2,3,7,0,0,0,0,0,0,66,11013,162.0,9,0,0,0,1,0,1,0,0,0
93027.0,0,0,77,1285.0,42.0,716,55.0,0.0,21.0,0,7,10,5,2,0,0,1,0,0,0,101,10802,2119.0,22,1,0,0,0,1,1,0,0,0
28249.0,0,0,80,1.0,9.0,7,2.0,14.0,10.0,1,2,0,3,6,0,0,0,0,0,0,81,10374,43.0,6,0,1,0,0,0,1,0,0,0
44213.0,1,1,48,95.0,11.0,35,0.0,4.0,25.0,4,2,1,5,6,0,0,0,0,0,0,90,10572,170.0,12,0,0,1,0,0,0,1,0,0
51529.0,0,1,14,400.0,4.0,35,6.0,0.0,22.0,2,9,1,5,8,0,0,0,0,0,0,93,10655,467.0,17,0,0,0,1,0,0,0,0,1
42618.0,1,0,92,76.0,14.0,74,13.0,5.0,10.0,2,5,0,4,8,0,0,0,0,0,0,70,10623,192.0,11,0,0,0,1,0,0,0,0,0
30507.0,0,0,29,65.0,36.0,74,38.0,20.0,110.0,1,5,1,4,7,0,0,0,0,0,0,82,10835,343.0,11,0,0,1,0,0,0,0,1,0
56796.0,0,1,24,656.0,38.0,161,62.0,47.0,37.0,3,8,9,7,7,0,0,0,0,0,0,73,10858,1001.0,27,0,0,1,0,0,1,0,0,0
42243.0,1,1,34,48.0,0.0,2,0.0,0.0,5.0,2,2,0,3,7,0,0,0,0,0,0,83,10560,55.0,7,0,0,1,0,0,1,0,0,0
67445.0,0,1,63,757.0,80.0,217,29.0,80.0,11.0,5,9,6,12,6,0,0,0,0,0,0,68,11046,1174.0,32,0,0,1,0,0,1,0,0,0
61905.0,0,1,2,167.0,0.0,43,6.0,2.0,13.0,2,4,2,4,5,0,0,0,0,0,0,67,10505,231.0,12,0,0,0,0,1,0,0,1,0
78642.0,0,1,83,1396.0,0.0,322,46.0,35.0,17.0,1,4,9,4,6,0,0,0,0,0,0,71,10794,1816.0,18,0,0,0,0,1,0,0,1,0
43783.0,1,0,22,327.0,9.0,125,25.0,4.0,139.0,6,7,1,8,7,1,0,0,0,0,0,64,10391,629.0,22,1,0,0,1,0,1,0,0,0
52413.0,1,0,67,185.0,8.0,133,56.0,56.0,12.0,2,7,1,7,7,0,0,0,0,0,0,58,10963,450.0,17,0,0,1,0,0,0,1,0,0
70924.0,0,0,41,635.0,114.0,254,132.0,152.0,76.0,1,6,6,7,3,0,0,1,0,0,0,77,10443,1363.0,20,1,0,0,0,0,1,0,0,0
75012.0,0,0,41,294.0,142.0,218,164.0,58.0,151.0,1,3,8,11,1,0,0,0,0,0,0,66,10515,1027.0,23,0,0,0,1,0,0,0,0,0
62820.0,0,0,51,398.0,61.0,265,138.0,61.0,53.0,1,3,4,6,1,0,0,0,0,0,0,88,10774,976.0,14,0,0,1,0,0,1,0,0,0
41473.0,1,0,80,21.0,8.0,20,15.0,3.0,9.0,1,2,0,3,7,0,0,0,0,0,0,57,10735,76.0,6,0,0,0,0,0,0,1,0,0
37774.0,2,0,28,173.0,8.0,107,7.0,2.0,176.0,4,7,2,3,9,1,0,0,0,0,1,65,11024,473.0,16,1,0,1,0,0,0,1,0,0
17117.0,1,0,96,12.0,23.0,38,30.0,18.0,7.0,4,3,1,3,9,0,0,0,0,0,0,64,10888,128.0,11,0,0,0,0,0,0,0,1,0
69263.0,0,1,14,492.0,5.0,32,13.0,5.0,21.0,1,9,1,7,6,0,1,0,0,0,0,77,10476,568.0,18,1,0,1,0,0,0,1,0,0
65640.0,0,1,74,204.0,7.0,149,20.0,15.0,66.0,1,5,1,8,2,0,0,0,0,0,0,68,10480,461.0,15,0,0,0,0,1,0,0,1,0
82347.0,0,0,38,556.0,54.0,845,202.0,133.0,63.0,1,7,7,10,3,1,0,0,1,0,0,85,10960,1853.0,25,2,0,0,0,0,1,0,0,0
75507.0,0,0,56,709.0,93.0,374,104.0,80.0,80.0,1,8,6,6,3,0,0,0,0,0,0,63,10418,1440.0,21,0,0,1,0,0,0,0,1,0
45688.0,0,1,20,279.0,0.0,18,0.0,0.0,9.0,2,3,1,8,4,0,1,0,0,0,0,74,10515,306.0,14,1,0,1,0,0,1,0,0,0
57937.0,0,1,56,261.0,42.0,144,55.0,48.0,133.0,3,4,4,9,3,0,0,0,0,0,0,60,10493,683.0,20,0,0,0,0,0,1,0,0,0
23616.0,1,0,76,4.0,22.0,11,3.0,7.0,32.0,2,3,0,3,8,0,0,0,0,0,0,60,10949,79.0,8,0,0,0,0,0,0,1,0,0
36065.0,1,1,54,18.0,7.0,34,10.0,2.0,3.0,3,3,0,3,8,0,0,0,0,0,0,74,10815,74.0,9,0,0,1,0,0,0,1,0,0
45837.0,1,1,88,215.0,13.0,87,17.0,17.0,25.0,5,6,2,5,7,0,0,0,0,0,0,68,10698,374.0,18,0,0,1,0,0,1,0,0,0
54356.0,0,1,62,710.0,15.0,30,20.0,0.0,0.0,3,11,2,8,8,0,0,0,0,0,0,93,10947,775.0,24,0,0,0,0,1,0,0,0,1
36262.0,0,0,24,88.0,39.0,54,64.0,28.0,153.0,1,3,5,3,6,1,0,0,0,0,0,59,10642,426.0,12,1,0,0,1,0,1,0,0,0
21355.0,1,0,5,5.0,13.0,14,0.0,5.0,31.0,2,2,1,2,6,1,0,0,0,0,0,57,10673,68.0,7,1,0,1,0,0,1,0,0,0
37054.0,1,1,89,12.0,1.0,6,0.0,1.0,5.0,2,1,0,3,7,0,0,0,0,0,0,75,10647,25.0,6,0,0,0,1,0,1,0,0,0
78128.0,0,1,89,934.0,24.0,230,16.0,24.0,36.0,2,8,4,6,3,0,1,1,0,0,0,68,10490,1264.0,20,2,0,0,0,1,1,0,0,0
9255.0,1,0,91,9.0,0.0,7,2.0,0.0,4.0,1,1,1,2,8,0,0,0,0,0,0,53,10551,22.0,5,0,0,1,0,0,0,1,0,0
34469.0,1,1,58,19.0,6.0,20,0.0,5.0,12.0,3,1,1,4,4,0,0,0,0,0,0,94,10416,62.0,9,0,0,0,0,1,1,0,0,0
23228.0,1,0,71,13.0,2.0,18,6.0,1.0,25.0,2,2,0,3,8,0,0,0,0,0,0,73,10514,65.0,7,0,0,1,0,0,0,0,1,0
33444.0,1,1,24,8.0,0.0,8,0.0,0.0,2.0,1,1,0,2,8,0,0,0,0,0,0,90,10963,18.0,4,0,0,0,1,0,1,0,0,0
18701.0,1,1,95,12.0,4.0,2,10.0,6.0,10.0,4,2,0,4,5,0,0,0,0,0,0,78,10750,44.0,10,0,0,1,0,0,0,1,0,0
23724.0,1,0,65,5.0,23.0,15,0.0,18.0,14.0,2,2,0,3,8,0,0,0,0,0,0,63,10897,75.0,7,0,1,0,0,0,0,0,1,0
65735.0,1,1,37,239.0,7.0,119,4.0,15.0,11.0,5,6,2,6,7,0,0,0,0,0,0,77,10564,395.0,19,0,0,0,1,0,0,0,1,0
40794.0,0,1,18,261.0,23.0,73,4.0,23.0,50.0,2,6,3,5,7,0,0,0,0,0,0,67,10808,434.0,16,0,0,1,0,0,1,0,0,0
39922.0,1,0,30,29.0,12.0,59,19.0,1.0,36.0,2,3,0,4,8,0,0,0,0,0,0,59,10860,156.0,9,0,0,1,0,0,1,0,0,0
24594.0,1,0,94,1.0,3.0,6,10.0,0.0,9.0,1,1,0,3,5,0,0,0,0,0,0,63,10561,29.0,5,0,1,0,0,0,0,0,1,0
49912.0,0,1,5,520.0,8.0,223,32.0,49.0,42.0,4,10,5,7,8,1,0,0,0,0,0,93,11020,874.0,26,1,0,0,1,0,0,0,1,0
77343.0,0,0,28,227.0,151.0,573,98.0,54.0,31.0,1,3,4,9,1,0,0,0,0,0,0,77,10380,1134.0,17,0,0,1,0,0,1,0,0,0
36975.0,1,0,50,10.0,6.0,11,0.0,4.0,2.0,1,1,0,3,7,0,0,0,0,0,0,64,10543,33.0,5,0,0,0,0,0,0,1,0,0
92556.0,0,0,32,493.0,183.0,352,184.0,23.0,28.0,0,3,5,13,0,0,0,0,0,0,0,82,10430,1263.0,21,0,0,0,0,0,0,0,1,0
39898.0,0,1,20,69.0,8.0,26,12.0,7.0,12.0,2,3,0,4,7,0,0,0,0,0,0,88,10862,134.0,9,0,0,1,0,0,0,0,1,0
52034.0,1,1,67,146.0,0.0,93,7.0,13.0,73.0,5,4,2,5,7,0,0,0,0,0,0,69,10768,332.0,16,0,0,0,1,0,0,0,0,0
30279.0,1,0,13,10.0,4.0,14,4.0,4.0,1.0,1,1,0,3,8,0,0,0,0,0,0,53,10906,37.0,5,0,0,1,0,0,0,1,0,0
52869.0,1,1,40,84.0,3.0,61,2.0,1.0,21.0,3,3,1,4,7,0,0,0,0,0,0,88,10982,172.0,11,0,0,0,0,1,1,0,0,0
67384.0,0,1,32,957.0,40.0,175,158.0,53.0,107.0,2,7,8,5,5,0,1,0,0,0,0,72,10956,1490.0,22,1,0,1,0,0,0,1,0,0
14661.0,0,0,88,4.0,1.0,11,6.0,2.0,2.0,1,1,0,3,6,0,0,0,0,0,0,86,10904,26.0,5,0,0,0,1,0,0,0,1,0
50150.0,0,0,32,135.0,46.0,92,65.0,61.0,11.0,2,5,2,7,5,0,0,0,0,0,0,59,10734,410.0,16,0,0,0,0,1,1,0,0,0
38136.0,1,0,69,8.0,15.0,27,0.0,20.0,33.0,2,3,1,2,8,1,0,0,0,0,0,64,10793,103.0,8,1,0,1,0,0,1,0,0,0
18890.0,0,0,5,6.0,4.0,1,7.0,2.0,15.0,1,0,1,2,6,1,0,0,0,0,0,58,10956,35.0,4,1,0,0,1,0,0,1,0,0
54108.0,1,1,74,539.0,6.0,91,8.0,6.0,97.0,13,8,2,9,8,0,0,0,0,0,0,69,10961,747.0,32,0,0,0,1,0,1,0,0,0
17459.0,1,0,12,6.0,4.0,16,3.0,10.0,30.0,3,3,1,2,7,0,0,0,0,0,0,67,10643,69.0,9,0,0,0,1,0,0,0,1,0
43776.0,1,1,9,177.0,2.0,71,3.0,2.0,20.0,6,5,2,4,8,0,0,0,0,0,0,90,10871,275.0,17,0,0,0,1,0,0,0,1,0
66951.0,0,0,46,277.0,162.0,305,173.0,76.0,124.0,1,3,4,7,1,0,0,0,0,0,0,54,10599,1117.0,15,0,0,1,0,0,0,1,0,0
44794.0,0,1,99,54.0,0.0,7,0.0,0.0,4.0,1,2,0,3,6,0,0,0,0,0,0,76,10381,65.0,6,0,0,1,0,0,1,0,0,0
42523.0,0,0,96,14.0,36.0,11,3.0,26.0,35.0,1,1,1,4,2,0,0,0,0,0,0,78,10427,125.0,7,0,0,1,0,0,1,0,0,0
42386.0,1,0,43,65.0,4.0,16,0.0,4.0,11.0,1,3,0,3,8,0,0,0,0,0,0,56,10892,100.0,7,0,0,0,1,0,0,0,1,0
21675.0,1,0,55,4.0,0.0,16,17.0,4.0,4.0,3,4,0,3,7,0,0,0,0,0,0,66,10378,45.0,10,0,0,1,0,0,0,0,1,0
46098.0,1,1,86,57.0,0.0,27,0.0,0.0,36.0,4,3,2,2,8,0,0,0,0,0,0,67,11040,120.0,11,0,0,0,1,0,0,1,0,0
27943.0,1,1,89,12.0,1.0,16,4.0,1.0,3.0,3,2,0,3,8,0,0,0,0,0,0,75,10800,37.0,8,0,0,1,0,0,0,0,1,0
68655.0,0,0,95,456.0,19.0,832,75.0,118.0,38.0,1,4,5,11,3,0,0,0,0,0,0,54,11048,1538.0,21,0,0,1,0,0,0,1,0,0
76618.0,0,0,64,749.0,40.0,294,121.0,160.0,147.0,1,3,2,5,1,0,0,0,0,0,0,67,10929,1511.0,11,0,0,0,0,1,1,0,0,0
38410.0,0,0,65,153.0,64.0,123,116.0,64.0,14.0,2,5,2,9,6,0,0,0,0,0,0,68,11013,534.0,18,0,0,0,0,1,1,0,0,0
59594.0,0,1,74,457.0,4.0,29,0.0,0.0,9.0,1,8,1,7,7,0,1,0,0,0,0,77,10977,499.0,17,1,0,1,0,0,1,0,0,0
11012.0,1,0,82,24.0,3.0,26,7.0,1.0,23.0,3,3,1,2,9,1,0,0,0,0,0,58,10830,84.0,9,1,0,1,0,0,0,1,0,0
69139.0,0,1,23,86.0,12.0,75,33.0,15.0,6.0,1,4,1,5,4,0,0,0,0,0,0,77,10513,227.0,11,0,0,1,0,0,1,0,0,0
44953.0,0,0,31,728.0,17.0,133,11.0,8.0,124.0,1,7,3,13,6,1,0,0,0,0,0,61,10915,1021.0,24,1,0,0,0,1,0,0,1,0
75276.0,0,0,2,610.0,105.0,125,137.0,42.0,21.0,1,9,4,9,5,0,0,0,0,0,0,77,11000,1040.0,23,0,0,1,0,0,0,0,1,0
54998.0,0,1,3,154.0,22.0,202,39.0,30.0,8.0,5,4,2,9,4,0,0,0,0,0,0,86,10836,455.0,20,0,0,0,0,1,0,1,0,0
75922.0,0,0,60,265.0,138.0,553,224.0,23.0,92.0,1,4,4,9,1,0,0,0,0,0,0,74,10562,1295.0,18,0,0,1,0,0,0,1,0,0
27215.0,2,1,50,30.0,5.0,22,8.0,9.0,28.0,4,2,1,4,6,0,0,0,0,0,0,81,10882,102.0,11,0,0,1,0,0,0,0,0,0
41275.0,1,2,33,24.0,4.0,22,0.0,2.0,9.0,4,3,1,3,5,0,0,0,0,0,0,82,10457,61.0,11,0,0,0,1,0,0,0,1,0
45684.0,1,0,37,5.0,1.0,5,10.0,0.0,7.0,1,1,0,2,7,0,0,0,0,0,0,71,10569,28.0,4,0,0,1,0,0,0,0,0,1
34412.0,1,0,62,52.0,12.0,50,4.0,36.0,55.0,3,5,0,3,9,0,0,0,0,0,0,52,10861,209.0,11,0,0,1,0,0,0,1,0,0
27100.0,1,0,64,12.0,0.0,13,2.0,0.0,10.0,1,1,0,3,7,0,0,0,0,0,0,59,10810,37.0,5,0,0,0,1,0,1,0,0,0
61872.0,0,1,81,330.0,5.0,159,36.0,27.0,16.0,4,4,4,9,4,0,0,0,0,0,0,72,10558,573.0,21,0,0,0,1,0,1,0,0,0
157243.0,0,1,98,20.0,2.0,1582,1.0,2.0,1.0,15,0,22,0,0,0,0,0,0,0,0,69,10480,1608.0,37,0,0,0,0,1,1,0,0,0
96876.0,0,0,79,908.0,43.0,735,40.0,194.0,21.0,1,7,7,9,2,0,1,1,1,0,0,65,10687,1941.0,24,3,0,1,0,0,0,0,1,0
81205.0,0,0,43,724.0,74.0,929,97.0,55.0,130.0,1,5,6,7,2,1,0,1,0,1,0,72,10527,2009.0,19,3,0,1,0,0,0,0,1,0
27190.0,1,0,13,1.0,6.0,7,0.0,1.0,3.0,1,1,0,2,8,1,0,0,0,0,0,69,10678,18.0,4,1,1,0,0,0,0,0,1,0
50388.0,0,1,3,292.0,6.0,37,0.0,3.0,34.0,4,6,1,6,7,0,1,0,1,0,0,85,10392,372.0,17,2,0,1,0,0,0,1,0,0
33986.0,1,0,43,16.0,2.0,18,2.0,1.0,5.0,1,1,0,3,7,0,0,0,0,0,0,72,10832,44.0,5,0,0,1,0,0,0,0,0,0
52157.0,0,1,48,189.0,2.0,29,3.0,2.0,40.0,2,3,2,5,4,0,0,0,0,0,0,92,10382,265.0,12,0,0,0,0,1,0,0,1,0
102692.0,0,0,5,168.0,148.0,444,32.0,172.0,148.0,1,6,9,13,2,0,1,1,1,1,0,68,10810,1112.0,29,4,0,1,0,0,0,0,0,0
65492.0,0,0,73,247.0,161.0,295,210.0,85.0,47.0,2,4,7,13,2,0,0,0,0,0,0,83,10514,1045.0,26,0,0,1,0,0,1,0,0,0
19346.0,1,0,26,2.0,0.0,9,3.0,6.0,2.0,1,1,0,3,8,0,0,0,0,0,0,68,10510,22.0,5,0,0,1,0,0,0,0,0,0
72967.0,0,1,1,158.0,35.0,179,0.0,0.0,125.0,2,7,2,8,5,1,0,0,0,0,0,72,10921,497.0,19,1,0,1,0,0,0,0,0,0
42564.0,0,1,28,324.0,48.0,186,39.0,18.0,198.0,6,6,8,4,7,1,0,0,0,0,0,74,10903,813.0,24,1,0,0,0,1,0,0,0,0
72635.0,0,0,54,390.0,22.0,323,104.0,35.0,107.0,1,6,8,6,3,0,0,0,1,0,0,87,10751,981.0,21,1,0,0,0,0,1,0,0,0
60474.0,0,1,25,265.0,199.0,303,234.0,9.0,170.0,7,10,2,12,7,0,0,0,0,0,0,63,10814,1180.0,31,0,0,1,0,0,0,1,0,0
55635.0,0,1,34,235.0,65.0,164,50.0,49.0,27.0,4,7,3,7,6,0,0,0,0,0,0,71,10953,590.0,21,0,0,1,0,0,0,0,0,0
48192.0,0,0,76,1039.0,43.0,204,153.0,58.0,29.0,3,2,8,12,8,0,1,0,1,1,0,84,10809,1526.0,25,3,0,1,0,0,1,0,0,0
80398.0,0,0,92,342.0,51.0,936,207.0,35.0,26.0,1,5,8,12,3,0,0,1,0,0,0,76,10956,1597.0,26,1,0,1,0,0,1,0,0,0
79930.0,0,0,72,792.0,86.0,740,67.0,51.0,17.0,1,3,5,8,2,0,0,0,0,0,0,70,11050,1753.0,17,0,0,0,0,1,1,0,0,0
85738.0,0,0,41,913.0,26.0,376,17.0,26.0,13.0,1,3,6,11,1,0,1,1,0,0,0,64,10517,1371.0,21,2,0,0,1,0,0,0,1,0
51550.0,2,1,96,48.0,5.0,48,6.0,10.0,7.0,3,2,1,4,6,0,0,0,0,0,0,91,10539,124.0,10,0,0,1,0,0,0,1,0,0
43824.0,1,1,18,96.0,1.0,42,12.0,3.0,32.0,4,3,1,4,8,0,0,0,0,0,0,71,11012,186.0,12,0,0,1,0,0,1,0,0,0
71466.0,0,0,86,412.0,12.0,546,78.0,182.0,0.0,1,4,4,10,1,0,0,0,0,0,0,68,10445,1230.0,19,0,0,0,0,1,0,1,0,0
53083.0,1,1,65,215.0,7.0,33,3.0,0.0,13.0,6,5,1,5,7,0,1,0,0,0,0,84,10770,271.0,17,1,0,0,0,0,0,0,1,0
18690.0,0,0,77,6.0,1.0,7,23.0,4.0,19.0,1,1,1,2,8,0,0,0,0,0,0,83,10908,60.0,5,0,0,1,0,0,1,0,0,0
57288.0,0,1,27,527.0,0.0,21,0.0,0.0,60.0,3,8,1,8,6,0,1,0,0,0,0,79,10364,608.0,20,1,0,0,1,0,0,0,1,0
34053.0,0,1,14,63.0,0.0,21,7.0,0.0,12.0,1,3,0,3,8,0,0,0,0,0,0,74,11017,103.0,7,0,0,0,1,0,0,0,1,0
51550.0,1,1,45,7.0,0.0,8,2.0,0.0,1.0,1,1,0,2,7,0,0,0,0,0,0,85,10393,18.0,4,0,0,1,0,0,0,1,0,0
47691.0,0,1,43,14.0,0.0,3,0.0,0.0,4.0,1,1,0,2,6,0,0,0,0,0,0,63,10719,21.0,4,0,0,1,0,0,0,1,0,0
18393.0,1,0,2,7.0,10.0,13,16.0,0.0,4.0,2,3,0,3,8,0,0,0,0,0,0,68,10452,50.0,8,0,1,0,0,0,1,0,0,0
82460.0,0,0,78,255.0,47.0,573,52.0,32.0,15.0,1,5,3,6,1,0,0,0,0,0,0,92,10569,974.0,15,0,0,1,0,0,0,0,0,0
78952.0,0,1,11,1170.0,19.0,594,99.0,76.0,134.0,2,2,5,12,6,0,0,0,0,0,0,84,11003,2092.0,21,0,0,0,0,1,0,0,1,0
22585.0,0,0,23,3.0,9.0,15,13.0,2.0,39.0,1,1,1,2,9,1,0,0,0,0,0,72,10828,81.0,5,1,0,1,0,0,0,1,0,0
61064.0,0,1,80,387.0,126.0,342,0.0,45.0,180.0,5,8,4,11,6,0,0,0,0,0,0,66,11027,1080.0,28,0,0,1,0,0,1,0,0,0
31163.0,1,0,54,2.0,3.0,10,11.0,2.0,10.0,1,1,0,3,6,0,0,0,0,0,0,69,10496,38.0,5,0,0,0,0,0,0,0,0,0
51369.0,0,1,84,297.0,7.0,79,0.0,11.0,182.0,2,8,2,4,8,0,0,0,0,0,0,66,10972,576.0,16,0,0,1,0,0,0,0,1,0
63516.0,1,1,30,141.0,11.0,114,15.0,14.0,5.0,4,4,1,7,5,0,0,0,0,0,0,69,10718,300.0,16,0,0,0,0,1,0,0,1,0
35178.0,1,0,10,23.0,1.0,13,2.0,2.0,18.0,1,1,1,2,7,1,0,0,0,0,0,71,10895,59.0,5,1,0,0,1,0,1,0,0,0
77622.0,0,2,3,520.0,7.0,154,19.0,0.0,14.0,2,6,3,11,3,0,0,0,0,0,0,72,10436,714.0,22,0,0,0,0,1,0,0,1,0
34380.0,1,0,68,72.0,7.0,58,13.0,1.0,24.0,4,4,1,3,8,0,0,0,0,0,0,65,10783,175.0,12,0,0,1,0,0,1,0,0,0
47703.0,0,1,95,359.0,0.0,134,13.0,26.0,123.0,4,6,3,8,5,0,0,0,0,0,0,89,10756,655.0,21,0,0,1,0,0,1,0,0,0
42873.0,1,1,11,209.0,0.0,40,3.0,2.0,15.0,4,6,1,4,8,0,0,0,0,0,0,92,10884,269.0,15,0,0,0,0,1,0,0,0,0
61314.0,0,1,1,378.0,0.0,189,97.0,172.0,172.0,2,5,5,12,3,0,0,0,0,0,0,74,10790,1008.0,24,0,0,1,0,0,1,0,0,0
48699.0,1,1,90,26.0,1.0,10,2.0,0.0,1.0,1,1,0,3,5,0,0,0,0,0,0,92,10764,40.0,5,0,0,0,0,1,1,0,0,0
41003.0,0,0,11,123.0,133.0,142,71.0,44.0,88.0,1,6,2,8,6,0,0,0,0,0,0,79,10829,601.0,17,0,0,0,0,1,0,0,0,0
17345.0,1,0,79,4.0,9.0,16,17.0,0.0,12.0,2,2,1,2,8,0,0,0,0,0,0,64,10963,58.0,7,0,0,1,0,0,1,0,0,0
59060.0,1,0,77,35.0,40.0,111,36.0,40.0,12.0,3,3,1,7,4,0,0,0,0,0,0,53,10529,274.0,14,0,0,0,0,0,1,0,0,0
80124.0,0,0,47,483.0,84.0,398,205.0,84.0,241.0,1,3,7,8,1,1,0,0,0,0,0,79,10363,1495.0,19,1,0,1,0,0,1,0,0,0
51550.0,0,0,69,861.0,138.0,461,60.0,30.0,61.0,1,6,5,12,3,0,1,0,1,0,0,53,10751,1611.0,24,2,0,1,0,0,1,0,0,0
68281.0,0,0,31,995.0,112.0,417,42.0,48.0,41.0,1,2,9,13,5,0,0,0,0,0,0,84,11051,1655.0,25,0,0,1,0,0,0,1,0,0
46734.0,0,1,40,110.0,5.0,137,26.0,23.0,29.0,2,6,1,5,7,0,0,0,0,0,0,88,10948,330.0,14,0,0,1,0,0,1,0,0,0
21918.0,1,0,37,1.0,6.0,7,11.0,5.0,3.0,2,2,0,3,6,0,0,0,0,0,0,73,10587,33.0,7,0,0,1,0,0,0,0,1,0
63967.0,0,1,57,387.0,84.0,141,73.0,35.0,162.0,3,4,4,12,2,0,0,0,0,0,0,74,10684,882.0,23,0,0,1,0,0,1,0,0,0
42169.0,1,1,20,19.0,0.0,9,0.0,0.0,2.0,2,1,0,3,8,0,0,0,0,0,0,73,10613,30.0,6,0,0,0,1,0,1,0,0,0
65196.0,0,2,34,743.0,19.0,181,12.0,0.0,200.0,2,7,6,11,5,1,0,0,0,0,0,84,10699,1155.0,26,1,0,1,0,0,0,0,1,0
48150.0,0,1,24,173.0,2.0,39,3.0,2.0,47.0,3,5,1,4,7,0,0,0,0,0,0,93,10746,266.0,13,0,0,0,1,0,1,0,0,0
18492.0,1,0,75,2.0,2.0,2,2.0,1.0,1.0,1,1,0,2,8,0,0,0,0,0,0,60,10384,10.0,4,0,0,0,1,0,0,0,1,0
45006.0,0,0,90,162.0,25.0,53,16.0,0.0,10.0,1,3,1,7,3,0,0,0,0,0,0,98,10706,266.0,12,0,0,0,1,0,0,0,0,1
86037.0,0,0,95,490.0,44.0,125,29.0,20.0,22.0,1,6,7,11,3,0,1,1,0,0,0,51,10903,730.0,25,2,0,1,0,0,0,1,0,0
69674.0,0,2,46,554.0,41.0,215,11.0,0.0,24.0,3,10,2,10,5,0,0,0,0,0,0,74,10763,845.0,25,0,0,0,0,1,0,0,0,0
38593.0,1,0,42,51.0,12.0,49,17.0,24.0,24.0,3,4,1,3,8,0,0,0,0,0,0,64,10649,177.0,11,0,0,0,0,0,0,1,0,0
23626.0,1,0,84,27.0,2.0,14,0.0,0.0,0.0,3,3,1,3,5,0,0,0,0,0,0,72,10396,43.0,10,0,0,0,0,1,1,0,0,0
18222.0,0,0,70,12.0,4.0,19,12.0,6.0,14.0,1,2,0,3,8,0,0,0,0,0,0,52,10905,67.0,6,0,0,1,0,0,1,0,0,0
40800.0,1,2,77,24.0,0.0,27,8.0,30.0,10.0,2,3,0,3,7,0,0,0,0,0,1,78,10904,99.0,8,0,0,1,0,0,1,0,0,0
38196.0,1,1,20,30.0,0.0,11,0.0,0.0,3.0,3,2,0,4,5,0,0,0,0,0,0,71,10432,44.0,9,0,0,0,1,0,1,0,0,0
91700.0,0,0,58,576.0,172.0,961,125.0,115.0,19.0,1,8,6,5,3,0,0,0,0,0,0,71,10888,1968.0,20,0,0,1,0,0,0,1,0,0
44078.0,1,1,17,24.0,1.0,10,2.0,0.0,4.0,2,2,0,3,5,0,0,0,0,0,0,73,10370,41.0,7,0,0,1,0,0,1,0,0,0
30368.0,0,1,97,35.0,0.0,13,2.0,0.0,2.0,2,2,0,3,8,0,0,0,0,0,0,65,10594,52.0,7,0,0,1,0,0,1,0,0,0
77870.0,0,1,93,1017.0,50.0,500,65.0,50.0,133.0,3,5,5,5,8,0,1,0,1,0,0,75,11036,1815.0,18,2,0,1,0,0,1,0,0,0
65808.0,1,1,1,155.0,7.0,80,13.0,7.0,10.0,3,5,1,5,6,0,0,0,0,0,0,71,10390,272.0,14,0,0,0,0,1,0,0,0,0
47889.0,1,0,94,29.0,0.0,29,0.0,5.0,4.0,1,2,0,3,5,0,0,0,0,0,0,68,10536,67.0,6,0,0,1,0,0,0,0,1,0
51479.0,1,1,67,247.0,8.0,160,6.0,8.0,65.0,7,6,3,6,7,0,0,0,0,0,0,75,10908,494.0,22,0,0,1,0,0,1,0,0,0
38741.0,1,1,60,7.0,10.0,17,8.0,6.0,13.0,2,2,0,3,7,0,0,0,0,0,0,84,10451,61.0,7,0,0,0,0,0,0,1,0,0
46344.0,1,1,38,11.0,1.0,6,2.0,1.0,6.0,2,1,1,2,5,0,0,0,0,0,0,88,10473,27.0,6,0,0,1,0,0,0,1,0,0
34728.0,1,0,2,14.0,0.0,16,0.0,0.0,25.0,1,1,1,2,6,0,0,0,0,0,0,56,10694,55.0,5,0,0,1,0,0,0,0,1,0
82800.0,0,0,23,1006.0,22.0,115,59.0,68.0,45.0,1,7,6,12,3,0,0,1,1,0,0,96,10942,1315.0,26,2,0,0,0,1,0,1,0,0
54803.0,0,1,65,404.0,0.0,92,28.0,27.0,142.0,2,6,2,9,4,0,0,0,0,0,0,73,11037,693.0,19,0,0,1,0,0,0,1,0,0
17003.0,1,0,37,2.0,5.0,12,4.0,8.0,7.0,3,2,0,4,5,0,0,0,0,0,0,67,10562,38.0,9,0,0,0,0,0,1,0,0,0
40521.0,1,1,82,12.0,0.0,5,0.0,0.0,4.0,1,0,1,2,5,0,0,0,0,0,0,74,10810,21.0,4,0,0,1,0,0,0,0,1,0
65308.0,0,0,60,713.0,0.0,264,120.0,80.0,34.0,1,7,8,12,4,0,0,1,1,0,0,69,10651,1211.0,28,2,0,1,0,0,1,0,0,0
21955.0,1,0,81,5.0,1.0,7,17.0,14.0,11.0,2,2,1,3,6,0,0,0,0,0,0,56,10655,55.0,8,0,0,0,0,0,1,0,0,0
84865.0,0,0,1,1248.0,16.0,349,43.0,16.0,16.0,1,2,4,9,4,0,1,1,1,1,0,81,10776,1688.0,16,4,0,0,0,1,0,1,0,0
73448.0,0,0,10,236.0,106.0,189,23.0,41.0,130.0,1,7,2,9,4,0,0,0,0,0,0,73,10499,725.0,19,0,0,1,0,0,1,0,0,0
28320.0,0,1,68,19.0,1.0,14,3.0,2.0,4.0,1,1,0,3,8,0,0,0,0,0,0,92,10891,43.0,5,0,0,1,0,0,0,0,1,0
23763.0,1,0,64,22.0,0.0,6,6.0,2.0,6.0,1,1,0,3,7,0,0,0,0,0,0,65,11051,42.0,5,0,0,1,0,0,0,1,0,0
23748.0,1,0,97,6.0,6.0,29,12.0,15.0,8.0,3,2,1,3,8,0,0,0,0,0,0,74,10945,76.0,9,0,0,0,1,0,0,0,0,0
75702.0,0,1,87,1073.0,0.0,629,145.0,37.0,37.0,1,10,5,13,6,0,0,1,0,0,0,68,10983,1921.0,29,1,0,1,0,0,0,0,1,0
67369.0,0,1,81,1298.0,0.0,70,37.0,14.0,42.0,4,7,4,10,4,0,1,1,0,0,0,73,10949,1461.0,25,2,0,0,1,0,0,0,0,1
31353.0,1,1,24,10.0,0.0,10,3.0,1.0,7.0,2,1,1,2,8,0,0,0,0,0,0,65,10542,31.0,6,0,0,1,0,0,1,0,0,0
18701.0,1,1,95,12.0,4.0,2,10.0,6.0,10.0,4,2,0,4,5,0,0,0,0,0,0,78,10750,44.0,10,0,0,1,0,0,0,1,0,0
76320.0,0,1,49,526.0,35.0,214,69.0,53.0,35.0,2,6,3,4,2,0,0,0,0,0,0,83,10367,932.0,15,0,0,1,0,0,0,0,0,1
35701.0,0,0,36,21.0,1.0,9,7.0,3.0,5.0,1,1,0,3,6,0,0,0,0,0,0,83,10827,46.0,5,0,0,1,0,0,1,0,0,0
75236.0,0,1,27,438.0,66.0,400,12.0,38.0,114.0,1,8,3,13,4,0,0,0,0,0,0,78,10576,1068.0,25,0,0,1,0,0,1,0,0,0
39791.0,0,1,89,85.0,15.0,27,13.0,13.0,21.0,2,3,1,4,7,0,0,0,0,0,0,71,10818,174.0,10,0,0,0,1,0,1,0,0,0
66664.0,0,0,78,398.0,96.0,447,220.0,96.0,32.0,1,5,7,6,3,0,0,0,0,0,0,60,11002,1289.0,19,0,0,0,0,0,0,0,1,0
44155.0,1,1,24,22.0,1.0,9,0.0,0.0,14.0,1,1,1,2,4,0,0,0,0,0,0,85,10521,46.0,5,0,0,0,0,1,1,0,0,0
82032.0,0,0,54,332.0,194.0,377,149.0,125.0,57.0,0,4,6,7,1,0,0,0,0,0,0,94,10445,1234.0,17,0,0,0,0,1,0,0,0,1
65706.0,0,0,77,918.0,10.0,129,13.0,0.0,129.0,1,11,3,12,7,0,1,1,0,1,0,72,10726,1199.0,27,3,0,0,0,0,0,0,0,0
69932.0,0,1,97,412.0,172.0,153,150.0,105.0,57.0,2,7,6,11,4,0,0,0,0,0,0,78,10742,1049.0,26,0,0,1,0,0,0,0,0,0
46610.0,0,0,4,288.0,10.0,30,4.0,10.0,125.0,1,6,1,6,6,0,0,0,0,0,0,84,10706,467.0,14,0,0,1,0,0,0,0,1,0
69719.0,0,0,99,273.0,86.0,208,177.0,14.0,43.0,1,2,3,5,1,0,0,0,0,0,0,68,10394,801.0,11,0,0,1,0,0,0,1,0,0
77376.0,1,1,72,492.0,19.0,110,16.0,12.0,12.0,4,6,3,10,4,0,0,0,0,0,0,86,10410,661.0,23,0,0,0,0,1,0,0,1,0
60544.0,1,1,92,201.0,2.0,43,3.0,5.0,35.0,4,5,1,5,6,0,0,0,0,0,0,81,11033,289.0,15,0,0,1,0,0,1,0,0,0
55914.0,0,1,32,384.0,60.0,364,119.0,101.0,232.0,4,11,6,8,7,0,0,0,0,0,0,67,10786,1260.0,29,0,0,1,0,0,0,0,1,0
59666.0,1,1,87,623.0,53.0,178,23.0,17.0,133.0,7,3,2,8,8,0,1,0,0,0,0,70,10824,1027.0,20,1,0,1,0,0,1,0,0,0
31859.0,1,0,3,3.0,4.0,7,15.0,8.0,11.0,1,1,0,3,7,0,0,0,0,0,0,62,10482,48.0,5,0,0,0,0,0,0,1,0,0
81741.0,0,0,75,249.0,153.0,940,58.0,134.0,38.0,0,6,6,7,2,0,0,0,0,0,0,62,10738,1572.0,19,0,0,1,0,0,0,1,0,0
69283.0,0,1,41,674.0,62.0,134,0.0,26.0,8.0,4,7,3,13,5,0,0,0,0,0,0,67,10375,904.0,27,0,0,0,0,1,1,0,0,0
33955.0,1,0,92,100.0,2.0,128,23.0,7.0,10.0,4,5,1,5,8,0,0,0,0,0,0,67,10684,270.0,15,0,0,1,0,0,0,1,0,0
36301.0,1,0,53,11.0,12.0,35,3.0,5.0,12.0,1,3,0,3,7,0,0,0,0,0,0,66,10607,78.0,7,0,0,0,0,0,0,0,1,0
51813.0,1,1,37,51.0,2.0,7,0.0,1.0,2.0,2,2,0,3,7,0,0,0,0,0,0,70,10804,63.0,7,0,0,1,0,0,0,0,0,0
30833.0,1,1,33,11.0,0.0,7,3.0,1.0,6.0,2,1,0,3,5,0,0,0,0,0,0,91,10708,28.0,6,0,0,1,0,0,1,0,0,0
35340.0,1,1,1,27.0,0.0,12,0.0,1.0,5.0,2,2,0,3,5,0,0,0,0,0,0,86,10360,45.0,7,0,0,0,0,1,0,0,0,1
78427.0,0,0,36,972.0,19.0,595,180.0,26.0,138.0,3,3,7,10,3,0,0,0,1,0,0,94,10973,1930.0,23,1,0,0,1,0,0,0,0,1
70123.0,0,0,27,1308.0,0.0,396,23.0,0.0,0.0,1,5,7,4,3,0,1,0,0,1,0,59,10634,1727.0,17,2,0,0,0,1,0,0,1,0
55412.0,1,1,65,10.0,5.0,28,11.0,1.0,8.0,1,2,0,3,5,0,0,0,0,0,0,66,10579,63.0,6,0,0,0,0,1,0,0,0,0
38452.0,1,1,62,56.0,0.0,14,0.0,0.0,2.0,3,3,0,3,7,0,0,0,0,0,0,87,10451,72.0,9,0,0,0,1,0,1,0,0,0
36864.0,0,1,53,204.0,5.0,39,17.0,0.0,25.0,3,5,2,4,8,0,0,0,0,0,0,85,11045,290.0,14,0,0,1,0,0,0,1,0,0
63943.0,0,1,50,423.0,184.0,368,13.0,97.0,21.0,1,6,4,6,5,0,0,0,0,0,0,86,11025,1106.0,17,0,0,1,0,0,1,0,0,0
30843.0,1,1,43,24.0,0.0,2,0.0,0.0,9.0,2,1,1,2,5,1,0,0,0,0,0,76,10394,35.0,6,1,0,0,0,1,0,0,1,0
71427.0,2,0,26,212.0,123.0,177,15.0,64.0,23.0,2,8,2,8,4,0,0,0,0,0,0,64,10469,614.0,20,0,0,1,0,0,1,0,0,0
6835.0,0,1,76,107.0,2.0,12,2.0,2.0,12.0,0,0,0,1,20,0,0,0,0,0,0,85,10928,137.0,1,0,0,0,0,1,0,0,1,0
38175.0,1,0,6,70.0,6.0,69,2.0,3.0,3.0,3,3,1,4,7,0,0,0,0,0,0,58,10639,153.0,11,0,0,0,0,1,1,0,0,0
54348.0,1,1,51,70.0,0.0,16,0.0,0.0,4.0,2,2,0,4,6,0,0,0,0,0,0,89,10381,90.0,8,0,0,0,1,0,1,0,0,0
34961.0,1,0,77,45.0,2.0,26,4.0,1.0,1.0,3,3,1,3,7,0,0,0,0,0,0,69,10370,79.0,10,0,0,1,0,0,1,0,0,0
34230.0,1,1,72,15.0,0.0,4,0.0,0.0,2.0,1,1,0,2,7,0,0,0,0,0,0,77,10910,21.0,4,0,0,0,0,1,0,0,1,0
42731.0,1,0,64,159.0,2.0,51,6.0,2.0,24.0,3,4,1,5,5,0,0,0,0,0,0,73,10611,244.0,13,0,0,0,0,1,0,0,1,0
62882.0,0,1,26,509.0,133.0,497,78.0,24.0,97.0,2,7,5,6,4,0,0,0,0,0,0,73,11049,1338.0,20,0,0,1,0,0,0,0,1,0
51550.0,0,1,96,231.0,65.0,196,38.0,71.0,124.0,1,6,5,7,4,0,0,0,0,0,0,79,10682,725.0,19,0,0,1,0,0,1,0,0,0
80617.0,0,0,42,594.0,51.0,631,72.0,55.0,32.0,1,4,6,8,2,0,0,0,0,0,0,47,10985,1435.0,19,0,0,0,0,0,0,1,0,0
46772.0,0,1,88,350.0,104.0,189,197.0,151.0,57.0,6,11,8,5,8,1,0,0,0,0,0,67,10959,1048.0,30,1,0,0,0,0,0,0,1,0
27100.0,1,0,64,12.0,0.0,13,2.0,0.0,10.0,1,1,0,3,7,0,0,0,0,0,0,59,10810,37.0,5,0,0,0,1,0,1,0,0,0
78468.0,0,0,29,434.0,22.0,388,104.0,22.0,34.0,1,10,7,10,4,0,0,0,1,0,0,82,10441,1004.0,28,1,0,1,0,0,0,0,1,0
52203.0,0,0,36,488.0,21.0,238,56.0,108.0,28.0,1,8,7,11,6,0,0,0,0,0,0,92,11058,939.0,27,0,0,0,0,0,0,0,1,0
64590.0,0,0,98,920.0,138.0,168,36.0,46.0,30.0,1,9,4,10,6,0,0,0,0,0,0,74,10983,1338.0,24,0,0,1,0,0,1,0,0,0
42767.0,2,0,53,20.0,6.0,43,19.0,5.0,38.0,1,3,1,2,8,0,0,0,0,0,0,71,10774,131.0,7,0,0,0,0,1,0,1,0,0
22634.0,0,0,47,2.0,23.0,11,8.0,6.0,46.0,1,2,1,2,8,0,0,0,0,0,0,76,10889,96.0,6,0,1,0,0,0,0,0,1,0
63887.0,0,1,38,897.0,23.0,207,15.0,11.0,92.0,5,9,6,12,6,0,0,0,0,0,0,80,11019,1245.0,32,0,0,1,0,0,0,0,0,0
69759.0,0,0,38,452.0,20.0,514,13.0,30.0,0.0,3,4,6,5,3,0,0,0,0,0,0,76,10604,1029.0,18,0,0,0,0,1,0,1,0,0
42586.0,1,1,7,194.0,2.0,56,0.0,0.0,0.0,5,4,1,6,8,0,0,0,0,0,0,87,10968,252.0,16,0,0,1,0,0,0,0,1,0
20587.0,1,0,39,2.0,3.0,6,4.0,1.0,9.0,1,1,1,2,7,0,0,0,0,0,0,72,10409,25.0,5,0,0,1,0,0,0,1,0,0
42160.0,1,1,26,48.0,9.0,45,3.0,15.0,20.0,4,2,1,4,6,0,0,0,0,0,0,67,10726,140.0,11,0,0,1,0,0,0,1,0,0
52614.0,0,1,63,789.0,0.0,142,12.0,9.0,38.0,2,2,4,8,8,0,0,0,0,0,0,67,10935,990.0,16,0,0,0,0,1,0,1,0,0
42473.0,1,1,72,93.0,1.0,21,0.0,4.0,25.0,3,2,1,4,5,0,0,0,0,0,0,66,10492,144.0,10,0,0,0,0,1,0,1,0,0
80184.0,0,0,19,1035.0,134.0,670,25.0,38.0,0.0,1,6,3,10,3,0,0,1,1,0,0,98,10480,1902.0,20,2,0,0,1,0,1,0,0,0
51111.0,1,1,83,22.0,0.0,19,6.0,5.0,3.0,2,2,0,3,6,0,0,0,0,0,0,61,10370,55.0,7,0,0,0,0,0,1,0,0,0
55759.0,0,1,84,675.0,0.0,85,10.0,7.0,77.0,5,10,3,8,8,0,0,0,0,0,0,80,10938,854.0,26,0,0,1,0,0,1,0,0,0
26868.0,1,0,52,0.0,0.0,1,8.0,3.0,2.0,1,1,0,2,7,0,0,0,0,0,0,51,10420,14.0,4,0,1,0,0,0,0,1,0,0
71107.0,0,1,61,533.0,10.0,217,198.0,174.0,195.0,2,7,6,13,4,0,0,0,0,0,0,91,10857,1327.0,28,0,0,1,0,0,1,0,0,0
92533.0,0,0,84,693.0,21.0,118,110.0,147.0,42.0,1,6,5,11,2,0,0,1,1,0,0,57,10552,1131.0,23,2,0,1,0,0,1,0,0,0
50611.0,0,1,98,459.0,0.0,24,6.0,0.0,4.0,6,4,5,7,6,0,1,0,0,0,0,82,10993,493.0,22,1,0,0,0,1,0,0,0,0
46463.0,1,1,56,163.0,2.0,40,8.0,11.0,11.0,7,3,1,6,6,0,0,0,0,0,0,71,10675,235.0,17,0,0,0,0,1,1,0,0,0
47682.0,0,1,80,162.0,61.0,83,97.0,57.0,61.0,4,4,3,8,5,0,0,0,0,0,0,67,10859,521.0,19,0,0,0,0,0,0,0,0,1
69109.0,0,0,10,823.0,25.0,459,124.0,29.0,95.0,1,6,6,7,4,0,0,1,0,0,0,60,10957,1555.0,20,1,0,1,0,0,1,0,0,0
70287.0,0,0,30,295.0,35.0,482,121.0,120.0,40.0,1,5,5,10,3,0,0,0,0,0,0,76,10813,1093.0,21,0,0,1,0,0,0,0,0,0
15038.0,1,0,93,4.0,8.0,11,19.0,12.0,26.0,2,2,1,2,9,0,0,0,0,0,0,55,10876,80.0,7,0,1,0,0,0,0,1,0,0
21024.0,0,0,89,36.0,4.0,18,6.0,2.0,18.0,1,2,0,4,7,0,0,0,0,0,0,66,10720,84.0,7,0,0,0,1,0,0,0,1,0
53367.0,1,1,2,229.0,7.0,140,10.0,3.0,11.0,7,5,1,8,7,0,0,0,0,0,0,68,10662,400.0,21,0,0,0,1,0,0,0,0,0
13084.0,0,0,29,2.0,0.0,7,3.0,7.0,10.0,1,1,0,3,6,0,0,0,0,0,0,90,10599,29.0,5,0,1,0,0,0,0,0,1,0
75774.0,1,0,27,340.0,21.0,134,258.0,14.0,56.0,1,7,5,8,4,0,0,0,0,0,0,61,10418,823.0,21,0,0,0,0,0,0,0,1,0
66373.0,1,1,57,328.0,9.0,124,12.0,24.0,109.0,7,4,2,10,3,0,0,0,0,0,0,64,10742,606.0,23,0,0,1,0,0,1,0,0,0
64413.0,0,1,27,200.0,5.0,44,0.0,10.0,20.0,1,5,1,5,5,0,0,0,0,0,0,72,10692,279.0,12,0,0,0,0,1,0,0,1,0
65665.0,0,1,77,225.0,162.0,387,106.0,36.0,29.0,1,5,10,8,3,0,0,0,0,0,0,66,10569,945.0,24,0,0,1,0,0,1,0,0,0
88347.0,0,0,32,1050.0,178.0,555,77.0,138.0,118.0,1,4,7,9,1,0,0,0,1,0,0,81,10721,2116.0,21,1,0,1,0,0,0,0,1,0
33996.0,0,0,46,40.0,2.0,15,8.0,0.0,6.0,1,1,1,3,4,0,0,0,0,0,0,53,10651,71.0,6,0,0,0,0,1,0,1,0,0
36802.0,1,0,23,16.0,1.0,2,0.0,0.0,1.0,1,1,0,3,5,0,0,0,0,0,0,62,10373,20.0,5,0,0,0,0,1,0,1,0,0
43142.0,1,1,84,5.0,1.0,7,2.0,1.0,4.0,1,1,0,2,7,0,0,0,0,0,0,73,10491,20.0,4,0,0,0,1,0,1,0,0,0
42033.0,1,1,95,11.0,1.0,4,2.0,0.0,7.0,1,1,0,2,7,0,0,0,0,0,0,71,11008,25.0,4,0,0,0,0,0,0,0,1,0
36038.0,1,0,82,23.0,0.0,15,0.0,2.0,7.0,2,3,0,3,6,0,0,0,0,0,0,61,10754,47.0,8,0,0,0,0,1,0,1,0,0
23331.0,1,0,92,5.0,36.0,7,0.0,10.0,45.0,2,3,0,3,8,0,0,0,0,0,0,54,11023,103.0,8,0,0,0,0,0,1,0,0,0
17688.0,1,0,82,2.0,2.0,1,3.0,1.0,2.0,1,1,0,2,8,0,0,0,0,0,1,63,10892,11.0,4,0,0,1,0,0,1,0,0,0
19789.0,1,0,24,2.0,5.0,9,28.0,6.0,28.0,3,2,1,3,5,1,0,0,0,0,0,67,10581,78.0,9,1,0,0,0,0,0,0,1,0
41039.0,0,0,32,34.0,11.0,137,179.0,61.0,45.0,1,8,1,5,8,0,0,0,0,0,0,60,10699,467.0,15,0,0,0,0,0,0,0,1,0
83837.0,0,0,79,847.0,66.0,119,86.0,89.0,111.0,1,9,10,5,4,0,1,0,1,0,0,94,10920,1318.0,25,2,0,0,0,1,1,0,0,0
79607.0,0,0,37,450.0,133.0,951,173.0,0.0,216.0,1,3,6,6,1,0,0,0,0,0,0,58,10794,1923.0,16,0,0,1,0,0,0,1,0,0
43638.0,0,1,37,63.0,10.0,83,7.0,19.0,19.0,2,4,1,4,7,0,0,0,0,0,0,73,11052,201.0,11,0,0,1,0,0,0,0,0,1
65169.0,0,0,23,1074.0,0.0,69,0.0,0.0,46.0,1,10,4,13,6,1,0,1,1,1,0,60,10526,1189.0,28,4,0,1,0,0,1,0,0,0
46910.0,1,1,36,48.0,0.0,14,0.0,0.0,6.0,2,2,0,3,6,0,0,0,0,0,0,78,10458,68.0,7,0,0,0,0,1,0,0,1,0
77520.0,0,1,30,940.0,44.0,396,0.0,88.0,58.0,1,8,7,7,4,1,0,1,1,0,0,83,10665,1526.0,23,3,0,0,1,0,1,0,0,0
66373.0,1,1,57,328.0,9.0,124,12.0,24.0,109.0,7,4,2,10,3,0,0,0,0,0,0,64,10742,606.0,23,0,0,1,0,0,1,0,0,0
45146.0,1,1,28,33.0,0.0,5,0.0,0.0,15.0,2,1,1,2,4,0,0,0,0,0,0,79,10709,53.0,6,0,0,1,0,0,0,0,0,0
63159.0,0,0,74,965.0,34.0,586,89.0,86.0,37.0,1,3,5,8,3,1,0,0,0,0,0,68,10961,1797.0,17,1,0,0,0,1,0,1,0,0
28389.0,0,0,49,1.0,5.0,3,7.0,4.0,8.0,1,1,0,2,7,0,0,0,0,0,0,95,10946,28.0,4,0,1,0,0,0,0,0,1,0
27038.0,0,0,64,1.0,26.0,25,17.0,23.0,15.0,1,3,0,3,9,0,0,0,0,0,0,76,11009,107.0,7,0,0,1,0,0,0,0,0,1
30096.0,1,0,30,5.0,3.0,11,12.0,5.0,9.0,1,2,0,3,6,0,0,0,0,0,0,59,10398,45.0,6,0,0,1,0,0,1,0,0,0
29009.0,1,0,19,6.0,6.0,15,10.0,5.0,2.0,2,2,0,3,6,0,0,0,0,0,0,61,10572,44.0,7,0,0,1,0,0,1,0,0,0
54162.0,1,1,31,5.0,6.0,10,6.0,5.0,25.0,1,1,0,3,4,0,0,0,0,0,0,64,10828,57.0,5,0,0,1,0,0,0,0,0,1
38829.0,0,1,86,76.0,0.0,7,0.0,0.0,16.0,1,3,2,2,5,0,0,0,0,0,0,83,10444,99.0,8,0,0,0,0,1,1,0,0,0
70179.0,0,1,10,532.0,88.0,168,69.0,44.0,133.0,3,7,3,13,5,0,0,0,0,0,0,66,10703,1034.0,26,0,0,0,0,1,0,0,0,0
40344.0,0,1,48,210.0,0.0,6,0.0,0.0,2.0,2,4,1,5,7,0,0,0,0,0,0,68,10619,218.0,12,0,0,0,0,1,1,0,0,0
30522.0,0,1,6,179.0,8.0,83,19.0,11.0,25.0,5,1,2,9,2,0,0,0,0,0,0,82,11041,325.0,17,0,0,0,1,0,1,0,0,0
62972.0,0,1,39,313.0,15.0,47,20.0,0.0,192.0,2,7,4,3,6,0,0,0,0,0,0,87,11055,587.0,16,0,0,0,0,0,1,0,0,0
56962.0,2,1,60,292.0,3.0,77,10.0,3.0,26.0,7,6,3,5,7,0,0,0,0,0,0,77,10621,411.0,21,0,0,0,1,0,1,0,0,0
58398.0,0,0,44,299.0,5.0,201,21.0,21.0,49.0,3,5,4,8,4,0,0,0,0,0,0,89,10771,596.0,20,0,0,1,0,0,0,0,1,0
78285.0,0,0,13,647.0,107.0,391,175.0,67.0,40.0,1,6,4,10,3,0,0,0,0,0,0,54,10604,1427.0,21,0,0,0,1,0,1,0,0,0
23559.0,1,0,87,25.0,5.0,19,7.0,0.0,23.0,3,3,0,3,7,0,0,0,0,0,0,69,10721,79.0,9,0,0,0,0,0,1,0,0,0
71853.0,0,0,29,358.0,108.0,413,141.0,97.0,32.0,1,2,8,6,1,0,0,0,0,0,0,60,10777,1149.0,17,0,0,1,0,0,0,0,1,0
74806.0,0,1,1,670.0,9.0,249,0.0,28.0,9.0,2,5,4,5,4,0,0,0,0,0,0,77,10917,965.0,16,0,0,0,1,0,1,0,0,0
59385.0,1,1,85,135.0,0.0,10,0.0,4.0,36.0,2,3,1,4,5,0,0,0,0,0,0,91,10787,185.0,10,0,0,0,1,0,0,0,1,0
74190.0,0,1,49,151.0,81.0,86,168.0,91.0,64.0,2,4,2,11,2,0,0,0,0,0,0,67,10408,641.0,19,0,0,1,0,0,1,0,0,0
63246.0,0,2,60,593.0,30.0,91,29.0,22.0,7.0,1,6,3,12,4,0,0,0,0,0,0,75,10673,772.0,22,0,0,0,0,1,1,0,0,0
31086.0,1,1,79,16.0,2.0,11,3.0,0.0,16.0,2,1,1,2,8,1,0,0,0,0,0,63,10781,48.0,6,1,0,0,0,0,1,0,0,0
73926.0,0,0,54,627.0,91.0,597,159.0,91.0,15.0,1,6,5,12,3,0,0,0,0,0,0,69,10844,1580.0,24,0,0,1,0,0,0,0,1,0
91172.0,0,0,94,162.0,28.0,818,0.0,28.0,56.0,0,4,3,7,3,1,0,1,1,1,0,52,10819,1092.0,14,4,0,0,1,0,0,1,0,0
75507.0,0,0,56,709.0,93.0,374,104.0,80.0,80.0,1,8,6,6,3,0,0,0,0,0,0,63,10418,1440.0,21,0,0,1,0,0,0,0,1,0
37717.0,1,0,31,9.0,0.0,6,4.0,1.0,5.0,1,1,0,2,9,0,0,0,0,0,0,64,10943,25.0,4,0,0,0,0,1,1,0,0,0
48918.0,1,1,21,52.0,0.0,9,0.0,0.0,25.0,2,1,0,4,4,0,0,0,0,0,0,79,10438,86.0,7,0,0,0,0,1,0,1,0,0
30023.0,1,0,28,11.0,0.0,16,7.0,6.0,21.0,1,2,0,3,8,0,0,0,0,0,0,70,10457,61.0,6,0,0,1,0,0,1,0,0,0
47025.0,0,1,52,254.0,7.0,108,20.0,0.0,26.0,3,6,3,5,6,0,0,0,0,0,0,66,10594,415.0,17,0,0,1,0,0,0,1,0,0
77297.0,0,0,84,408.0,61.0,109,48.0,122.0,41.0,1,5,7,9,4,0,0,0,1,0,0,85,10879,789.0,22,1,0,0,0,0,0,0,0,0
90638.0,0,0,29,1156.0,120.0,915,94.0,144.0,96.0,1,3,4,10,1,0,0,1,0,0,0,51,10496,2525.0,18,1,0,0,1,0,0,1,0,0
83715.0,0,0,2,318.0,8.0,407,150.0,35.0,8.0,1,2,8,13,0,0,0,0,0,0,0,80,10506,926.0,24,0,0,1,0,0,1,0,0,0
46390.0,0,1,56,95.0,14.0,64,2.0,9.0,38.0,1,4,2,3,7,0,0,0,0,0,0,87,10415,222.0,10,0,0,0,1,0,0,0,0,0
36145.0,1,0,13,56.0,4.0,76,17.0,1.0,18.0,4,4,1,3,9,1,0,0,0,0,0,57,10738,172.0,12,1,0,0,0,0,1,0,0,0
69930.0,0,0,21,252.0,98.0,827,219.0,70.0,196.0,1,4,5,12,3,0,0,0,0,0,0,71,10759,1662.0,22,0,0,1,0,0,0,0,1,0
40246.0,1,0,68,2.0,1.0,6,2.0,1.0,1.0,1,1,0,2,6,0,0,0,0,0,0,65,10917,13.0,4,0,0,1,0,0,0,0,0,0
31163.0,1,0,54,2.0,3.0,10,11.0,2.0,10.0,1,1,0,3,6,0,0,0,0,0,0,69,10496,38.0,5,0,0,0,0,0,0,0,0,0
71113.0,0,1,95,495.0,33.0,255,11.0,33.0,8.0,4,6,7,9,4,0,0,0,0,0,0,85,10554,835.0,26,0,0,1,0,0,1,0,0,0
86111.0,0,0,73,399.0,28.0,756,36.0,40.0,126.0,1,5,7,10,2,0,0,0,0,0,0,80,10796,1385.0,23,0,0,1,0,0,1,0,0,0
63777.0,1,1,87,457.0,5.0,106,15.0,17.0,53.0,8,11,1,6,8,0,0,0,0,0,0,63,10822,653.0,26,0,0,1,0,0,1,0,0,0
31089.0,1,0,57,31.0,3.0,31,2.0,8.0,4.0,3,3,0,4,8,0,0,0,0,0,0,61,11041,79.0,10,0,0,1,0,0,0,0,1,0
38232.0,1,1,84,43.0,5.0,28,7.0,6.0,33.0,4,3,1,3,5,0,0,0,0,0,0,71,10523,122.0,11,0,0,1,0,0,0,0,1,0
83528.0,0,0,7,530.0,117.0,678,134.0,44.0,147.0,1,4,10,8,1,1,0,0,1,0,0,50,10419,1650.0,23,2,0,1,0,0,0,1,0,0
56242.0,0,1,72,689.0,8.0,167,11.0,8.0,88.0,5,8,4,11,6,0,0,0,0,0,0,73,10843,971.0,28,0,0,0,0,1,1,0,0,0
79632.0,0,0,42,471.0,0.0,510,99.0,21.0,12.0,1,6,4,9,2,0,0,0,0,0,0,68,10442,1113.0,20,0,0,0,0,1,0,0,1,0
22507.0,0,0,67,68.0,0.0,226,51.0,157.0,25.0,3,10,2,4,9,0,0,0,0,0,0,88,10942,527.0,19,0,0,1,0,0,0,1,0,0
65486.0,0,1,29,245.0,19.0,125,37.0,67.0,14.0,1,4,2,10,2,0,0,0,0,0,0,85,10408,507.0,17,0,0,1,0,0,0,0,0,1
48006.0,1,1,55,23.0,0.0,11,3.0,2.0,2.0,1,1,0,3,6,0,0,0,0,0,0,77,10380,41.0,5,0,0,1,0,0,1,0,0,0
46923.0,1,0,90,85.0,44.0,54,102.0,78.0,6.0,3,5,1,7,7,0,0,0,0,0,0,55,11036,369.0,16,0,0,1,0,0,0,1,0,0
36959.0,1,0,56,25.0,6.0,25,6.0,0.0,0.0,2,2,0,3,8,0,0,0,0,0,0,61,10630,62.0,7,0,0,0,1,0,1,0,0,0
60491.0,0,1,81,637.0,47.0,237,12.0,19.0,76.0,4,6,11,7,5,0,0,0,0,0,0,71,10656,1028.0,28,0,0,0,0,1,1,0,0,0
62670.0,0,1,57,539.0,30.0,92,80.0,46.0,38.0,1,5,3,13,3,0,0,0,0,0,0,88,10507,825.0,22,0,0,0,0,1,1,0,0,0
24401.0,0,0,98,73.0,28.0,217,10.0,24.0,115.0,3,6,1,6,8,0,0,0,0,0,0,63,11027,467.0,16,0,0,0,1,0,0,0,1,0
46097.0,0,1,11,72.0,24.0,68,65.0,4.0,8.0,5,3,1,6,4,0,0,0,0,0,0,86,10815,241.0,15,0,0,1,0,0,0,0,1,0
80812.0,0,0,95,769.0,22.0,500,210.0,143.0,33.0,1,4,8,5,2,1,0,1,1,0,0,89,10645,1677.0,18,3,0,1,0,0,0,0,1,0
71367.0,0,0,24,227.0,23.0,389,42.0,21.0,75.0,1,4,5,7,2,0,0,0,0,0,0,83,10670,777.0,17,0,0,1,0,0,0,0,1,0
64260.0,0,0,1,539.0,169.0,816,20.0,0.0,30.0,1,4,5,4,3,0,0,0,0,0,0,81,10894,1574.0,14,0,0,1,0,0,0,0,1,0
33454.0,1,0,32,76.0,10.0,56,3.0,1.0,23.0,2,4,0,4,8,0,0,0,0,0,0,57,10777,169.0,10,0,0,0,0,1,1,0,0,0
61825.0,0,1,56,162.0,50.0,100,55.0,30.0,27.0,1,4,2,8,4,0,0,0,0,0,0,63,10686,424.0,15,0,0,1,0,0,0,1,0,0
52597.0,0,1,69,492.0,0.0,37,7.0,0.0,42.0,3,6,3,8,5,0,0,0,0,0,0,80,10413,578.0,20,0,0,0,0,1,0,1,0,0
55158.0,1,1,72,293.0,0.0,87,4.0,11.0,23.0,4,7,2,5,7,0,0,0,0,0,0,72,11059,418.0,18,0,0,0,0,1,1,0,0,0
59292.0,0,1,71,378.0,14.0,68,19.0,14.0,14.0,2,3,5,8,3,0,0,0,0,0,0,92,10741,507.0,18,0,0,0,0,1,0,0,1,0
38725.0,1,1,52,31.0,0.0,6,2.0,1.0,5.0,2,1,0,4,4,0,0,0,0,0,0,87,10410,45.0,7,0,0,0,0,1,1,0,0,0
23957.0,1,0,47,2.0,1.0,18,20.0,11.0,16.0,1,2,0,3,6,0,0,0,0,0,0,67,10969,68.0,6,0,0,1,0,0,1,0,0,0
36957.0,1,1,43,100.0,2.0,16,2.0,1.0,25.0,4,3,2,2,9,0,0,0,0,0,0,89,11021,146.0,11,0,0,0,0,1,0,0,0,0
42011.0,1,0,46,131.0,0.0,16,2.0,1.0,39.0,4,3,1,4,8,0,0,0,0,0,0,64,10820,189.0,12,0,0,1,0,0,0,0,1,0
57247.0,0,1,50,99.0,4.0,32,37.0,54.0,6.0,2,2,1,7,2,0,0,0,0,0,0,90,10685,232.0,12,0,0,0,0,0,0,0,1,0
66565.0,0,1,80,747.0,10.0,161,65.0,40.0,42.0,4,4,2,9,8,0,0,0,0,0,0,80,10931,1065.0,19,0,0,1,0,0,0,1,0,0
68148.0,0,0,86,389.0,66.0,408,37.0,57.0,85.0,1,4,4,6,2,0,0,0,0,0,0,85,10662,1042.0,15,0,0,0,1,0,0,0,1,0
48178.0,1,1,69,159.0,4.0,45,6.0,2.0,38.0,6,5,1,4,8,0,0,0,0,0,0,67,10969,254.0,16,0,0,1,0,0,1,0,0,0
51039.0,1,1,11,100.0,64.0,79,65.0,0.0,109.0,2,6,2,4,7,0,0,0,0,0,0,73,10926,417.0,14,0,0,0,0,1,1,0,0,0
41713.0,1,1,57,77.0,8.0,44,10.0,10.0,25.0,5,3,1,4,6,0,0,0,0,0,0,78,10421,174.0,13,0,0,0,0,0,0,0,0,0
34176.0,1,0,12,5.0,7.0,24,19.0,14.0,20.0,4,3,0,4,6,0,0,0,0,0,0,54,10408,89.0,11,0,0,1,0,0,0,1,0,0
75330.0,1,1,94,555.0,82.0,257,93.0,61.0,61.0,4,10,3,12,6,0,0,0,0,0,0,65,10993,1109.0,29,0,0,1,0,0,1,0,0,0
67432.0,0,1,69,432.0,79.0,341,177.0,136.0,170.0,2,8,5,4,4,0,0,0,0,0,0,69,10817,1335.0,19,0,0,1,0,0,1,0,0,0
29103.0,1,0,38,16.0,0.0,17,6.0,3.0,6.0,2,1,0,3,9,0,0,0,0,0,0,57,11031,48.0,6,0,0,1,0,0,0,0,1,0
64108.0,0,1,8,948.0,10.0,86,13.0,21.0,21.0,4,6,9,11,5,0,0,0,0,0,0,89,10823,1099.0,30,0,0,0,0,1,0,1,0,0
38452.0,1,1,62,56.0,0.0,14,0.0,0.0,2.0,3,3,0,3,7,0,0,0,0,0,0,87,10451,72.0,9,0,0,0,1,0,1,0,0,0
54809.0,1,1,0,63.0,6.0,57,13.0,13.0,22.0,4,2,1,5,4,0,0,0,0,0,0,65,10651,174.0,12,0,0,1,0,0,1,0,0,0
29760.0,1,0,87,64.0,4.0,68,7.0,5.0,17.0,4,3,1,4,8,0,0,0,0,0,0,57,11029,165.0,12,0,0,1,0,0,0,1,0,0
48789.0,0,0,94,351.0,16.0,156,7.0,5.0,145.0,1,6,4,7,6,0,0,0,0,0,0,50,11017,680.0,18,0,0,1,0,0,0,1,0,0
30983.0,0,0,50,51.0,4.0,50,12.0,1.0,49.0,1,4,0,3,8,0,0,0,0,0,0,79,10957,167.0,8,0,0,1,0,0,0,1,0,0
90933.0,0,0,90,1020.0,31.0,430,62.0,63.0,79.0,1,4,6,4,1,0,0,1,0,0,0,88,10450,1685.0,15,1,0,0,0,1,0,1,0,0
37401.0,1,0,14,19.0,3.0,19,3.0,1.0,3.0,2,2,0,3,7,0,0,0,0,0,0,69,10414,48.0,7,0,0,0,0,1,1,0,0,0
44511.0,1,0,39,513.0,7.0,133,46.0,14.0,25.0,6,8,4,8,8,0,0,0,0,0,0,72,10985,738.0,26,0,0,0,1,0,1,0,0,0
69401.0,0,1,41,399.0,27.0,159,58.0,8.0,39.0,4,4,4,5,2,0,0,0,0,0,0,69,10458,690.0,17,0,0,0,0,0,0,0,1,0
89058.0,0,0,18,454.0,194.0,106,31.0,22.0,43.0,1,5,4,4,2,0,0,0,0,0,0,82,10929,850.0,14,0,0,0,1,0,1,0,0,0
16185.0,1,0,71,5.0,11.0,16,21.0,8.0,45.0,2,2,2,2,8,0,0,0,0,0,0,52,10688,106.0,8,0,1,0,0,0,0,1,0,0
44267.0,1,1,48,183.0,5.0,65,3.0,5.0,49.0,5,5,2,4,9,0,0,0,0,0,0,72,10849,310.0,16,0,0,1,0,0,0,0,0,0
60896.0,0,1,90,1013.0,30.0,399,60.0,46.0,153.0,3,9,10,4,6,0,0,0,0,0,0,78,10986,1701.0,26,0,0,0,0,1,1,0,0,0
67546.0,0,0,90,864.0,134.0,768,150.0,38.0,172.0,1,4,10,5,3,0,0,0,0,0,0,54,11027,2126.0,20,0,0,0,0,1,1,0,0,0
71163.0,0,0,30,283.0,17.0,372,138.0,106.0,44.0,1,3,8,12,1,0,0,0,0,0,0,47,10472,960.0,24,0,0,1,0,0,0,1,0,0
66375.0,0,1,96,712.0,0.0,45,0.0,0.0,191.0,3,2,4,5,7,1,0,0,0,0,0,94,10580,948.0,14,1,0,0,0,1,0,0,1,0
24336.0,1,0,82,1.0,6.0,2,8.0,2.0,12.0,1,1,0,2,7,0,0,0,0,0,0,61,11031,31.0,4,0,0,0,0,0,0,1,0,0
60597.0,0,1,2,522.0,0.0,257,32.0,16.0,66.0,4,2,2,8,7,0,0,0,1,0,0,78,10539,893.0,16,1,0,1,0,0,1,0,0,0
20130.0,0,0,99,0.0,6.0,3,7.0,6.0,12.0,1,1,0,3,8,0,0,0,0,0,0,68,10464,34.0,5,0,0,0,0,0,1,0,0,0
23091.0,1,1,98,35.0,0.0,11,0.0,0.0,2.0,4,2,1,3,7,0,0,0,0,0,0,79,10392,48.0,10,0,0,0,0,1,0,1,0,0
62637.0,0,1,76,104.0,12.0,48,4.0,12.0,5.0,1,2,2,5,2,0,0,0,0,0,0,88,10480,185.0,10,0,0,0,1,0,0,0,0,0
37087.0,1,0,50,194.0,55.0,134,15.0,0.0,3.0,3,4,2,8,6,0,0,0,0,0,0,68,10682,401.0,17,0,0,0,0,1,1,0,0,0
69016.0,0,1,61,726.0,53.0,363,123.0,107.0,161.0,4,8,9,13,5,0,0,0,0,0,0,72,10944,1533.0,34,0,0,1,0,0,1,0,0,0
70356.0,0,0,20,1349.0,16.0,249,43.0,16.0,33.0,2,10,6,9,6,0,0,0,0,0,0,97,10961,1706.0,27,0,0,0,0,1,1,0,0,0
73356.0,0,0,56,1050.0,14.0,322,0.0,14.0,112.0,1,5,11,5,2,1,0,1,1,0,0,58,10503,1512.0,22,3,0,0,0,1,1,0,0,0
40662.0,1,0,0,40.0,2.0,23,0.0,4.0,23.0,2,2,1,3,4,0,0,0,0,0,0,63,10831,92.0,8,0,0,0,1,0,1,0,0,0
62010.0,0,1,93,371.0,22.0,39,6.0,0.0,92.0,4,6,2,7,5,0,0,0,0,0,0,70,10974,530.0,19,0,0,0,0,1,1,0,0,0
49544.0,1,0,0,308.0,0.0,73,0.0,0.0,23.0,2,5,1,8,7,0,0,0,0,0,0,66,10862,404.0,16,0,0,0,0,1,1,0,0,0
68117.0,0,1,80,618.0,44.0,215,0.0,17.0,36.0,2,11,8,4,6,1,0,0,0,0,0,95,10836,930.0,25,1,0,0,0,1,0,0,0,1
30372.0,1,1,33,15.0,0.0,12,7.0,3.0,7.0,3,2,0,3,7,0,0,0,0,0,0,71,10911,44.0,8,0,0,1,0,0,0,0,0,1
22775.0,1,0,40,5.0,1.0,8,0.0,0.0,1.0,1,1,0,2,8,0,0,0,0,0,0,64,10735,15.0,4,0,0,1,0,0,0,0,1,0
90842.0,0,0,57,774.0,70.0,118,182.0,187.0,93.0,1,4,9,13,1,0,0,0,0,0,0,94,10695,1424.0,27,0,0,1,0,0,0,1,0,0
68092.0,0,0,7,852.0,60.0,207,78.0,36.0,48.0,2,2,6,10,5,0,0,0,0,0,0,64,10555,1281.0,20,0,0,0,1,0,0,1,0,0
29315.0,1,1,55,13.0,2.0,14,8.0,7.0,4.0,4,2,0,4,6,0,0,0,0,0,0,82,10444,48.0,10,0,0,1,0,0,1,0,0,0
78901.0,0,1,99,321.0,11.0,309,33.0,26.0,34.0,3,9,3,5,4,0,0,0,0,0,0,69,10645,734.0,20,0,0,1,0,0,0,0,0,0
31814.0,1,0,73,35.0,3.0,20,4.0,1.0,20.0,2,2,0,3,9,1,0,0,0,0,0,69,10865,83.0,7,1,0,1,0,0,1,0,0,0
43050.0,1,0,10,30.0,5.0,24,6.0,3.0,25.0,2,2,0,4,5,0,0,0,0,0,0,69,10463,93.0,8,0,0,0,0,0,1,0,0,0
43057.0,0,1,30,213.0,2.0,44,0.0,2.0,5.0,4,4,2,5,5,0,0,0,0,0,0,67,10602,266.0,15,0,0,1,0,0,1,0,0,0
56981.0,0,0,91,908.0,48.0,217,32.0,12.0,24.0,1,2,3,13,6,0,1,0,0,0,0,61,10515,1241.0,19,1,0,1,0,0,0,0,0,0
86857.0,0,0,96,899.0,102.0,838,133.0,102.0,40.0,1,5,6,10,2,0,0,0,0,0,0,70,11015,2114.0,22,0,0,0,0,1,0,1,0,0
38578.0,1,1,2,38.0,4.0,22,3.0,3.0,3.0,3,3,0,3,8,0,0,0,0,0,0,70,10732,73.0,9,0,0,0,0,1,0,1,0,0
50002.0,0,1,21,443.0,5.0,71,21.0,16.0,82.0,2,8,2,7,7,0,0,0,0,0,0,88,10737,638.0,19,0,0,1,0,0,0,0,0,0
45072.0,1,2,74,144.0,2.0,99,7.0,2.0,30.0,5,6,1,4,8,0,0,0,0,0,0,94,10616,284.0,16,0,0,0,0,1,0,0,0,0
56939.0,0,1,19,256.0,34.0,103,90.0,29.0,49.0,2,3,3,10,3,0,0,0,0,0,0,66,10644,561.0,18,0,0,1,0,0,1,0,0,0
63206.0,0,0,65,750.0,8.0,125,11.0,8.0,26.0,1,4,3,6,2,0,0,1,0,0,0,68,10461,928.0,14,1,0,0,1,0,1,0,0,0
30015.0,1,0,28,25.0,0.0,22,2.0,3.0,5.0,2,1,0,4,5,0,0,0,0,0,0,72,10507,57.0,7,0,0,1,0,0,0,1,0,0
15253.0,1,0,13,1.0,3.0,3,8.0,1.0,13.0,2,1,0,3,7,0,0,0,0,0,0,50,10604,29.0,6,0,1,0,0,0,0,1,0,0
58293.0,1,0,94,173.0,43.0,118,46.0,27.0,15.0,5,5,3,6,5,0,0,0,0,0,0,61,10521,422.0,19,0,0,0,0,1,1,0,0,0
49638.0,0,1,71,18.0,10.0,3,3.0,5.0,0.0,1,1,0,3,2,0,0,0,0,0,0,90,10431,39.0,5,0,0,1,0,0,0,0,0,0
57705.0,0,1,14,383.0,0.0,53,6.0,4.0,40.0,3,8,1,6,6,0,0,0,0,0,0,76,10529,486.0,18,0,0,0,0,1,1,0,0,0
84835.0,0,0,0,189.0,104.0,379,111.0,189.0,218.0,1,4,4,6,1,0,0,0,0,0,0,72,10373,1190.0,15,0,0,1,0,0,0,0,0,0
16581.0,0,0,51,1.0,3.0,4,2.0,3.0,11.0,1,0,0,3,4,0,0,0,0,0,0,57,10893,24.0,4,0,1,0,0,0,0,1,0,0
16813.0,0,0,49,4.0,8.0,11,12.0,2.0,13.0,1,2,0,3,7,1,0,0,0,0,0,92,10705,50.0,6,1,0,1,0,0,0,1,0,0
38887.0,1,0,17,25.0,1.0,13,0.0,0.0,3.0,1,1,0,3,7,0,0,0,0,0,0,70,10479,42.0,5,0,0,0,0,1,0,0,1,0
62466.0,0,1,13,129.0,129.0,259,168.0,121.0,83.0,5,6,3,12,4,0,0,0,0,0,0,72,10525,889.0,26,0,0,0,0,0,1,0,0,0
27803.0,1,0,40,8.0,26.0,46,38.0,9.0,49.0,2,3,0,4,8,0,0,0,0,0,0,69,11032,176.0,9,0,0,1,0,0,1,0,0,0
50616.0,0,1,56,128.0,0.0,16,0.0,1.0,4.0,2,4,0,4,7,0,0,0,0,0,0,74,10432,149.0,10,0,0,0,0,1,0,0,0,0
54432.0,2,1,37,33.0,0.0,5,0.0,0.0,0.0,1,1,0,3,4,0,0,0,0,0,0,92,10776,38.0,5,0,0,0,0,1,1,0,0,0
63381.0,0,1,78,571.0,50.0,142,33.0,50.0,159.0,4,4,5,13,2,0,0,0,0,0,0,82,10992,1005.0,26,0,0,1,0,0,0,0,1,0
73705.0,0,2,86,612.0,91.0,520,258.0,107.0,107.0,2,9,6,8,5,0,0,0,0,0,0,91,10476,1695.0,25,0,0,0,1,0,0,0,0,1
44635.0,1,1,25,56.0,0.0,9,0.0,0.0,3.0,2,2,0,3,7,0,0,0,0,0,0,71,10621,68.0,7,0,0,0,1,0,0,0,0,0
22063.0,1,0,43,7.0,10.0,13,3.0,11.0,11.0,2,2,0,3,7,0,0,0,0,0,0,70,10685,55.0,7,0,0,1,0,0,1,0,0,0
35688.0,2,1,94,73.0,3.0,90,12.0,1.0,32.0,7,4,1,4,8,0,0,0,0,0,0,69,11036,211.0,16,0,0,0,0,0,1,0,0,0
63810.0,0,1,45,977.0,12.0,253,16.0,12.0,101.0,4,4,3,12,8,0,1,0,0,0,0,76,10955,1371.0,23,1,0,1,0,0,0,1,0,0
53312.0,0,0,32,241.0,0.0,12,0.0,0.0,25.0,1,5,1,5,7,0,0,0,0,0,0,91,10684,278.0,12,0,0,0,0,1,1,0,0,0
68682.0,0,0,56,919.0,0.0,505,99.0,30.0,45.0,1,4,9,10,2,0,0,0,0,0,0,51,10626,1598.0,24,0,0,0,0,1,0,0,1,0
65569.0,0,1,96,397.0,46.0,288,20.0,38.0,70.0,2,6,5,10,3,0,0,0,0,0,0,89,10961,859.0,23,0,0,0,1,0,1,0,0,0
52190.0,1,1,39,42.0,0.0,17,0.0,0.0,18.0,3,2,1,3,5,1,0,0,0,0,0,66,10412,77.0,9,1,0,0,0,1,0,0,1,0
94384.0,0,0,62,1111.0,24.0,790,160.0,45.0,172.0,0,5,8,5,2,0,1,1,1,0,0,89,10842,2302.0,18,3,0,1,0,0,0,0,1,0
53154.0,0,1,50,129.0,0.0,21,0.0,1.0,7.0,1,3,1,4,4,0,0,0,0,0,0,83,10380,158.0,9,0,0,1,0,0,1,0,0,0
32233.0,1,0,26,138.0,15.0,35,25.0,11.0,72.0,2,6,2,2,9,1,0,0,0,0,0,68,11039,296.0,12,1,0,1,0,0,0,1,0,0
65333.0,0,1,58,654.0,7.0,92,0.0,15.0,30.0,7,9,4,8,6,0,1,1,0,0,0,69,10523,798.0,28,2,0,1,0,0,0,1,0,0
55284.0,0,1,60,547.0,7.0,140,0.0,7.0,63.0,3,7,5,8,5,0,0,0,0,0,0,86,10912,764.0,23,0,0,0,1,0,0,1,0,0
72071.0,0,1,4,531.0,69.0,300,150.0,138.0,150.0,3,5,4,8,2,0,0,0,0,0,0,88,10860,1338.0,20,0,0,1,0,0,0,0,0,0
82347.0,0,0,38,556.0,54.0,845,202.0,133.0,63.0,1,7,7,10,3,1,0,0,1,0,0,85,10960,1853.0,25,2,0,0,0,0,1,0,0,0
37716.0,0,1,4,97.0,1.0,41,6.0,2.0,25.0,2,4,1,3,7,0,0,0,0,0,0,89,10429,172.0,10,0,0,1,0,0,1,0,0,0
77037.0,0,1,3,463.0,96.0,333,168.0,53.0,10.0,1,7,7,12,3,0,0,0,0,0,0,82,10619,1123.0,27,0,0,0,0,1,1,0,0,0
7500.0,0,1,61,5.0,2.0,3,3.0,0.0,5.0,1,1,0,2,8,0,0,0,0,0,0,63,11029,18.0,4,0,0,1,0,0,1,0,0,0
41021.0,1,0,12,14.0,7.0,9,6.0,16.0,12.0,2,2,0,3,6,0,0,0,0,0,0,73,10906,64.0,7,0,0,0,1,0,0,0,1,0
60554.0,1,0,8,588.0,7.0,76,110.0,15.0,15.0,2,8,4,9,6,0,0,0,0,0,0,67,10684,811.0,23,0,0,0,0,1,0,0,0,0
66731.0,0,1,33,371.0,159.0,194,58.0,106.0,141.0,4,4,3,6,3,0,0,0,0,0,0,72,11015,1029.0,17,0,0,1,0,0,0,0,0,1
30467.0,1,0,8,1.0,3.0,8,2.0,5.0,5.0,1,1,0,2,7,0,0,0,0,0,0,70,10462,24.0,4,0,0,1,0,0,1,0,0,0
53843.0,0,1,64,378.0,0.0,88,19.0,4.0,73.0,4,8,5,3,7,0,0,0,0,0,0,77,10727,562.0,20,0,0,0,1,0,1,0,0,0
23148.0,0,0,83,4.0,6.0,8,6.0,3.0,10.0,1,2,0,3,7,0,0,0,0,0,0,57,10491,37.0,6,0,0,0,0,0,1,0,0,0
84117.0,0,0,60,611.0,76.0,749,59.0,45.0,26.0,1,7,10,6,2,0,0,1,0,0,0,86,10409,1566.0,24,1,0,0,0,1,1,0,0,0
63972.0,0,1,93,928.0,63.0,254,0.0,12.0,12.0,4,5,4,10,4,0,1,0,0,0,0,78,10934,1269.0,23,1,0,0,1,0,0,1,0,0
52914.0,0,1,32,254.0,10.0,44,30.0,10.0,227.0,2,7,3,3,7,1,0,0,0,0,0,71,10898,575.0,15,1,0,1,0,0,1,0,0,0
75345.0,0,0,16,918.0,57.0,842,99.0,38.0,133.0,1,5,8,6,3,0,0,0,1,0,0,72,10872,2087.0,20,1,0,0,1,0,0,1,0,0
79908.0,0,0,30,557.0,129.0,761,29.0,185.0,111.0,1,5,6,7,2,0,0,1,0,0,0,60,10810,1772.0,19,1,0,1,0,0,1,0,0,0
29999.0,1,0,22,68.0,7.0,59,10.0,5.0,11.0,4,3,1,4,8,0,0,0,0,0,0,56,10861,160.0,12,0,0,0,0,1,0,1,0,0
34487.0,1,1,94,19.0,18.0,33,24.0,1.0,8.0,3,3,0,3,9,0,0,0,0,0,0,65,11021,103.0,9,0,0,0,0,1,0,0,0,0
53230.0,0,1,86,176.0,72.0,98,136.0,21.0,229.0,4,5,2,12,5,0,0,0,0,0,0,86,11055,732.0,23,0,0,0,0,0,1,0,0,0
46098.0,1,1,86,57.0,0.0,27,0.0,0.0,36.0,4,3,2,2,8,0,0,0,0,0,0,67,11040,120.0,11,0,0,0,1,0,0,1,0,0
40451.0,0,2,54,35.0,0.0,4,0.0,0.0,10.0,1,1,1,2,5,1,0,0,0,0,0,85,10493,49.0,5,1,0,0,0,1,0,0,1,0
55357.0,2,0,66,374.0,64.0,116,84.0,25.0,64.0,3,6,2,11,5,0,0,0,0,0,0,57,10855,727.0,22,0,0,1,0,0,1,0,0,0
21888.0,1,0,15,88.0,10.0,46,2.0,3.0,64.0,4,5,1,2,10,0,0,0,0,0,0,56,10907,213.0,12,0,0,0,1,0,0,1,0,0
63342.0,0,1,48,918.0,21.0,118,13.0,10.0,21.0,3,8,3,5,6,0,1,0,0,0,0,81,10981,1101.0,19,1,0,0,0,1,0,0,1,0
38998.0,1,1,92,34.0,1.0,14,0.0,0.0,5.0,3,2,0,3,8,0,0,0,0,0,1,88,10963,54.0,8,0,0,1,0,0,1,0,0,0
38620.0,0,0,56,112.0,17.0,44,34.0,22.0,89.0,1,2,5,3,3,0,0,0,0,0,0,79,10774,318.0,11,0,0,0,1,0,0,0,1,0
61467.0,0,2,69,410.0,16.0,114,0.0,5.0,49.0,3,5,2,10,5,0,0,0,0,0,0,94,10927,594.0,20,0,0,0,0,1,1,0,0,0
44159.0,1,0,85,167.0,2.0,62,24.0,13.0,7.0,4,4,1,6,5,0,0,0,0,0,0,72,10372,275.0,15,0,0,0,1,0,1,0,0,0
62187.0,0,1,38,512.0,0.0,83,0.0,0.0,41.0,3,6,2,10,4,0,0,0,0,0,0,73,10459,636.0,21,0,0,0,0,1,0,0,0,1
36627.0,2,0,78,9.0,1.0,5,0.0,0.0,1.0,1,0,0,3,5,0,0,0,0,0,0,67,10701,16.0,4,0,0,1,0,0,0,0,0,0
33378.0,1,1,38,33.0,6.0,40,3.0,7.0,10.0,3,2,0,4,7,0,0,0,0,0,0,79,10868,99.0,9,0,0,1,0,0,0,0,0,0
58692.0,0,1,21,301.0,11.0,61,4.0,7.0,11.0,1,8,2,4,7,0,0,0,0,0,0,77,10444,395.0,15,0,0,1,0,0,1,0,0,0
31056.0,1,0,99,5.0,10.0,13,3.0,8.0,16.0,1,1,0,3,8,0,0,0,0,0,0,65,10883,55.0,5,0,0,0,0,0,1,0,0,0
31560.0,1,0,98,62.0,1.0,20,4.0,0.0,7.0,2,2,1,3,8,0,0,0,0,0,0,68,10730,94.0,8,0,0,0,0,1,0,1,0,0
64587.0,1,1,49,66.0,0.0,16,0.0,6.0,20.0,2,1,1,4,3,0,0,0,0,0,0,88,10367,108.0,8,0,0,1,0,0,0,0,0,0
33581.0,2,0,38,11.0,0.0,5,0.0,0.0,1.0,1,1,0,2,8,0,0,0,0,0,0,73,10897,17.0,4,0,0,0,0,1,1,0,0,0
57867.0,1,0,48,344.0,35.0,178,15.0,23.0,17.0,7,7,2,9,6,0,0,0,0,0,0,64,10631,612.0,25,0,0,1,0,0,0,0,1,0
25410.0,1,0,48,2.0,2.0,4,13.0,13.0,4.0,1,1,0,4,4,0,0,0,0,0,0,69,10662,38.0,6,0,0,1,0,0,1,0,0,0
56129.0,0,1,65,320.0,48.0,133,39.0,72.0,48.0,4,6,2,10,4,0,0,0,0,0,0,89,10734,660.0,22,0,0,0,1,0,0,0,1,0
71499.0,0,1,12,465.0,25.0,132,136.0,0.0,37.0,2,8,3,13,4,0,0,0,0,0,0,71,10729,795.0,26,0,0,0,1,0,0,0,1,0
84906.0,0,0,98,997.0,15.0,414,99.0,30.0,76.0,1,5,6,12,2,0,1,1,0,1,0,70,10628,1631.0,24,3,0,1,0,0,0,0,1,0
48948.0,0,0,53,437.0,8.0,206,160.0,49.0,42.0,2,7,10,5,6,1,0,0,0,0,0,99,10873,902.0,24,1,0,0,0,1,0,0,0,0
10404.0,1,0,52,2.0,2.0,11,10.0,6.0,12.0,2,1,0,4,5,0,0,0,0,0,0,53,10416,43.0,7,0,0,0,0,0,0,0,1,0
59235.0,1,0,4,448.0,40.0,469,80.0,0.0,91.0,3,11,2,12,7,0,0,0,0,0,0,75,10893,1128.0,28,0,0,0,1,0,0,1,0,0
60093.0,0,1,92,502.0,12.0,109,16.0,6.0,90.0,2,7,2,10,6,0,0,0,0,0,0,68,10728,735.0,21,0,0,1,0,0,1,0,0,0
71853.0,0,0,29,358.0,108.0,413,141.0,97.0,32.0,1,2,8,6,1,0,0,0,0,0,0,60,10777,1149.0,17,0,0,1,0,0,0,0,1,0
28164.0,1,0,23,3.0,18.0,26,11.0,8.0,12.0,3,2,0,4,7,0,0,0,0,0,0,72,10781,78.0,9,0,0,1,0,0,1,0,0,0
87771.0,0,1,61,1492.0,38.0,287,50.0,57.0,33.0,1,5,10,4,6,0,1,1,1,1,0,83,10763,1957.0,20,4,0,1,0,0,0,0,1,0
55521.0,1,2,11,416.0,0.0,26,0.0,0.0,4.0,9,6,3,6,7,0,1,0,0,0,0,87,10610,446.0,24,1,0,0,0,1,0,1,0,0
85683.0,0,0,6,1296.0,17.0,311,45.0,69.0,51.0,1,2,4,10,1,0,1,1,1,1,0,88,10460,1789.0,17,4,0,1,0,0,0,0,0,0
28567.0,1,0,57,11.0,3.0,22,2.0,2.0,6.0,2,2,0,3,6,0,0,0,0,0,0,60,10737,46.0,7,0,0,1,0,0,0,1,0,0
93404.0,1,2,97,1279.0,15.0,287,20.0,0.0,15.0,3,3,4,7,5,0,1,1,0,0,0,88,10778,1616.0,17,2,0,1,0,0,1,0,0,0
48686.0,1,2,8,10.0,0.0,7,2.0,0.0,1.0,1,1,0,2,8,0,0,0,0,0,0,89,10567,20.0,4,0,0,1,0,0,1,0,0,0
66426.0,0,1,14,1043.0,24.0,97,32.0,24.0,157.0,2,3,5,10,6,0,0,0,0,0,0,81,10630,1377.0,20,0,0,0,0,1,0,0,1,0
39747.0,1,0,43,80.0,15.0,93,20.0,13.0,52.0,3,5,1,4,8,0,0,0,0,0,0,54,10437,273.0,13,0,0,1,0,0,0,1,0,0
64849.0,0,0,42,652.0,48.0,350,94.0,84.0,108.0,1,9,3,6,5,0,0,0,0,0,0,85,10953,1336.0,19,0,0,1,0,0,0,1,0,0
82427.0,0,0,35,482.0,147.0,509,104.0,107.0,107.0,1,3,5,12,1,0,0,1,0,0,0,76,10469,1456.0,21,1,0,1,0,0,0,0,1,0
23830.0,0,0,3,1.0,8.0,6,4.0,8.0,16.0,1,1,0,3,7,0,0,0,0,0,0,55,10502,43.0,5,0,0,0,0,0,0,1,0,0
85072.0,0,0,94,494.0,92.0,391,194.0,11.0,241.0,1,3,4,10,0,0,0,0,0,0,0,65,10441,1423.0,18,0,0,1,0,0,0,1,0,0
30545.0,1,0,71,4.0,12.0,15,19.0,7.0,12.0,2,2,0,3,7,0,0,0,0,0,0,63,10980,69.0,7,0,0,1,0,0,0,0,1,0
62535.0,0,1,13,163.0,48.0,90,0.0,45.0,52.0,1,3,2,8,3,0,0,0,0,0,0,87,10629,398.0,14,0,0,1,0,0,0,1,0,0
32218.0,0,0,27,10.0,24.0,15,13.0,1.0,30.0,1,2,1,3,7,1,0,0,0,0,0,82,10494,93.0,7,1,0,0,0,0,0,1,0,0
83844.0,0,0,57,901.0,31.0,345,75.0,31.0,191.0,1,4,4,11,1,0,0,1,0,0,0,90,10773,1574.0,20,1,0,1,0,0,0,0,1,0
34968.0,1,0,11,158.0,6.0,45,8.0,2.0,2.0,7,3,2,5,7,0,0,0,0,0,0,62,10805,221.0,17,0,0,1,0,0,1,0,0,0
57045.0,0,1,40,296.0,13.0,104,11.0,13.0,25.0,3,4,2,9,3,0,0,0,0,0,0,92,11019,462.0,18,0,0,1,0,0,1,0,0,0
18351.0,0,0,1,1.0,12.0,9,0.0,14.0,7.0,1,2,0,3,7,0,0,0,0,0,0,52,10603,43.0,6,0,0,1,0,0,1,0,0,0
76140.0,0,0,57,586.0,66.0,653,17.0,0.0,26.0,1,5,9,6,2,0,0,0,0,0,0,94,10407,1348.0,21,0,0,0,0,1,0,0,1,0
64355.0,1,0,66,1047.0,0.0,140,67.0,38.0,153.0,2,4,3,12,8,0,0,0,0,0,0,57,11034,1445.0,21,0,0,0,0,1,1,0,0,0
45889.0,0,1,42,31.0,0.0,6,0.0,1.0,8.0,1,1,0,3,6,0,0,0,0,0,0,62,10722,46.0,5,0,0,0,0,0,0,1,0,0
38197.0,1,0,86,23.0,0.0,11,2.0,1.0,3.0,1,1,0,3,5,0,0,0,0,0,0,56,10725,40.0,5,0,0,0,0,1,0,0,1,0
37368.0,1,0,4,3.0,2.0,11,2.0,2.0,10.0,1,1,0,2,6,1,0,0,0,0,0,67,10555,30.0,4,1,0,0,1,0,1,0,0,0
29548.0,1,0,52,7.0,1.0,6,3.0,1.0,11.0,1,1,1,2,4,1,0,0,0,0,0,72,10664,29.0,5,1,0,0,1,0,0,1,0,0
49767.0,0,0,92,202.0,47.0,197,55.0,42.0,149.0,1,5,4,8,4,0,0,0,0,0,0,51,10783,692.0,18,0,0,1,0,0,0,1,0,0
94472.0,0,1,75,1017.0,33.0,417,108.0,100.0,16.0,1,5,5,5,5,0,1,1,0,0,0,84,10447,1691.0,16,2,0,1,0,0,0,1,0,0
73059.0,0,1,36,410.0,112.0,420,0.0,82.0,71.0,1,9,3,13,4,0,0,0,0,0,0,95,10662,1095.0,26,0,0,0,0,1,0,0,1,0
20425.0,1,0,5,4.0,12.0,5,3.0,16.0,17.0,2,2,0,3,7,0,0,0,0,0,0,56,10968,57.0,7,0,1,0,0,0,1,0,0,0
38823.0,0,1,56,70.0,0.0,11,2.0,8.0,23.0,1,2,1,3,6,0,0,0,0,0,0,93,11028,114.0,7,0,0,1,0,0,0,0,1,0
28420.0,1,0,36,4.0,2.0,5,2.0,0.0,0.0,1,1,0,2,6,0,0,0,0,0,0,75,10547,13.0,4,0,0,0,0,1,0,0,0,0
14849.0,1,0,39,21.0,2.0,28,3.0,2.0,9.0,3,2,0,4,8,0,0,0,0,0,0,66,10722,65.0,9,0,0,0,0,1,0,0,0,0
61794.0,0,1,74,264.0,47.0,188,54.0,47.0,11.0,2,4,4,10,2,0,0,0,0,0,0,81,10648,611.0,20,0,0,0,1,0,1,0,0,0
66033.0,0,1,76,293.0,35.0,179,46.0,59.0,65.0,2,8,3,7,7,0,0,0,0,0,0,85,10885,677.0,20,0,0,1,0,0,0,0,0,1
27590.0,1,0,38,6.0,0.0,5,0.0,0.0,1.0,1,1,0,2,7,0,0,0,0,0,0,60,10792,12.0,4,0,0,0,1,0,0,0,1,0
16005.0,1,0,69,1.0,3.0,2,20.0,30.0,47.0,3,2,1,2,8,0,0,0,0,0,0,62,11044,103.0,8,0,1,0,0,0,1,0,0,0
4861.0,0,0,20,2.0,1.0,1,1.0,0.0,25.0,0,0,0,0,14,0,0,0,0,0,0,77,10367,30.0,0,0,0,1,0,0,0,0,0,0
28442.0,2,0,53,19.0,3.0,10,11.0,8.0,6.0,3,2,1,4,4,0,0,0,0,0,0,64,10485,57.0,10,0,0,1,0,0,1,0,0,0
71952.0,1,0,93,656.0,80.0,455,52.0,107.0,93.0,2,8,4,8,4,1,0,1,0,0,0,56,10895,1443.0,22,2,0,1,0,0,1,0,0,0
82333.0,0,0,60,1311.0,0.0,359,46.0,89.0,17.0,1,4,3,10,2,0,0,1,0,0,0,56,10816,1822.0,18,1,0,0,0,1,1,0,0,0
80573.0,0,0,85,829.0,138.0,430,60.0,92.0,15.0,1,4,6,13,2,0,0,0,0,0,0,71,10983,1564.0,24,0,0,0,1,0,0,0,1,0
61618.0,0,0,27,605.0,91.0,399,0.0,45.0,205.0,2,3,6,8,3,0,0,0,0,0,0,51,10998,1345.0,19,0,0,0,0,0,0,1,0,0
34838.0,1,1,62,28.0,23.0,29,29.0,14.0,47.0,3,2,1,4,6,0,0,0,0,0,0,91,10886,170.0,10,0,0,1,0,0,1,0,0,0
35523.0,1,0,8,11.0,5.0,22,12.0,5.0,11.0,2,3,0,3,7,0,0,0,0,0,0,61,10629,66.0,8,0,0,0,0,0,1,0,0,0
65819.0,0,0,99,267.0,38.0,701,149.0,165.0,63.0,1,5,4,10,3,0,0,0,0,0,0,64,10937,1383.0,20,0,0,1,0,0,1,0,0,0
47570.0,1,1,3,67.0,1.0,20,0.0,2.0,31.0,3,2,2,2,7,0,0,0,0,0,0,93,10756,121.0,9,0,0,0,1,0,0,0,0,1
87188.0,0,0,73,910.0,111.0,724,49.0,74.0,55.0,1,10,2,6,3,0,0,0,0,0,0,59,10751,1923.0,19,0,0,0,0,1,0,1,0,0
27450.0,0,0,57,37.0,12.0,23,8.0,11.0,52.0,1,2,1,3,7,0,0,0,0,0,0,91,10800,143.0,7,0,0,0,1,0,1,0,0,0
5648.0,1,1,68,28.0,0.0,6,1.0,1.0,13.0,1,1,0,0,20,1,0,0,0,0,0,92,10468,49.0,2,1,0,0,0,1,0,0,1,0
22804.0,1,0,75,14.0,1.0,7,2.0,1.0,1.0,1,2,0,2,9,0,0,0,0,0,0,71,10693,26.0,5,0,0,1,0,0,0,1,0,0
70829.0,1,1,87,141.0,70.0,106,72.0,19.0,23.0,2,4,2,8,3,0,0,0,0,0,0,62,10570,431.0,16,0,0,0,0,0,1,0,0,0
70886.0,1,0,65,407.0,70.0,239,103.0,88.0,53.0,1,5,4,4,2,0,0,0,0,0,0,71,10618,960.0,14,0,0,1,0,0,1,0,0,0
28520.0,1,1,55,11.0,0.0,10,0.0,2.0,20.0,1,1,1,2,6,0,0,0,0,0,0,82,10740,43.0,5,0,0,0,1,0,1,0,0,0
92491.0,0,0,71,979.0,44.0,935,29.0,25.0,22.0,1,7,5,12,3,0,1,1,1,0,0,59,10784,2034.0,25,3,0,0,0,1,1,0,0,0
74538.0,0,0,21,380.0,98.0,733,110.0,112.0,28.0,1,8,8,5,3,0,0,1,0,0,0,71,10725,1461.0,22,1,0,1,0,0,0,0,1,0
28359.0,1,0,35,6.0,0.0,5,2.0,1.0,2.0,1,1,0,2,7,0,0,0,0,0,0,59,10605,16.0,4,0,0,1,0,0,0,0,1,0
67381.0,0,1,67,815.0,8.0,53,11.0,0.0,70.0,4,2,2,9,7,0,1,0,0,0,0,91,10890,957.0,17,1,0,0,1,0,1,0,0,0
61331.0,1,1,42,534.0,5.0,47,0.0,5.0,41.0,5,11,1,6,8,0,0,0,0,0,0,84,10836,632.0,23,0,0,0,1,0,0,1,0,0
32173.0,0,1,0,18.0,0.0,2,0.0,0.0,2.0,1,1,0,3,4,0,0,0,0,0,0,84,10692,22.0,5,0,0,0,0,1,0,0,0,0
29187.0,1,0,43,26.0,0.0,6,0.0,0.0,2.0,1,1,0,3,8,0,0,0,0,0,0,74,10776,34.0,5,0,0,0,0,1,1,0,0,0
46106.0,1,1,84,30.0,0.0,8,2.0,0.0,14.0,1,1,1,2,6,0,0,0,0,0,0,66,10409,54.0,5,0,0,0,1,0,0,0,1,0
40706.0,2,1,37,59.0,0.0,11,4.0,2.0,5.0,4,3,0,4,7,0,0,0,0,0,0,74,10888,81.0,11,0,0,0,0,1,0,0,1,0
57136.0,1,1,48,306.0,5.0,109,21.0,109.0,92.0,9,5,2,10,6,0,0,0,0,0,0,70,10715,642.0,26,0,0,0,1,0,1,0,0,0
32414.0,0,0,11,20.0,6.0,5,0.0,9.0,12.0,1,1,0,3,7,1,0,0,0,0,0,58,10720,52.0,5,1,0,0,0,0,0,0,1,0
31158.0,1,0,62,25.0,6.0,16,20.0,0.0,5.0,2,2,0,3,8,0,0,0,0,0,0,57,10878,72.0,7,0,0,1,0,0,1,0,0,0
73691.0,0,1,58,707.0,21.0,250,85.0,43.0,73.0,2,6,2,8,2,1,0,0,0,0,0,71,10595,1179.0,18,1,0,1,0,0,1,0,0,0
23718.0,1,0,76,6.0,3.0,14,15.0,7.0,36.0,3,3,1,2,7,0,0,0,0,0,0,66,10660,81.0,9,0,0,0,0,0,1,0,0,0
77568.0,0,1,30,1230.0,0.0,396,232.0,178.0,158.0,1,10,2,8,5,0,1,1,1,0,0,63,11033,2194.0,21,3,0,1,0,0,0,0,1,0
77298.0,0,1,46,425.0,115.0,292,23.0,35.0,79.0,1,6,6,11,3,0,0,0,0,0,0,63,10599,969.0,24,0,0,1,0,0,0,0,1,0
43020.0,1,0,79,45.0,7.0,99,4.0,25.0,43.0,3,4,1,4,6,0,0,0,0,0,0,72,10571,223.0,12,0,0,1,0,0,0,1,0,0
43586.0,0,1,26,99.0,2.0,11,4.0,0.0,16.0,3,3,0,4,8,0,0,0,0,0,0,62,11028,132.0,10,0,0,1,0,0,1,0,0,0
55842.0,0,1,19,451.0,0.0,39,0.0,4.0,24.0,1,7,1,8,5,0,0,0,0,0,0,65,10397,518.0,17,0,0,0,1,0,1,0,0,0
25851.0,1,0,45,9.0,4.0,18,7.0,5.0,5.0,2,2,0,3,7,0,0,0,0,0,0,64,10863,48.0,7,0,0,1,0,0,0,0,1,0
55375.0,0,1,3,42.0,11.0,57,10.0,28.0,14.0,1,1,1,6,2,0,0,0,0,0,0,65,10615,162.0,9,0,0,1,0,0,0,0,1,0
49681.0,0,2,66,411.0,0.0,26,0.0,0.0,21.0,6,7,1,7,7,0,0,0,0,0,0,66,10597,458.0,21,0,0,0,1,0,1,0,0,0
52852.0,0,1,93,714.0,8.0,99,11.0,0.0,47.0,4,10,7,5,8,1,0,0,0,0,0,85,10935,879.0,26,1,0,1,0,0,1,0,0,0
70300.0,1,0,89,1045.0,61.0,338,60.0,46.0,46.0,3,5,5,13,8,0,0,0,0,0,0,67,10709,1596.0,26,0,0,1,0,0,0,0,0,0
36230.0,1,0,17,14.0,2.0,30,8.0,2.0,3.0,1,2,0,4,5,0,0,0,0,0,0,71,10615,59.0,7,0,0,0,1,0,0,1,0,0
42554.0,1,1,93,29.0,1.0,11,0.0,0.0,0.0,2,2,0,3,4,0,0,0,0,0,0,64,10893,41.0,7,0,0,1,0,0,0,0,1,0
47352.0,0,1,70,172.0,12.0,112,8.0,0.0,25.0,4,6,1,5,7,0,0,0,0,0,0,91,10804,329.0,16,0,0,0,1,0,0,0,1,0
48904.0,0,1,1,283.0,10.0,38,0.0,13.0,27.0,4,7,2,4,8,0,0,0,0,0,0,82,10934,371.0,17,0,0,1,0,0,0,1,0,0
49096.0,1,1,15,144.0,1.0,32,2.0,1.0,7.0,4,4,1,4,7,0,0,0,0,0,0,78,10638,187.0,13,0,0,1,0,0,1,0,0,0
90300.0,0,0,7,594.0,134.0,786,33.0,134.0,57.0,0,5,6,8,1,0,0,1,0,0,0,63,10537,1738.0,19,1,0,1,0,0,0,0,1,0
53977.0,0,1,21,620.0,16.0,165,0.0,24.0,82.0,5,5,5,12,5,0,0,0,0,0,0,84,10746,907.0,27,0,0,1,0,0,0,0,1,0
51550.0,0,0,80,81.0,11.0,50,3.0,2.0,39.0,1,1,3,4,2,0,0,0,0,0,0,83,10596,186.0,9,0,0,0,0,1,0,1,0,0
51717.0,0,1,55,98.0,1.0,17,0.0,1.0,5.0,1,3,0,4,7,0,1,0,0,0,0,77,10673,122.0,8,1,0,0,0,1,0,0,1,0
30899.0,1,0,35,24.0,0.0,8,0.0,0.0,1.0,2,1,0,3,6,0,0,0,0,0,0,68,10984,33.0,6,0,0,0,0,1,0,1,0,0
49494.0,1,0,46,191.0,9.0,97,0.0,6.0,82.0,2,6,1,5,7,0,0,0,0,0,0,70,10790,385.0,14,0,0,0,1,0,0,1,0,0
29791.0,1,0,21,14.0,0.0,6,0.0,0.0,0.0,2,2,0,3,5,0,0,0,0,0,0,70,10405,20.0,7,0,0,0,0,1,1,0,0,0
33168.0,0,1,0,80.0,1.0,37,0.0,1.0,25.0,3,2,1,4,7,0,0,0,0,0,0,77,10984,144.0,10,0,0,0,1,0,0,1,0,0
67605.0,0,0,84,336.0,28.0,282,184.0,54.0,54.0,1,2,8,6,1,0,0,0,0,0,0,55,10815,938.0,17,0,0,1,0,0,0,0,1,0
44359.0,1,1,19,20.0,0.0,14,7.0,3.0,1.0,3,2,0,4,3,0,0,0,0,0,0,64,10372,45.0,9,0,0,1,0,0,1,0,0,0
75027.0,0,1,74,925.0,64.0,179,133.0,12.0,77.0,2,9,4,6,5,0,0,0,0,0,0,89,10896,1390.0,21,0,0,1,0,0,1,0,0,0
80360.0,0,0,56,1493.0,86.0,454,112.0,43.0,43.0,2,4,4,5,2,0,1,1,1,0,0,93,10843,2231.0,15,3,0,0,0,1,1,0,0,0
62450.0,0,1,61,515.0,47.0,267,62.0,66.0,38.0,2,5,5,4,3,0,1,0,0,0,0,83,10534,995.0,16,1,0,1,0,0,0,1,0,0
23477.0,1,0,39,38.0,15.0,54,3.0,8.0,29.0,3,3,0,4,8,0,0,0,0,0,0,56,10611,147.0,10,0,0,1,0,0,1,0,0,0
63211.0,0,0,3,145.0,193.0,459,205.0,26.0,145.0,2,3,8,7,2,0,0,0,0,0,0,60,10964,1173.0,20,0,0,1,0,0,1,0,0,0
67430.0,0,0,6,595.0,97.0,291,127.0,133.0,121.0,1,11,5,12,6,0,0,0,0,0,0,55,11022,1364.0,29,0,0,1,0,0,0,0,1,0
84953.0,0,0,73,167.0,48.0,602,63.0,72.0,72.0,1,3,10,4,2,0,1,1,1,0,0,89,10751,1024.0,18,3,0,0,1,0,0,0,0,1
18690.0,0,0,77,6.0,1.0,7,23.0,4.0,19.0,1,1,1,2,8,0,0,0,0,0,0,83,10908,60.0,5,0,0,1,0,0,1,0,0,0
70617.0,0,0,45,353.0,61.0,753,40.0,46.0,27.0,1,3,3,7,2,0,0,0,0,0,0,72,10731,1280.0,14,0,0,1,0,0,1,0,0,0
72258.0,0,1,28,522.0,0.0,522,227.0,120.0,134.0,2,6,9,5,2,0,0,0,0,0,0,71,10650,1525.0,22,0,0,1,0,0,0,1,0,0
43140.0,0,1,68,134.0,8.0,76,6.0,0.0,11.0,1,4,1,5,6,0,0,0,0,0,0,85,10900,235.0,11,0,0,1,0,0,1,0,0,0
34026.0,1,1,11,18.0,6.0,15,12.0,8.0,17.0,3,2,1,3,5,0,0,0,0,0,0,92,10688,76.0,9,0,0,1,0,0,0,0,1,0
35682.0,1,0,34,23.0,0.0,8,6.0,2.0,18.0,1,1,1,3,2,0,0,0,0,0,0,72,10362,57.0,6,0,0,0,0,1,0,0,0,0
10979.0,0,0,34,8.0,4.0,10,2.0,2.0,4.0,2,3,0,3,5,0,0,0,0,0,0,53,10398,30.0,8,0,0,0,1,0,0,0,0,0
76068.0,0,1,67,1115.0,12.0,128,33.0,12.0,76.0,1,2,3,4,6,0,1,0,0,1,0,67,10937,1376.0,10,2,0,1,0,0,1,0,0,0
7500.0,0,0,24,3.0,18.0,14,15.0,22.0,50.0,3,3,1,3,9,0,0,0,0,0,0,46,0,122.0,10,0,0,0,0,0,1,0,0,0
20981.0,0,0,14,2.0,12.0,10,6.0,13.0,30.0,1,3,1,2,8,0,0,0,0,0,0,65,10785,73.0,7,0,0,0,0,0,0,0,1,0
65176.0,0,1,57,960.0,28.0,183,220.0,70.0,70.0,4,9,6,6,6,0,0,0,0,0,0,73,10968,1531.0,25,0,0,0,1,0,0,0,1,0
78939.0,0,0,57,794.0,115.0,243,150.0,0.0,205.0,1,8,5,6,3,0,0,0,0,0,0,91,10559,1507.0,20,0,0,0,0,1,1,0,0,0
77353.0,0,1,38,275.0,59.0,107,69.0,101.0,59.0,2,6,4,8,4,0,0,0,0,0,0,62,10555,670.0,20,0,0,1,0,0,1,0,0,0
45906.0,0,1,20,305.0,3.0,27,4.0,3.0,144.0,2,5,4,4,5,1,0,0,0,0,0,78,10778,486.0,15,1,0,1,0,0,0,1,0,0
98777.0,0,0,23,1000.0,19.0,711,125.0,115.0,38.0,0,4,6,9,1,0,1,0,0,0,0,82,10492,2008.0,19,1,0,0,1,0,0,1,0,0
62994.0,1,0,74,224.0,12.0,48,4.0,12.0,12.0,1,6,2,4,6,0,0,0,0,0,0,62,10477,312.0,13,0,0,1,0,0,0,0,1,0
42395.0,1,1,35,48.0,13.0,57,24.0,15.0,25.0,4,3,1,4,7,0,0,0,0,0,0,61,10446,182.0,12,0,0,0,0,0,0,1,0,0
33402.0,1,1,60,26.0,2.0,19,10.0,5.0,8.0,3,2,1,3,8,0,0,0,0,0,0,90,10706,70.0,9,0,0,1,0,0,0,0,1,0
59354.0,0,2,59,173.0,21.0,78,39.0,13.0,13.0,1,4,4,7,3,0,0,0,0,0,0,89,10426,337.0,16,0,0,0,1,0,1,0,0,0
55686.0,0,1,27,673.0,0.0,199,37.0,47.0,26.0,2,6,3,5,4,1,0,0,0,0,0,76,10860,982.0,16,1,0,1,0,0,0,0,0,0
64892.0,0,1,77,527.0,24.0,230,32.0,24.0,65.0,2,6,4,12,4,0,0,0,0,0,0,66,10391,902.0,24,0,0,1,0,0,0,0,0,0
63693.0,0,1,63,587.0,43.0,337,42.0,87.0,54.0,3,11,6,9,6,0,0,0,0,0,0,64,10618,1150.0,29,0,0,1,0,0,0,0,0,0
64857.0,0,0,78,556.0,14.0,717,210.0,0.0,43.0,1,7,5,10,4,0,0,0,0,0,0,86,10943,1540.0,23,0,0,0,1,0,0,1,0,0
40737.0,2,1,24,11.0,0.0,4,0.0,0.0,2.0,1,1,0,2,8,0,0,0,0,0,0,85,10563,17.0,4,0,0,0,0,1,0,1,0,0
29236.0,1,0,30,37.0,4.0,24,16.0,9.0,9.0,2,4,0,3,9,0,0,0,0,0,0,55,10624,99.0,9,0,0,1,0,0,0,1,0,0
86580.0,0,0,72,532.0,21.0,127,26.0,20.0,20.0,0,4,2,5,1,0,0,1,0,0,0,59,10847,746.0,11,1,0,0,0,1,1,0,0,0
73395.0,0,0,94,272.0,7.0,80,20.0,7.0,11.0,1,4,4,6,2,0,0,0,0,0,0,55,10463,397.0,15,0,0,0,1,0,1,0,0,0
54880.0,1,0,57,308.0,85.0,137,102.0,45.0,118.0,2,6,2,11,5,0,0,0,0,0,0,64,10845,795.0,21,0,0,0,0,1,0,1,0,0
36927.0,1,1,46,51.0,0.0,16,0.0,0.0,4.0,2,3,0,3,8,0,0,0,0,0,0,87,10387,71.0,8,0,0,0,1,0,0,1,0,0
49667.0,0,0,35,1181.0,26.0,120,17.0,13.0,39.0,2,5,10,5,8,1,0,0,0,0,0,87,11038,1396.0,22,1,0,0,0,1,0,1,0,0
35946.0,1,1,24,8.0,0.0,3,0.0,0.0,0.0,1,0,0,3,5,0,0,0,0,0,0,93,10635,11.0,4,0,0,0,0,1,0,0,0,0
60208.0,1,1,13,488.0,23.0,71,15.0,0.0,59.0,11,8,3,7,7,0,1,0,0,0,0,69,10990,656.0,29,1,0,1,0,0,0,0,0,1
45068.0,0,1,25,14.0,0.0,3,0.0,0.0,3.0,1,1,0,2,7,0,0,0,0,0,0,68,10769,20.0,4,0,0,0,0,1,0,0,1,0
51948.0,0,1,51,82.0,33.0,54,71.0,30.0,41.0,2,5,2,4,5,0,0,0,0,0,0,67,10645,311.0,13,0,0,1,0,0,1,0,0,0
51141.0,0,0,96,144.0,0.0,7,0.0,0.0,6.0,1,3,1,4,5,0,0,0,0,0,0,102,10716,157.0,9,0,0,0,0,1,0,1,0,0
78093.0,0,0,53,368.0,32.0,639,13.0,43.0,10.0,1,4,7,5,1,0,0,0,0,0,0,95,10560,1105.0,17,0,0,0,1,0,0,0,1,0
62513.0,0,1,16,520.0,42.0,98,0.0,42.0,14.0,2,6,4,10,6,0,0,0,0,0,0,75,10653,716.0,22,0,0,0,1,0,0,0,1,0
42000.0,0,0,23,124.0,83.0,267,85.0,59.0,35.0,2,5,2,11,5,0,0,0,0,0,0,55,10895,653.0,20,0,0,0,0,1,0,1,0,0
29440.0,1,1,95,17.0,8.0,14,10.0,4.0,3.0,2,1,0,4,7,0,0,0,0,0,0,82,10682,56.0,7,0,0,1,0,0,1,0,0,0
86610.0,0,0,66,446.0,107.0,768,33.0,196.0,53.0,1,5,6,6,2,0,0,0,0,0,0,91,10657,1603.0,18,0,0,1,0,0,0,0,1,0
40049.0,0,1,23,13.0,6.0,7,0.0,3.0,3.0,1,1,0,3,6,0,0,0,0,0,0,90,10616,32.0,5,0,0,1,0,0,0,0,0,1
77882.0,0,0,29,68.0,129.0,396,188.0,22.0,15.0,1,3,3,5,1,0,0,0,0,0,0,61,10420,818.0,12,0,0,0,1,0,0,0,1,0
37760.0,1,0,54,26.0,3.0,13,2.0,10.0,0.0,1,2,0,3,6,0,0,0,0,0,0,70,10682,54.0,6,0,0,0,1,0,0,0,0,0
59481.0,0,1,47,178.0,3.0,85,71.0,66.0,58.0,2,3,3,8,2,0,0,0,0,0,0,67,10609,461.0,16,0,0,1,0,0,0,0,1,0
67267.0,0,1,0,134.0,11.0,59,15.0,2.0,30.0,1,3,2,5,2,0,0,0,0,0,0,84,10407,251.0,11,0,0,1,0,0,1,0,0,0
72190.0,0,0,79,597.0,166.0,597,172.0,166.0,249.0,1,5,6,4,3,0,0,0,0,0,0,77,10861,1947.0,16,0,0,1,0,0,1,0,0,0
51250.0,1,0,28,342.0,32.0,230,34.0,32.0,40.0,5,10,5,4,9,1,0,0,0,0,0,52,10816,710.0,24,1,0,0,0,0,0,1,0,0
19329.0,1,0,39,24.0,1.0,16,12.0,2.0,5.0,3,4,0,3,8,0,0,0,0,0,0,74,10557,60.0,10,0,0,1,0,0,1,0,0,0
42693.0,1,0,29,8.0,4.0,20,6.0,3.0,16.0,1,1,0,3,5,0,0,0,0,0,0,64,10382,57.0,5,0,0,1,0,0,1,0,0,0
32303.0,0,1,63,35.0,0.0,2,0.0,0.0,2.0,2,1,0,4,5,0,0,0,0,0,0,72,10473,39.0,7,0,0,0,0,1,0,1,0,0
30372.0,1,1,33,15.0,0.0,12,7.0,3.0,7.0,3,2,0,3,7,0,0,0,0,0,0,71,10911,44.0,8,0,0,1,0,0,0,0,0,1
80395.0,0,0,62,445.0,25.0,706,80.0,76.0,48.0,1,6,5,12,2,0,0,0,1,0,0,87,10578,1380.0,24,1,0,1,0,0,1,0,0,0
53761.0,1,1,7,158.0,0.0,76,13.0,7.0,71.0,6,4,4,3,5,0,0,0,0,0,0,70,10621,325.0,17,0,0,0,1,0,1,0,0,0
33471.0,1,0,47,43.0,2.0,27,0.0,9.0,12.0,3,3,0,4,7,0,0,0,0,0,0,69,10985,93.0,10,0,0,1,0,0,1,0,0,0
81300.0,0,1,17,1004.0,12.0,145,32.0,12.0,36.0,3,10,3,5,5,0,0,0,1,0,0,79,10967,1241.0,21,1,0,0,0,1,1,0,0,0
30096.0,1,0,30,5.0,3.0,11,12.0,5.0,9.0,1,2,0,3,6,0,0,0,0,0,0,59,10398,45.0,6,0,0,1,0,0,1,0,0,0
64722.0,1,0,47,303.0,0.0,280,60.0,147.0,15.0,4,8,2,11,6,0,0,0,0,0,0,71,10394,805.0,25,0,0,1,0,0,1,0,0,0
28973.0,0,0,59,206.0,0.0,46,3.0,2.0,12.0,2,5,1,5,8,0,0,0,0,0,0,65,10984,269.0,13,0,0,0,0,1,1,0,0,0
87679.0,0,0,62,1259.0,172.0,815,97.0,148.0,33.0,1,7,11,10,4,1,0,1,1,0,0,54,10697,2524.0,29,3,0,1,0,0,0,0,1,0
46423.0,1,1,6,68.0,0.0,16,0.0,0.0,8.0,3,2,0,4,7,0,0,0,0,0,0,70,10644,92.0,9,0,0,0,1,0,0,1,0,0
71952.0,1,0,93,656.0,80.0,455,52.0,107.0,93.0,2,8,4,8,4,1,0,1,0,0,0,56,10895,1443.0,22,2,0,1,0,0,1,0,0,0
31605.0,1,0,15,74.0,0.0,42,2.0,1.0,6.0,2,2,1,4,7,0,0,0,0,0,0,63,10944,125.0,9,0,0,0,0,1,1,0,0,0
41335.0,1,0,24,112.0,19.0,21,16.0,14.0,5.0,3,4,1,4,7,0,0,0,0,0,0,74,10545,187.0,12,0,0,0,1,0,0,0,0,0
18988.0,1,0,43,6.0,0.0,6,2.0,1.0,1.0,2,1,0,3,7,0,0,0,0,0,0,58,10397,16.0,6,0,0,0,0,1,1,0,0,0
41883.0,1,0,13,32.0,34.0,41,73.0,16.0,116.0,3,4,2,3,7,0,0,0,0,0,0,54,10827,312.0,12,0,0,1,0,0,0,0,1,0
30675.0,1,0,14,10.0,2.0,16,11.0,2.0,21.0,1,1,0,3,8,0,0,0,0,0,0,70,10954,62.0,5,0,0,1,0,0,1,0,0,0
32765.0,1,0,49,13.0,3.0,17,7.0,3.0,3.0,2,2,0,4,5,0,0,0,0,0,0,63,10486,46.0,8,0,0,0,1,0,1,0,0,0
60839.0,1,1,72,600.0,21.0,128,223.0,150.0,128.0,13,2,2,12,8,0,0,0,0,0,0,63,11030,1250.0,29,0,0,0,0,0,0,0,1,0
59292.0,0,1,71,378.0,14.0,68,19.0,14.0,14.0,2,3,5,8,3,0,0,0,0,0,0,92,10741,507.0,18,0,0,0,0,1,0,0,1,0
40049.0,0,1,61,91.0,65.0,52,10.0,44.0,28.0,3,3,2,6,5,0,0,0,0,0,0,68,10937,290.0,14,0,0,1,0,0,1,0,0,0
75774.0,1,0,27,340.0,21.0,134,258.0,14.0,56.0,1,7,5,8,4,0,0,0,0,0,0,61,10418,823.0,21,0,0,0,0,0,0,0,1,0
42386.0,1,0,43,65.0,4.0,16,0.0,4.0,11.0,1,3,0,3,8,0,0,0,0,0,0,56,10892,100.0,7,0,0,0,1,0,0,0,1,0
75251.0,0,0,34,721.0,111.0,925,97.0,18.0,18.0,1,7,6,5,5,0,0,0,0,0,0,70,11031,1890.0,19,0,0,0,1,0,1,0,0,0
74268.0,0,0,83,199.0,66.0,315,97.0,174.0,41.0,1,4,3,5,2,0,0,0,0,0,0,87,10860,892.0,13,0,0,1,0,0,1,0,0,0
49505.0,1,1,4,604.0,0.0,100,19.0,0.0,28.0,9,10,2,8,8,0,0,0,0,0,0,71,10841,751.0,29,0,0,0,1,0,1,0,0,0
34074.0,1,1,69,135.0,1.0,41,10.0,1.0,67.0,5,3,3,3,6,1,0,0,0,0,0,90,10711,255.0,14,1,0,1,0,0,0,0,1,0
63855.0,0,0,28,359.0,35.0,314,93.0,116.0,89.0,1,7,3,13,4,0,0,0,0,0,0,64,10865,1006.0,24,0,0,0,0,0,0,0,1,0
80589.0,0,0,25,507.0,93.0,520,242.0,40.0,26.0,1,5,10,5,1,0,0,0,1,0,0,98,10518,1428.0,21,1,0,1,0,0,1,0,0,0
7500.0,1,0,7,2.0,8.0,11,3.0,8.0,21.0,4,3,2,2,7,0,0,0,0,0,0,63,10778,53.0,11,0,0,0,0,0,0,0,1,0
41986.0,0,1,15,27.0,5.0,8,8.0,3.0,12.0,3,3,0,4,4,0,0,0,0,0,0,64,10500,63.0,10,0,0,1,0,0,0,0,0,0
75865.0,0,0,73,483.0,0.0,591,156.0,0.0,12.0,1,3,5,10,1,0,0,0,0,0,0,99,10450,1242.0,19,0,0,0,0,1,1,0,0,0
66825.0,0,0,73,243.0,101.0,405,29.0,40.0,40.0,1,4,5,6,2,0,0,0,0,0,0,75,10710,858.0,16,0,0,1,0,0,0,0,1,0
57100.0,0,0,19,181.0,21.0,69,39.0,3.0,96.0,1,3,3,6,3,0,0,0,0,0,0,69,10567,409.0,13,0,0,1,0,0,0,0,1,0
25818.0,1,0,51,5.0,2.0,8,2.0,2.0,9.0,1,0,1,2,7,0,0,0,0,0,0,71,10979,28.0,4,0,0,1,0,0,0,0,0,0
77457.0,0,0,85,675.0,11.0,400,15.0,45.0,11.0,1,2,5,10,1,0,0,1,0,0,0,95,10476,1157.0,18,1,0,1,0,0,0,1,0,0
67023.0,0,0,93,444.0,44.0,382,11.0,8.0,17.0,1,3,7,13,2,0,0,0,0,0,1,64,10477,906.0,24,0,0,1,0,0,1,0,0,0
65220.0,0,0,3,890.0,63.0,292,0.0,25.0,12.0,4,8,4,7,6,0,0,0,0,0,0,77,11024,1282.0,23,0,0,0,0,1,0,0,1,0
60199.0,1,2,49,8.0,1.0,7,2.0,0.0,0.0,1,0,0,3,4,0,0,0,0,0,0,64,10650,18.0,4,0,0,1,0,0,0,1,0,0
79865.0,0,1,12,71.0,99.0,278,185.0,121.0,38.0,1,5,10,5,1,0,0,0,0,0,0,88,10371,792.0,21,0,0,1,0,0,0,0,0,0
69476.0,0,0,3,260.0,86.0,559,63.0,9.0,67.0,1,4,6,4,2,0,0,0,0,0,0,73,10632,1044.0,15,0,0,0,0,1,0,0,1,0
67445.0,0,1,63,757.0,80.0,217,29.0,80.0,11.0,5,9,6,12,6,0,0,0,0,0,0,68,11046,1174.0,32,0,0,1,0,0,1,0,0,0
72298.0,0,0,52,625.0,35.0,169,58.0,17.0,25.0,1,4,3,6,1,0,1,1,0,0,0,93,10471,929.0,14,2,0,1,0,0,0,0,0,1
50127.0,0,1,88,274.0,0.0,21,4.0,6.0,15.0,1,5,1,6,6,0,1,0,0,0,0,80,10391,320.0,13,1,0,1,0,0,0,0,1,0
76005.0,0,0,72,983.0,20.0,389,240.0,50.0,40.0,1,3,5,13,6,0,0,0,1,0,0,87,10852,1722.0,22,1,0,1,0,0,0,0,1,0
84219.0,0,0,27,434.0,137.0,400,45.0,137.0,45.0,1,3,4,10,1,0,0,0,0,0,0,54,10507,1198.0,18,0,0,1,0,0,1,0,0,0
65526.0,0,1,22,397.0,19.0,69,12.0,0.0,9.0,1,4,4,8,2,0,0,0,0,0,0,78,10439,506.0,17,0,0,0,0,1,1,0,0,0
69209.0,0,0,4,496.0,32.0,849,229.0,48.0,128.0,2,5,3,6,4,0,0,0,1,0,0,70,11010,1782.0,16,1,0,1,0,0,1,0,0,0
60504.0,0,1,73,458.0,0.0,24,6.0,4.0,34.0,2,6,2,8,6,0,0,0,0,0,0,71,10502,526.0,18,0,0,0,0,1,0,1,0,0
68805.0,0,1,73,182.0,2.0,49,17.0,13.0,20.0,1,3,1,7,2,0,0,0,0,0,0,83,10645,283.0,12,0,0,0,0,1,0,0,0,0
71691.0,0,0,0,336.0,130.0,411,240.0,32.0,43.0,1,4,7,5,2,0,0,0,0,0,0,84,10464,1192.0,17,0,0,0,0,1,0,1,0,0
83664.0,1,1,57,866.0,21.0,151,28.0,21.0,86.0,3,2,2,12,5,0,0,0,0,0,0,74,10777,1173.0,19,0,0,0,0,1,0,0,0,0
78394.0,0,0,13,298.0,27.0,697,216.0,24.0,166.0,1,4,6,5,2,0,0,0,0,0,0,56,10859,1428.0,16,0,0,1,0,0,0,0,1,0
38201.0,0,1,19,233.0,0.0,23,0.0,0.0,12.0,4,5,1,5,8,0,0,0,0,0,0,82,10817,268.0,15,0,0,0,0,1,0,0,1,0
63033.0,0,0,82,194.0,61.0,480,225.0,112.0,30.0,1,3,4,8,2,0,0,0,0,0,0,83,10586,1102.0,16,0,0,1,0,0,0,0,0,0
70379.0,0,1,84,553.0,25.0,142,65.0,67.0,8.0,3,6,3,13,4,0,0,0,0,0,0,66,10843,860.0,25,0,0,0,1,0,0,1,0,0
54753.0,0,1,87,197.0,107.0,227,7.0,59.0,131.0,3,5,2,11,4,0,0,0,0,0,0,83,10650,728.0,21,0,0,1,0,0,0,0,1,0
36736.0,1,1,52,10.0,0.0,3,0.0,0.0,4.0,1,1,0,2,6,0,0,0,0,0,0,79,10775,17.0,4,0,0,0,0,1,0,1,0,0
60200.0,0,1,3,502.0,19.0,132,0.0,6.0,26.0,6,6,2,11,6,0,0,0,0,0,0,94,10903,685.0,25,0,0,0,0,1,0,1,0,0
69901.0,0,1,95,312.0,21.0,206,102.0,92.0,149.0,3,7,3,10,5,0,0,0,0,0,0,73,10756,882.0,23,0,0,1,0,0,0,0,0,0
54222.0,0,1,98,199.0,12.0,31,3.0,12.0,7.0,1,3,3,5,3,0,0,0,0,0,0,69,10480,264.0,12,0,0,0,0,1,1,0,0,0
71796.0,0,0,54,354.0,21.0,311,167.0,75.0,32.0,1,9,3,4,4,0,0,0,0,0,0,71,10608,960.0,17,0,0,1,0,0,0,0,1,0
32632.0,0,0,32,63.0,151.0,137,153.0,19.0,53.0,2,4,4,8,5,0,0,0,0,0,0,79,11056,576.0,18,0,0,0,0,0,1,0,0,0
56253.0,0,1,83,509.0,0.0,65,7.0,11.0,5.0,4,7,2,9,6,0,0,0,0,0,0,79,10929,597.0,22,0,0,1,0,0,0,0,1,0
84169.0,0,0,9,1478.0,19.0,403,0.0,19.0,0.0,1,7,6,6,3,0,1,1,0,0,0,60,10686,1919.0,20,2,0,0,0,1,1,0,0,0
13624.0,1,0,93,10.0,2.0,15,2.0,1.0,6.0,2,2,0,3,6,0,0,0,0,0,0,66,10885,36.0,7,0,0,1,0,0,1,0,0,0
43482.0,2,1,83,18.0,1.0,32,6.0,3.0,28.0,3,2,0,4,6,0,0,0,0,0,0,76,10588,88.0,9,0,0,1,0,0,0,0,1,0
65370.0,0,0,1,71.0,22.0,112,138.0,89.0,29.0,1,2,3,13,1,0,0,0,0,0,0,58,10692,461.0,19,0,0,0,0,0,1,0,0,0
65275.0,0,0,9,388.0,14.0,218,91.0,14.0,21.0,1,4,3,13,2,0,0,0,0,0,0,98,10812,746.0,21,0,0,1,0,0,1,0,0,0
10979.0,0,0,34,8.0,4.0,10,2.0,2.0,4.0,2,3,0,3,5,0,0,0,0,0,0,53,10398,30.0,8,0,0,0,1,0,0,0,0,0
41443.0,1,0,79,171.0,7.0,171,25.0,19.0,89.0,6,8,1,5,8,0,0,0,0,0,0,65,10449,482.0,20,0,0,1,0,0,1,0,0,0
47175.0,1,1,81,167.0,2.0,44,6.0,2.0,19.0,7,4,2,4,8,1,0,0,0,0,0,80,10969,240.0,17,1,0,0,1,0,0,0,1,0
36947.0,1,1,49,88.0,3.0,21,4.0,1.0,25.0,4,3,0,4,9,0,0,0,0,0,0,75,11051,142.0,11,0,0,0,0,1,1,0,0,0
17487.0,1,0,37,0.0,0.0,1,7.0,4.0,6.0,1,1,0,2,7,0,0,0,0,0,0,53,10828,18.0,4,0,1,0,0,0,1,0,0,0
66973.0,0,0,98,466.0,22.0,432,147.0,113.0,102.0,1,8,7,12,3,0,0,0,0,0,0,53,10768,1282.0,28,0,0,0,0,1,0,0,1,0
58512.0,0,1,25,895.0,10.0,101,13.0,0.0,152.0,5,3,4,8,8,0,0,0,0,0,0,78,10643,1171.0,20,0,0,1,0,0,1,0,0,0
20130.0,0,0,99,0.0,6.0,3,7.0,6.0,12.0,1,1,0,3,8,0,0,0,0,0,0,68,10464,34.0,5,0,0,0,0,0,1,0,0,0
80952.0,0,0,20,778.0,178.0,689,41.0,27.0,44.0,1,8,5,11,8,0,1,1,1,0,0,73,10846,1757.0,25,3,0,1,0,0,1,0,0,0
61209.0,0,0,73,466.0,0.0,224,119.0,49.0,99.0,1,5,3,4,2,0,0,0,0,0,0,72,10668,957.0,13,0,0,1,0,0,0,1,0,0
57530.0,0,1,68,50.0,1.0,27,6.0,7.0,1.0,1,1,1,4,1,0,0,0,0,0,0,91,10620,92.0,7,0,0,0,1,0,0,0,0,0
28071.0,0,0,65,39.0,33.0,130,41.0,26.0,44.0,2,5,1,5,8,0,0,0,0,0,0,62,11029,313.0,13,0,0,1,0,0,0,1,0,0
25707.0,1,0,18,1.0,6.0,2,3.0,6.0,25.0,1,1,0,3,7,0,0,0,0,0,0,58,10522,43.0,5,0,1,0,0,0,0,1,0,0
77027.0,0,1,23,820.0,57.0,242,45.0,0.0,11.0,2,8,3,6,4,0,0,0,0,0,0,90,10504,1175.0,19,0,0,0,1,0,1,0,0,0
39684.0,1,0,41,19.0,0.0,35,6.0,4.0,17.0,2,2,1,2,7,0,0,0,0,0,1,58,10985,81.0,7,0,0,0,0,1,0,1,0,0
37697.0,1,0,82,34.0,6.0,21,11.0,4.0,8.0,1,2,1,3,6,0,0,0,0,0,0,66,10502,84.0,7,0,0,1,0,0,0,1,0,0
17148.0,1,0,80,9.0,9.0,11,13.0,10.0,16.0,4,3,1,3,8,0,0,0,0,0,0,66,10512,68.0,11,0,0,1,0,0,1,0,0,0
75777.0,0,0,12,712.0,26.0,538,69.0,13.0,80.0,1,3,6,11,1,0,1,1,0,0,0,60,10720,1438.0,21,2,0,0,1,0,0,1,0,0
46049.0,1,1,11,342.0,9.0,112,19.0,14.0,19.0,10,5,2,9,7,0,0,0,0,0,0,66,10703,515.0,26,0,0,1,0,0,1,0,0,0
63564.0,0,0,0,769.0,80.0,252,15.0,34.0,65.0,1,10,10,7,6,1,0,0,0,0,0,88,10511,1215.0,28,1,0,0,0,0,1,0,0,0
19485.0,2,0,80,6.0,0.0,4,0.0,0.0,0.0,1,1,0,2,7,0,0,0,0,0,0,56,10638,10.0,4,0,0,0,1,0,0,1,0,0
51651.0,0,1,32,293.0,6.0,23,13.0,6.0,92.0,4,6,2,5,8,0,0,0,0,0,0,82,10959,433.0,17,0,0,1,0,0,1,0,0,0
41967.0,1,1,66,23.0,4.0,10,0.0,2.0,15.0,1,1,0,3,4,0,0,0,0,0,0,61,10578,54.0,5,0,0,1,0,0,0,1,0,0
51550.0,1,0,19,5.0,1.0,3,3.0,263.0,362.0,0,27,0,0,1,0,0,0,0,0,0,56,10854,637.0,27,0,0,1,0,0,0,1,0,0
80739.0,0,0,92,674.0,92.0,736,39.0,0.0,92.0,1,3,11,9,1,0,0,0,0,0,0,84,10762,1633.0,24,0,0,0,1,0,1,0,0,0
85620.0,0,0,68,416.0,46.0,925,60.0,107.0,46.0,1,3,6,4,1,0,0,0,0,0,0,78,10533,1600.0,14,0,0,1,0,0,0,0,0,1
85485.0,0,0,73,630.0,26.0,611,44.0,18.0,54.0,1,6,6,6,2,0,0,0,0,0,0,84,10368,1383.0,19,0,0,0,0,0,0,1,0,0
46734.0,1,2,86,100.0,1.0,39,6.0,1.0,76.0,4,3,2,3,6,1,0,0,0,0,0,76,10611,223.0,12,1,0,0,0,1,0,1,0,0
81217.0,0,0,77,493.0,70.0,324,146.0,40.0,84.0,1,3,7,11,1,0,0,0,0,0,0,53,10705,1157.0,22,0,0,1,0,0,0,1,0,0
26304.0,1,0,5,4.0,1.0,5,2.0,0.0,4.0,1,1,0,2,7,0,0,0,0,0,0,73,10731,16.0,4,0,0,1,0,0,1,0,0,0
40887.0,1,1,32,50.0,4.0,44,10.0,10.0,43.0,3,3,1,3,9,0,0,0,0,0,0,90,10779,161.0,10,0,0,1,0,0,0,1,0,0
14796.0,1,0,1,13.0,3.0,8,7.0,4.0,16.0,2,1,0,3,9,0,0,0,0,0,0,58,11010,51.0,6,0,0,0,0,0,1,0,0,0
62187.0,0,0,49,792.0,0.0,275,45.0,45.0,126.0,1,4,8,5,3,0,0,0,0,0,0,85,10719,1283.0,18,0,0,1,0,0,1,0,0,0
42769.0,0,1,15,71.0,0.0,13,3.0,1.0,0.0,2,1,1,4,4,0,0,0,0,0,0,80,10620,88.0,8,0,0,0,0,1,1,0,0,0
27683.0,1,0,90,152.0,9.0,121,12.0,12.0,45.0,4,6,2,4,8,0,0,0,0,0,0,64,11054,351.0,16,0,0,0,0,1,0,0,1,0
46831.0,1,1,84,22.0,2.0,10,6.0,4.0,34.0,2,1,2,2,4,0,0,0,0,0,0,73,10746,78.0,7,0,0,0,0,0,1,0,0,0
71488.0,0,0,87,162.0,33.0,124,40.0,28.0,172.0,2,3,4,7,1,0,0,0,0,0,0,77,10856,559.0,16,0,0,0,0,0,0,0,1,0
24072.0,1,0,79,9.0,1.0,6,3.0,0.0,4.0,1,1,0,2,8,0,0,0,0,0,0,59,10799,23.0,4,0,0,1,0,0,0,1,0,0
40304.0,1,0,82,37.0,0.0,17,0.0,0.0,3.0,1,2,0,3,7,0,0,0,0,0,0,75,10632,57.0,6,0,0,0,0,1,0,1,0,0
75154.0,0,1,79,543.0,10.0,205,160.0,143.0,82.0,1,6,3,6,3,0,0,0,0,0,0,84,11023,1143.0,16,0,0,0,1,0,0,1,0,0
75072.0,0,1,83,583.0,34.0,309,12.0,22.0,125.0,2,5,4,8,3,0,0,0,0,0,0,80,10882,1085.0,19,0,0,1,0,0,0,0,1,0
36130.0,0,1,46,157.0,43.0,127,68.0,56.0,37.0,6,3,8,4,4,1,0,0,0,0,0,88,10872,488.0,21,1,0,1,0,0,0,1,0,0
52845.0,1,0,7,384.0,25.0,292,130.0,41.0,64.0,3,8,8,6,6,1,0,0,0,0,0,69,10680,936.0,25,1,0,1,0,0,1,0,0,0
35544.0,1,0,77,30.0,5.0,23,4.0,1.0,4.0,1,2,0,3,7,0,0,0,0,0,0,64,10473,67.0,6,0,0,0,1,0,0,1,0,0
50272.0,1,0,75,99.0,13.0,66,43.0,8.0,4.0,3,4,1,5,7,0,0,0,0,0,0,60,10686,233.0,13,0,0,1,0,0,0,0,1,0
54165.0,0,0,72,127.0,4.0,73,15.0,6.0,11.0,1,2,1,7,2,0,0,0,0,0,0,73,10757,236.0,11,0,0,1,0,0,0,0,1,0
72217.0,0,0,93,816.0,42.0,450,55.0,56.0,154.0,1,3,10,8,2,0,0,0,0,0,0,80,10805,1573.0,22,0,0,0,1,0,0,1,0,0
77632.0,0,0,73,1200.0,105.0,758,0.0,42.0,147.0,1,4,2,6,2,0,1,1,0,0,0,95,10836,2252.0,13,2,0,0,1,0,0,0,1,0
52413.0,0,2,56,295.0,106.0,271,75.0,98.0,65.0,4,6,4,12,6,0,0,0,0,0,0,73,10872,910.0,26,0,0,1,0,0,1,0,0,0
52973.0,0,1,92,856.0,0.0,76,12.0,9.0,199.0,7,9,6,9,8,0,0,0,0,0,0,86,10958,1152.0,31,0,0,0,1,0,1,0,0,0
51124.0,1,1,79,26.0,1.0,11,0.0,1.0,25.0,2,1,0,3,3,0,0,0,0,0,0,87,10553,64.0,6,0,0,0,1,0,0,1,0,0
50520.0,0,1,25,112.0,0.0,6,2.0,1.0,14.0,2,3,1,3,6,0,0,0,0,0,0,84,10512,135.0,9,0,0,0,0,1,0,0,0,1
42394.0,1,0,69,15.0,2.0,10,0.0,1.0,4.0,1,1,0,3,7,0,0,0,0,0,0,70,10458,32.0,5,0,0,0,1,0,0,1,0,0
37284.0,1,1,46,11.0,1.0,2,2.0,1.0,6.0,1,0,0,3,6,0,0,0,0,0,0,67,10817,23.0,4,0,0,0,0,0,1,0,0,0
37284.0,1,1,46,11.0,1.0,2,2.0,1.0,6.0,1,0,0,3,6,0,0,0,0,0,0,67,10817,23.0,4,0,0,0,0,0,1,0,0,0
30351.0,1,0,19,14.0,0.0,24,3.0,3.0,2.0,1,3,0,2,9,0,0,0,0,0,0,68,10748,46.0,6,0,0,0,0,1,0,0,1,0
2447.0,1,0,42,1.0,1.0,1725,1.0,1.0,1.0,15,0,28,0,1,0,0,0,0,0,0,63,10899,1730.0,43,0,0,1,0,0,1,0,0,0
44529.0,0,1,98,538.0,13.0,91,17.0,6.0,26.0,6,6,2,11,5,0,1,0,0,0,0,76,10719,691.0,25,1,0,1,0,0,1,0,0,0
21359.0,1,0,1,12.0,2.0,17,6.0,1.0,10.0,2,2,0,3,8,0,0,0,0,0,0,70,10795,48.0,7,0,0,1,0,0,0,1,0,0
44689.0,1,1,82,18.0,0.0,5,0.0,0.0,11.0,2,1,1,2,7,1,0,0,0,0,0,91,10530,34.0,6,1,0,1,0,0,1,0,0,0
24163.0,1,1,3,4.0,1.0,7,2.0,1.0,2.0,2,1,0,3,4,0,0,0,0,0,0,72,10620,17.0,6,0,0,1,0,0,0,1,0,0
36443.0,1,1,9,65.0,0.0,46,4.0,3.0,20.0,4,3,1,3,8,0,0,0,0,0,0,81,10871,138.0,11,0,0,1,0,0,1,0,0,0
31878.0,0,1,7,23.0,4.0,5,10.0,5.0,23.0,1,1,0,4,3,0,0,0,0,0,0,65,10367,70.0,6,0,0,0,0,0,0,1,0,0
28427.0,1,0,67,18.0,3.0,19,3.0,3.0,6.0,2,2,0,3,8,0,0,0,0,0,0,59,10825,52.0,7,0,0,1,0,0,0,0,1,0
86429.0,0,0,10,464.0,28.0,873,29.0,18.0,37.0,0,7,4,7,2,0,0,0,1,0,0,81,10580,1449.0,18,1,0,1,0,0,0,1,0,0
42192.0,0,0,40,40.0,15.0,15,17.0,6.0,7.0,1,2,1,3,4,0,0,0,0,0,0,94,10656,100.0,7,0,0,1,0,0,1,0,0,0
34824.0,0,0,65,4.0,2.0,11,2.0,0.0,25.0,1,1,0,2,6,0,0,0,0,0,0,47,10455,44.0,4,0,0,1,0,0,0,1,0,0
29732.0,1,0,23,25.0,0.0,8,0.0,1.0,4.0,1,2,0,2,9,0,0,0,0,0,0,71,10456,38.0,5,0,0,0,0,1,0,0,1,0
59354.0,1,1,53,233.0,2.0,53,3.0,5.0,14.0,3,6,1,5,6,0,0,0,0,0,0,90,10586,310.0,15,0,0,0,1,0,0,0,0,0
52332.0,0,0,63,212.0,5.0,33,7.0,0.0,2.0,1,3,2,6,4,0,1,0,0,0,0,83,10665,259.0,12,1,0,1,0,0,0,0,0,0
80011.0,0,1,3,421.0,76.0,536,82.0,178.0,102.0,2,8,6,5,4,0,0,0,0,0,0,62,10786,1395.0,21,0,0,1,0,0,1,0,0,0
53378.0,1,1,41,489.0,6.0,152,8.0,6.0,132.0,10,9,4,6,8,0,0,0,0,0,0,79,11003,793.0,29,0,0,0,0,1,1,0,0,0
61823.0,0,1,26,523.0,7.0,134,37.0,14.0,169.0,4,8,2,10,7,0,0,0,0,0,0,90,10856,884.0,24,0,0,1,0,0,0,1,0,0
65747.0,0,1,96,346.0,17.0,48,23.0,13.0,13.0,4,8,1,6,6,0,1,0,0,0,0,73,10474,460.0,19,1,0,1,0,0,1,0,0,0
34941.0,1,1,26,39.0,2.0,25,4.0,3.0,24.0,2,3,0,3,8,0,0,0,0,0,0,86,10840,97.0,8,0,0,0,1,0,0,0,1,0
42523.0,0,0,96,14.0,36.0,11,3.0,26.0,35.0,1,1,1,4,2,0,0,0,0,0,0,78,10427,125.0,7,0,0,1,0,0,1,0,0,0
40590.0,1,1,30,154.0,0.0,50,6.0,11.0,37.0,5,3,4,3,6,1,0,0,0,0,0,73,10630,258.0,15,1,0,1,0,0,0,0,0,1
44300.0,1,1,65,30.0,0.0,9,0.0,0.0,3.0,2,1,0,3,6,0,0,0,0,0,0,77,10731,42.0,6,0,0,1,0,0,1,0,0,0
41335.0,1,0,24,112.0,19.0,21,16.0,14.0,5.0,3,4,1,4,7,0,0,0,0,0,0,74,10545,187.0,12,0,0,0,1,0,0,0,0,0
62058.0,0,1,52,301.0,7.0,74,10.0,0.0,58.0,4,6,1,7,6,0,0,0,0,0,0,86,10759,450.0,18,0,0,0,1,0,1,0,0,0
19514.0,1,1,47,14.0,3.0,21,2.0,1.0,28.0,4,3,1,2,8,1,0,0,0,0,0,74,10514,69.0,10,1,0,1,0,0,1,0,0,0
71626.0,0,0,94,546.0,72.0,376,94.0,145.0,72.0,1,5,5,8,3,0,1,0,0,0,0,63,10965,1305.0,19,1,0,1,0,0,1,0,0,0
70596.0,0,0,68,347.0,44.0,534,17.0,0.0,26.0,1,3,5,12,2,0,0,0,0,0,0,57,10992,968.0,21,0,0,1,0,0,0,1,0,0
56850.0,0,1,83,34.0,1.0,19,2.0,7.0,0.0,1,1,1,3,2,0,0,0,0,0,0,71,10458,63.0,6,0,0,0,1,0,1,0,0,0
83257.0,0,0,56,536.0,27.0,590,38.0,107.0,67.0,1,5,10,12,6,1,0,1,0,0,1,47,11009,1365.0,28,2,0,0,0,0,0,1,0,0
54456.0,0,1,23,352.0,0.0,27,10.0,0.0,25.0,3,6,1,7,6,0,0,0,0,0,0,81,10713,414.0,17,0,0,0,0,1,1,0,0,0
37971.0,1,0,97,5.0,4.0,10,2.0,2.0,7.0,1,1,0,3,8,0,0,0,0,0,0,69,10576,30.0,5,0,0,1,0,0,1,0,0,0
86358.0,1,1,78,957.0,47.0,494,82.0,47.0,95.0,4,5,3,6,8,0,0,0,0,0,0,76,11050,1722.0,18,0,0,1,0,0,0,1,0,0
38576.0,0,1,2,34.0,0.0,7,0.0,0.0,0.0,1,1,0,3,7,0,0,0,0,0,0,69,10477,41.0,5,0,0,0,1,0,1,0,0,0
37126.0,1,0,9,45.0,3.0,9,4.0,4.0,7.0,1,1,2,2,6,1,0,0,0,0,0,71,10451,72.0,6,1,0,0,0,1,1,0,0,0
45204.0,1,0,93,30.0,11.0,25,29.0,1.0,18.0,1,1,1,4,3,0,0,0,0,0,0,54,10439,114.0,7,0,0,0,0,0,0,0,1,0
74859.0,0,0,63,570.0,73.0,614,133.0,102.0,73.0,1,6,5,11,3,0,0,0,1,0,0,93,10751,1565.0,23,1,0,0,0,0,0,0,0,1
25271.0,1,0,45,10.0,1.0,18,10.0,4.0,7.0,1,1,1,2,9,0,0,0,0,0,0,59,10931,50.0,5,0,0,1,0,0,1,0,0,0
74716.0,0,1,92,133.0,27.0,421,13.0,195.0,71.0,2,7,3,5,4,0,0,0,0,0,0,70,10650,860.0,17,0,0,1,0,0,1,0,0,0
64497.0,0,1,17,1170.0,48.0,320,42.0,32.0,192.0,5,11,4,9,8,1,0,0,0,0,0,88,11017,1804.0,29,1,0,1,0,0,0,0,0,0
39763.0,1,0,9,80.0,1.0,60,4.0,6.0,16.0,2,5,1,2,9,0,0,0,0,0,0,71,10689,167.0,10,0,0,0,1,0,0,1,0,0
20559.0,1,0,88,13.0,1.0,29,3.0,0.0,7.0,2,2,0,3,8,0,0,0,0,0,0,57,10834,53.0,7,0,0,0,1,0,1,0,0,0
43263.0,0,1,2,262.0,6.0,61,0.0,10.0,102.0,3,5,2,6,5,0,0,0,0,0,0,65,10945,441.0,16,0,0,0,1,0,1,0,0,0
40780.0,0,1,30,229.0,27.0,71,13.0,3.0,34.0,4,7,1,5,9,0,0,0,0,0,0,66,11019,377.0,17,0,0,1,0,0,0,0,0,0
13260.0,1,1,48,9.0,4.0,17,10.0,2.0,7.0,4,3,0,3,8,0,0,0,0,0,0,72,10670,49.0,10,0,0,1,0,0,1,0,0,0
43462.0,1,1,50,90.0,17.0,97,15.0,6.0,15.0,6,4,1,5,8,0,0,0,0,0,0,90,11015,240.0,16,0,0,1,0,0,0,0,1,0
82576.0,0,0,66,1206.0,55.0,445,168.0,18.0,18.0,1,2,4,12,1,0,0,1,0,0,0,83,11057,1910.0,19,1,0,0,1,0,0,0,1,0
76234.0,0,1,21,519.0,50.0,167,130.0,0.0,41.0,1,8,3,11,3,0,1,0,0,0,0,70,10503,907.0,23,1,0,0,1,0,1,0,0,0
63207.0,0,0,68,438.0,169.0,565,91.0,169.0,70.0,1,2,3,6,7,0,0,0,1,0,0,50,10885,1502.0,12,1,0,1,0,0,0,0,1,0
7500.0,1,0,19,7.0,0.0,12,13.0,7.0,32.0,5,4,1,2,9,1,0,0,0,0,0,66,11057,71.0,12,1,0,1,0,0,1,0,0,0
50387.0,0,2,91,369.0,9.0,87,12.0,14.0,34.0,3,6,2,8,5,0,0,0,0,0,0,86,10662,525.0,19,0,0,1,0,0,1,0,0,0
47823.0,0,1,0,53.0,1.0,5,2.0,1.0,10.0,2,2,0,3,8,0,0,0,0,0,0,82,10701,72.0,7,0,0,0,0,0,0,1,0,0
51550.0,1,0,23,9.0,14.0,18,8.0,1.0,12.0,4,3,1,3,6,0,0,0,0,0,0,65,10752,62.0,11,0,0,1,0,0,0,0,1,0
24683.0,1,0,98,8.0,4.0,10,6.0,7.0,6.0,2,2,0,4,5,0,0,0,0,0,0,52,10473,41.0,8,0,0,0,0,0,1,0,0,0
44375.0,0,1,73,213.0,5.0,28,7.0,7.0,41.0,1,4,1,6,5,0,0,0,0,0,0,77,10458,301.0,12,0,0,1,0,0,1,0,0,0
51550.0,0,0,53,32.0,2.0,1607,12.0,4.0,22.0,0,0,0,1,0,0,1,0,0,0,0,64,11046,1679.0,1,1,0,0,0,0,0,0,1,0
22108.0,1,1,46,5.0,3.0,9,6.0,2.0,6.0,2,2,0,3,7,0,0,0,0,0,0,65,10412,31.0,7,0,0,1,0,0,1,0,0,0
20587.0,1,0,39,2.0,3.0,6,4.0,1.0,9.0,1,1,1,2,7,0,0,0,0,0,0,72,10409,25.0,5,0,0,1,0,0,0,1,0,0
25130.0,1,0,10,2.0,5.0,7,0.0,18.0,18.0,2,2,0,3,7,0,0,0,0,0,0,62,10630,50.0,7,0,0,0,0,0,0,0,1,0
58308.0,0,1,77,691.0,0.0,69,10.0,0.0,130.0,4,2,6,3,8,0,0,0,0,0,0,78,10893,900.0,15,0,0,0,1,0,0,1,0,0
44931.0,0,1,0,78.0,0.0,11,0.0,0.0,7.0,1,2,1,3,5,0,0,0,0,0,0,75,10522,96.0,7,0,0,1,0,0,0,0,1,0
84574.0,0,0,72,387.0,20.0,713,38.0,54.0,163.0,1,9,11,11,5,0,0,0,0,0,0,90,10750,1375.0,32,0,0,1,0,0,0,1,0,0
78075.0,0,0,72,572.0,8.0,259,34.0,35.0,80.0,1,3,5,5,1,0,0,0,0,0,0,70,10445,988.0,14,0,0,0,0,1,1,0,0,0
13724.0,1,0,43,2.0,7.0,5,2.0,15.0,27.0,1,2,0,2,9,1,0,0,0,0,0,54,11027,58.0,5,1,1,0,0,0,0,0,1,0
35688.0,2,1,94,73.0,3.0,90,12.0,1.0,32.0,7,4,1,4,8,0,0,0,0,0,0,69,11036,211.0,16,0,0,0,0,0,1,0,0,0
57183.0,1,1,51,464.0,5.0,64,7.0,0.0,70.0,8,9,1,7,8,0,0,0,0,0,0,76,10827,610.0,25,0,0,0,1,0,1,0,0,0
31497.0,0,1,22,108.0,1.0,28,13.0,1.0,4.0,2,3,1,4,8,0,0,0,0,0,0,80,10930,155.0,10,0,0,0,0,1,0,0,1,0
59111.0,0,0,90,524.0,0.0,134,28.0,28.0,155.0,1,11,1,8,7,0,0,0,0,0,0,88,10783,869.0,21,0,0,1,0,0,1,0,0,0
74881.0,1,1,48,505.0,72.0,270,36.0,27.0,54.0,4,9,2,12,5,0,0,0,0,0,0,81,10838,964.0,27,0,0,0,1,0,0,0,1,0
80134.0,1,0,40,1218.0,16.0,272,104.0,0.0,25.0,2,5,3,6,6,0,1,1,1,0,0,70,10765,1635.0,16,3,0,1,0,0,1,0,0,0
58482.0,0,1,59,576.0,7.0,115,19.0,7.0,7.0,2,7,4,9,6,0,1,0,0,0,0,87,10469,731.0,22,1,0,0,0,1,1,0,0,0
36732.0,1,1,71,21.0,5.0,3,10.0,1.0,7.0,3,1,1,4,2,0,0,0,0,0,0,83,10542,47.0,9,0,0,0,0,1,1,0,0,0
47025.0,1,1,6,16.0,0.0,3,0.0,0.0,1.0,1,1,0,2,7,0,0,0,0,0,0,77,10500,20.0,4,0,0,0,0,1,0,0,0,0
61996.0,0,1,27,1050.0,12.0,144,0.0,0.0,24.0,3,6,4,8,5,0,1,0,1,1,0,65,10874,1230.0,21,3,0,0,0,1,1,0,0,0
62568.0,0,1,99,362.0,17.0,398,80.0,35.0,61.0,3,5,3,5,4,0,0,0,1,0,0,80,10443,953.0,16,1,0,1,0,0,0,0,1,0
69661.0,0,0,80,656.0,16.0,106,32.0,16.0,8.0,1,7,3,12,3,0,0,0,0,0,0,62,10407,834.0,23,0,0,0,1,0,1,0,0,0
42081.0,1,0,86,175.0,10.0,110,54.0,6.0,27.0,2,6,3,4,6,1,0,0,0,0,0,60,10848,382.0,15,1,0,1,0,0,1,0,0,0
72828.0,0,1,17,1205.0,0.0,235,19.0,14.0,205.0,6,6,3,13,7,0,0,0,0,0,0,80,10860,1678.0,28,0,0,0,1,0,1,0,0,0
75702.0,1,1,77,650.0,28.0,353,45.0,42.0,30.0,5,4,6,11,8,0,0,0,0,0,0,75,11029,1148.0,26,0,0,1,0,0,0,0,1,0
67309.0,1,1,76,515.0,47.0,181,149.0,95.0,95.0,15,9,6,9,7,0,0,0,0,0,0,75,10882,1082.0,39,0,0,0,0,0,0,0,1,0
39771.0,1,0,92,6.0,2.0,18,2.0,8.0,14.0,1,2,0,3,4,0,0,0,0,0,0,65,10565,50.0,6,0,0,1,0,0,0,0,1,0
67893.0,0,1,31,711.0,28.0,142,49.0,18.0,47.0,2,3,2,9,8,0,0,0,0,0,0,67,10996,995.0,16,0,0,0,0,0,0,0,0,0
72550.0,1,1,39,826.0,50.0,317,50.0,38.0,38.0,9,5,2,12,8,0,0,0,0,0,0,88,10958,1319.0,28,0,0,0,0,1,1,0,0,0
63841.0,0,1,64,635.0,15.0,100,20.0,7.0,131.0,1,9,3,9,6,0,0,0,0,0,0,74,10794,908.0,22,0,0,0,1,0,0,0,0,0
90765.0,0,0,25,547.0,99.0,812,151.0,82.0,33.0,0,4,6,5,1,0,0,1,1,0,0,72,10516,1724.0,15,2,0,1,0,0,1,0,0,0
39146.0,1,0,1,94.0,1.0,33,13.0,12.0,12.0,3,4,0,4,8,0,0,0,0,0,0,56,10860,165.0,11,0,0,1,0,0,0,1,0,0
64140.0,0,2,71,1459.0,0.0,61,0.0,15.0,215.0,5,2,5,6,5,1,0,1,0,1,0,78,10639,1750.0,18,3,0,0,0,1,0,0,0,0
64100.0,0,1,93,509.0,0.0,27,0.0,0.0,10.0,1,8,3,6,7,0,1,0,0,0,0,78,10652,546.0,18,1,0,0,1,0,1,0,0,0
33462.0,1,0,78,22.0,3.0,18,0.0,0.0,25.0,1,2,0,3,7,0,0,0,0,0,0,63,10686,68.0,6,0,0,0,1,0,0,0,0,0
42997.0,1,1,91,4.0,0.0,5,0.0,1.0,25.0,1,1,0,2,7,0,0,0,0,0,0,65,10564,35.0,4,0,0,0,0,1,0,1,0,0
20427.0,1,0,63,5.0,0.0,4,0.0,0.0,1.0,1,1,0,2,8,0,0,0,0,0,0,69,10457,10.0,4,0,0,0,0,1,0,0,1,0
59686.0,0,1,78,89.0,15.0,89,34.0,42.0,5.0,1,4,1,6,4,0,0,0,0,0,0,77,10515,274.0,12,0,0,1,0,0,0,1,0,0
43322.0,0,0,25,56.0,7.0,48,10.0,2.0,18.0,1,3,0,4,7,0,0,0,0,0,0,68,10429,141.0,8,0,0,1,0,0,0,1,0,0
45989.0,0,1,97,138.0,33.0,87,28.0,24.0,12.0,4,3,2,7,3,0,0,0,0,0,0,78,10975,322.0,16,0,0,1,0,0,0,1,0,0
42315.0,0,1,90,67.0,15.0,80,17.0,11.0,80.0,3,1,4,4,3,0,0,0,0,0,0,84,10712,270.0,12,0,0,0,1,0,0,0,1,0
58917.0,1,2,10,151.0,7.0,89,0.0,7.0,28.0,5,4,1,6,5,0,0,0,0,0,0,73,10822,282.0,16,0,0,1,0,0,0,0,1,0
67272.0,0,1,12,357.0,35.0,271,28.0,28.0,14.0,3,6,2,12,5,0,0,0,0,0,0,76,10550,733.0,23,0,0,1,0,0,0,0,0,0
55424.0,0,1,6,462.0,61.0,184,10.0,53.0,107.0,4,7,5,9,6,1,0,0,0,0,0,66,10941,877.0,25,1,0,0,0,1,1,0,0,0
79174.0,0,0,2,1074.0,37.0,518,193.0,92.0,129.0,1,5,6,7,2,0,0,1,1,0,0,67,10894,2043.0,19,2,0,0,0,1,1,0,0,0
70844.0,1,1,16,129.0,26.0,67,3.0,67.0,2.0,5,6,1,5,7,0,0,0,0,0,0,75,10602,294.0,17,0,0,1,0,0,0,0,0,0
55249.0,0,1,81,97.0,1.0,19,2.0,0.0,11.0,1,2,1,4,3,0,0,0,0,0,0,86,10433,130.0,8,0,0,0,1,0,0,0,1,0
17144.0,1,1,96,18.0,2.0,19,0.0,2.0,6.0,5,3,0,4,7,0,0,0,0,0,0,82,10494,47.0,12,0,0,0,1,0,0,0,1,0
78687.0,0,0,13,817.0,185.0,687,145.0,55.0,241.0,1,4,6,8,2,0,0,1,0,0,0,59,11049,2130.0,19,1,0,1,0,0,0,0,1,0
80317.0,0,0,64,536.0,11.0,387,149.0,91.0,57.0,1,3,4,10,1,0,0,0,0,0,0,87,10673,1231.0,18,0,0,1,0,0,0,1,0,0
73807.0,0,1,88,366.0,124.0,156,71.0,78.0,54.0,2,5,5,11,2,0,0,0,0,0,0,64,10903,849.0,23,0,0,1,0,0,1,0,0,0
79593.0,0,0,70,350.0,60.0,568,110.0,133.0,145.0,1,5,6,7,2,0,0,1,0,0,0,69,10408,1366.0,19,1,0,1,0,0,1,0,0,0
68397.0,0,1,6,760.0,80.0,466,17.0,13.0,80.0,1,6,9,5,3,0,0,0,0,0,0,66,10584,1416.0,21,0,0,0,0,1,1,0,0,0
41728.0,1,0,92,13.0,6.0,15,3.0,5.0,13.0,1,2,0,2,10,0,0,0,0,0,0,74,10761,55.0,5,0,0,1,0,0,0,0,1,0
57304.0,0,1,61,356.0,80.0,329,138.0,17.0,106.0,2,7,6,10,5,0,0,0,0,0,0,91,10835,1026.0,25,0,0,1,0,0,1,0,0,0
27573.0,1,0,45,50.0,15.0,110,39.0,15.0,15.0,4,5,1,4,8,0,0,0,0,0,0,67,10821,244.0,14,0,0,1,0,0,1,0,0,0
72906.0,0,0,79,400.0,32.0,519,71.0,75.0,54.0,1,3,4,9,1,0,0,0,0,0,0,87,10645,1151.0,17,0,0,1,0,0,0,1,0,0
31626.0,1,0,12,39.0,1.0,9,2.0,1.0,34.0,1,2,1,2,7,1,0,0,0,0,0,64,10775,86.0,6,1,0,0,0,1,0,1,0,0
82497.0,0,0,32,777.0,129.0,573,216.0,21.0,203.0,1,2,7,9,4,0,0,1,0,0,0,62,10966,1919.0,19,1,0,1,0,0,1,0,0,0
53537.0,1,1,17,81.0,0.0,6,0.0,0.0,6.0,2,2,1,3,5,0,0,0,0,0,0,83,10510,93.0,8,0,0,0,0,1,0,0,1,0
33183.0,1,0,46,7.0,5.0,39,17.0,15.0,37.0,2,4,0,3,7,0,0,0,0,0,0,67,10485,120.0,9,0,0,1,0,0,1,0,0,0
85606.0,0,1,89,717.0,42.0,864,219.0,30.0,84.0,2,6,7,9,3,0,0,0,1,0,0,66,10954,1956.0,24,1,0,1,0,0,0,0,1,0
72066.0,0,0,55,1003.0,34.0,536,134.0,51.0,34.0,1,4,6,6,2,0,0,1,1,0,0,61,10366,1792.0,17,2,0,1,0,0,0,1,0,0
22419.0,0,0,74,30.0,3.0,47,19.0,21.0,42.0,1,3,2,2,8,0,0,0,0,0,0,79,10797,162.0,8,0,0,1,0,0,1,0,0,0
27938.0,1,0,31,13.0,0.0,8,2.0,1.0,5.0,1,1,0,4,3,0,0,0,0,0,0,54,10422,29.0,6,0,0,1,0,0,0,1,0,0
62694.0,1,1,29,379.0,6.0,157,25.0,91.0,91.0,5,9,3,7,7,0,0,0,0,0,0,77,10737,749.0,24,0,0,0,1,0,1,0,0,0
68274.0,1,1,83,135.0,25.0,51,23.0,25.0,46.0,2,4,2,5,3,0,0,0,0,0,0,63,10632,305.0,13,0,0,1,0,0,0,0,0,0
54198.0,1,1,13,185.0,0.0,28,3.0,2.0,17.0,6,3,1,6,4,0,0,0,0,0,0,76,10554,235.0,16,0,0,1,0,0,1,0,0,0
62335.0,0,1,87,243.0,131.0,217,85.0,6.0,26.0,2,3,3,13,2,0,0,0,0,0,0,90,10762,708.0,21,0,0,1,0,0,0,0,0,0
59062.0,2,1,74,46.0,1.0,12,3.0,0.0,25.0,2,2,0,3,4,0,0,0,0,0,0,75,10629,87.0,7,0,0,0,0,1,1,0,0,0
26095.0,1,0,77,11.0,7.0,9,3.0,1.0,11.0,1,1,0,3,7,0,0,0,0,0,0,52,10724,42.0,5,0,0,1,0,0,0,1,0,0
45576.0,0,0,9,56.0,19.0,29,2.0,14.0,25.0,1,3,1,3,8,0,0,0,0,0,0,97,10392,145.0,8,0,0,0,0,1,0,1,0,0
55563.0,0,1,22,29.0,1.0,9,2.0,0.0,2.0,1,2,0,3,3,0,0,0,0,0,0,64,10445,43.0,6,0,0,1,0,0,0,0,0,0
74250.0,0,0,90,680.0,11.0,392,75.0,0.0,25.0,1,2,11,4,1,0,0,0,0,0,0,84,10514,1183.0,18,0,0,0,0,1,0,0,1,0
7500.0,1,0,63,10.0,17.0,18,8.0,26.0,40.0,4,3,2,2,9,0,0,0,0,0,0,50,10933,119.0,11,0,1,0,0,0,0,1,0,0
79205.0,0,0,73,504.0,23.0,117,179.0,28.0,44.0,1,6,5,4,4,0,0,0,1,0,0,67,11029,895.0,16,1,0,1,0,0,1,0,0,0
23295.0,0,0,72,0.0,0.0,1,2.0,12.0,5.0,1,1,0,2,8,0,0,0,0,0,0,83,10711,20.0,4,0,0,1,0,0,0,0,0,0
44602.0,1,1,35,167.0,2.0,89,0.0,0.0,25.0,6,6,1,4,8,0,0,0,0,0,0,73,10494,283.0,17,0,0,0,1,0,0,0,1,0
45759.0,1,1,13,42.0,1.0,18,3.0,0.0,4.0,2,2,0,3,7,0,0,0,0,0,0,78,10851,68.0,7,0,0,0,0,1,1,0,0,0
39996.0,1,1,85,11.0,0.0,3,0.0,0.0,1.0,1,1,0,2,6,0,0,0,0,0,0,68,10398,15.0,4,0,0,1,0,0,0,0,0,0
21063.0,1,0,34,1.0,10.0,11,19.0,3.0,15.0,2,2,0,3,6,0,0,0,0,0,0,55,10637,59.0,7,0,1,0,0,0,0,1,0,0
73059.0,0,1,36,410.0,112.0,420,0.0,82.0,71.0,1,9,3,13,4,0,0,0,0,0,0,95,10662,1095.0,26,0,0,0,0,1,0,0,1,0
38680.0,1,0,97,11.0,0.0,36,15.0,5.0,12.0,1,2,0,3,7,0,0,0,0,0,0,58,10818,79.0,6,0,0,1,0,0,1,0,0,0
41411.0,0,0,11,37.0,32.0,38,11.0,3.0,18.0,1,2,1,4,6,0,0,0,0,0,0,56,10564,139.0,8,0,0,1,0,0,0,0,0,0
42586.0,1,1,7,194.0,2.0,56,0.0,0.0,0.0,5,4,1,6,8,0,0,0,0,0,0,87,10968,252.0,16,0,0,1,0,0,0,0,1,0
34176.0,1,0,12,5.0,7.0,24,19.0,14.0,20.0,4,3,0,4,6,0,0,0,0,0,0,54,10408,89.0,11,0,0,1,0,0,0,1,0,0
25545.0,1,0,35,32.0,1.0,64,16.0,12.0,85.0,3,2,2,3,6,0,0,0,0,0,0,55,11019,210.0,10,0,0,1,0,0,1,0,0,0
53863.0,0,1,4,399.0,4.0,30,6.0,4.0,30.0,3,7,1,7,7,0,1,0,0,0,0,87,10403,473.0,18,1,0,1,0,0,0,0,1,0
75693.0,0,0,10,797.0,8.0,293,72.0,97.0,30.0,1,11,4,6,4,0,1,1,1,0,0,74,10930,1297.0,22,3,0,1,0,0,0,0,0,0
89616.0,0,0,36,671.0,47.0,655,145.0,111.0,15.0,1,7,5,12,2,0,0,0,0,0,0,59,10849,1644.0,25,0,0,0,1,0,0,1,0,0
51550.0,1,1,87,19.0,4.0,12,2.0,2.0,6.0,1,1,0,3,5,0,0,0,0,0,0,84,11024,45.0,5,0,0,1,0,0,0,0,1,0
87305.0,0,0,19,345.0,25.0,501,63.0,138.0,80.0,1,5,3,8,2,0,0,1,0,0,0,82,11004,1152.0,17,1,0,0,0,0,0,0,0,0
59041.0,1,1,25,69.0,2.0,15,2.0,2.0,6.0,2,2,0,4,5,0,0,0,0,0,0,69,10413,96.0,8,0,0,1,0,0,1,0,0,0
33564.0,0,1,51,61.0,0.0,3,0.0,0.0,7.0,1,1,1,3,5,0,0,0,0,0,0,76,10365,71.0,6,0,0,0,1,0,0,0,1,0
60894.0,0,1,61,606.0,7.0,155,10.0,0.0,54.0,5,10,3,8,7,0,0,0,0,0,0,76,10726,832.0,26,0,0,1,0,0,0,0,1,0
40101.0,1,0,73,171.0,3.0,129,26.0,24.0,62.0,4,6,1,6,7,0,0,0,0,0,0,57,10983,415.0,17,0,0,0,1,0,0,0,1,0
50943.0,0,1,49,31.0,0.0,7,2.0,0.0,6.0,1,1,0,3,5,0,0,0,0,0,0,86,10733,46.0,5,0,0,0,1,0,0,0,1,0
15716.0,1,0,8,16.0,5.0,30,8.0,7.0,26.0,3,3,0,4,8,0,0,0,0,0,1,54,10954,92.0,10,0,0,0,0,0,1,0,0,0
75114.0,0,0,40,571.0,12.0,523,63.0,60.0,24.0,1,3,10,5,2,0,0,0,0,0,0,50,10594,1253.0,19,0,0,1,0,0,0,0,1,0
83151.0,0,0,80,968.0,147.0,842,137.0,42.0,210.0,1,5,7,10,2,1,0,1,1,0,0,70,10864,2346.0,23,3,0,0,1,0,1,0,0,0
38054.0,1,1,24,23.0,2.0,17,2.0,1.0,0.0,2,2,0,3,7,0,0,0,0,0,0,92,10419,45.0,7,0,0,0,1,0,0,0,0,0
54237.0,0,1,48,267.0,3.0,30,4.0,0.0,57.0,4,5,2,5,6,0,0,0,0,0,0,85,10788,361.0,16,0,0,0,0,1,0,0,0,0
32892.0,1,0,78,26.0,0.0,15,2.0,1.0,2.0,2,3,0,3,8,0,0,0,0,0,0,71,10395,46.0,8,0,0,0,0,1,0,0,1,0
25965.0,0,0,29,2.0,2.0,11,41.0,7.0,11.0,1,2,0,3,8,0,0,0,0,0,0,62,11020,74.0,6,0,1,0,0,0,1,0,0,0
79529.0,0,0,1,423.0,42.0,706,73.0,197.0,197.0,1,4,8,9,2,0,0,0,0,0,0,56,10423,1638.0,22,0,0,1,0,0,1,0,0,0
46757.0,0,1,71,777.0,30.0,163,0.0,51.0,122.0,6,4,4,7,9,0,0,0,0,0,0,79,10950,1143.0,21,0,0,0,0,1,0,1,0,0
22634.0,0,0,47,2.0,23.0,11,8.0,6.0,46.0,1,2,1,2,8,0,0,0,0,0,0,76,10889,96.0,6,0,1,0,0,0,0,0,1,0
45143.0,0,1,74,202.0,5.0,74,11.0,5.0,14.0,3,6,1,5,7,0,0,0,0,0,0,77,10667,311.0,15,0,0,0,1,0,0,0,1,0
71866.0,0,1,85,184.0,178.0,178,103.0,39.0,33.0,1,6,3,10,3,0,0,0,0,0,0,86,10546,715.0,20,0,0,1,0,0,1,0,0,0
43300.0,0,1,87,91.0,3.0,52,2.0,1.0,31.0,3,4,0,4,8,0,0,0,0,0,0,71,10984,180.0,11,0,0,1,0,0,0,0,0,0
9722.0,1,0,7,6.0,17.0,16,6.0,16.0,42.0,4,3,1,3,8,0,0,0,0,0,0,69,10995,103.0,11,0,1,0,0,0,0,0,1,0
30279.0,1,0,13,10.0,4.0,14,4.0,4.0,1.0,1,1,0,3,8,0,0,0,0,0,0,53,10906,37.0,5,0,0,1,0,0,0,1,0,0
38946.0,0,1,84,116.0,6.0,82,6.0,6.0,41.0,2,3,1,6,5,0,0,0,0,0,0,87,10608,257.0,12,0,0,1,0,0,0,0,1,0
78041.0,0,0,93,482.0,35.0,553,72.0,160.0,17.0,1,4,4,9,2,0,0,0,0,0,0,71,10920,1319.0,18,0,0,0,0,0,1,0,0,0
18358.0,1,0,49,6.0,8.0,19,16.0,4.0,4.0,3,3,0,4,7,0,0,0,0,0,0,53,10581,57.0,10,0,0,1,0,0,0,1,0,0
62204.0,0,2,38,317.0,46.0,247,151.0,46.0,139.0,1,4,5,12,3,0,0,0,0,0,0,82,11015,946.0,22,0,0,1,0,0,0,0,0,0
72309.0,0,0,64,960.0,0.0,883,50.0,38.0,0.0,1,5,6,8,3,0,0,0,1,0,0,66,10835,1931.0,20,1,0,0,1,0,0,1,0,0
30560.0,1,0,6,9.0,1.0,5,4.0,5.0,7.0,1,1,0,3,7,0,0,0,0,0,0,66,10727,31.0,5,0,0,0,1,0,0,0,1,0
75032.0,0,1,74,952.0,12.0,180,47.0,12.0,12.0,2,5,4,9,3,0,0,0,0,0,0,83,10787,1215.0,20,0,0,0,0,1,1,0,0,0
51550.0,0,1,39,187.0,5.0,65,26.0,20.0,14.0,2,4,2,6,5,0,0,0,0,0,0,72,10814,317.0,14,0,0,0,1,0,0,0,1,0
51550.0,1,0,57,11.0,3.0,22,2.0,2.0,6.0,2,2,0,3,6,0,0,0,0,0,0,60,10737,46.0,7,0,0,1,0,0,0,1,0,0
16653.0,1,0,10,5.0,7.0,31,15.0,4.0,7.0,3,2,1,3,6,0,0,0,0,0,0,63,10432,69.0,9,0,0,0,1,0,0,1,0,0
72335.0,0,0,2,1285.0,105.0,653,28.0,21.0,0.0,1,10,4,8,8,0,0,0,0,0,0,66,11045,2092.0,23,0,0,0,0,1,0,0,1,0
17323.0,0,0,38,3.0,14.0,17,6.0,1.0,5.0,1,1,0,3,8,0,0,0,0,0,0,55,10987,46.0,5,0,0,1,0,0,1,0,0,0
19986.0,1,0,74,3.0,6.0,5,0.0,2.0,6.0,1,0,0,3,7,0,0,0,0,0,0,57,10587,22.0,4,0,0,1,0,0,1,0,0,0
15759.0,0,0,12,1.0,2.0,5,6.0,0.0,25.0,1,1,0,2,7,0,0,0,0,0,0,86,10657,39.0,4,0,0,1,0,0,1,0,0,0
54603.0,1,1,85,145.0,13.0,46,17.0,2.0,4.0,6,4,2,4,7,0,0,0,0,0,0,86,10715,227.0,16,0,0,0,1,0,0,0,1,0
80763.0,0,0,17,674.0,168.0,108,192.0,42.0,231.0,1,5,11,6,3,0,0,1,1,0,0,92,10678,1415.0,23,2,0,1,0,0,1,0,0,0
55614.0,0,0,85,504.0,13.0,131,8.0,0.0,26.0,1,9,4,6,7,0,1,0,0,0,0,98,10574,682.0,20,1,0,0,0,1,0,0,0,0
25930.0,1,1,87,6.0,1.0,2,2.0,0.0,4.0,1,1,0,2,7,0,0,0,0,0,0,75,10622,15.0,4,0,0,1,0,0,0,1,0,0
89120.0,0,0,78,1168.0,92.0,408,72.0,129.0,55.0,1,5,6,7,1,0,0,1,0,0,0,83,10464,1924.0,19,1,0,0,1,0,0,0,1,0
77298.0,0,1,46,425.0,115.0,292,23.0,35.0,79.0,1,6,6,11,3,0,0,0,0,0,0,63,10599,969.0,24,0,0,1,0,0,0,0,1,0
6560.0,0,0,2,67.0,11.0,26,4.0,3.0,262.0,0,1,0,1,17,0,0,0,0,0,0,60,10559,373.0,2,0,0,0,1,0,0,1,0,0
71022.0,0,1,30,909.0,12.0,278,0.0,12.0,242.0,3,5,2,11,8,1,0,0,0,0,0,64,10498,1453.0,21,1,0,1,0,0,0,0,0,0
33419.0,0,1,76,56.0,0.0,12,0.0,0.0,18.0,2,2,0,4,7,0,0,0,0,0,0,80,10676,86.0,8,0,0,0,0,1,0,1,0,0
34704.0,0,1,65,29.0,0.0,5,0.0,1.0,5.0,1,1,0,3,5,0,0,0,0,0,0,76,10788,40.0,5,0,0,1,0,0,0,1,0,0
21474.0,1,0,0,6.0,16.0,24,11.0,0.0,34.0,2,3,1,2,7,1,0,0,0,0,0,53,10442,91.0,8,1,0,1,0,0,0,1,0,0
33039.0,1,0,4,30.0,8.0,12,8.0,8.0,12.0,1,2,0,4,5,0,0,0,0,0,0,64,10653,78.0,7,0,0,1,0,0,1,0,0,0
28510.0,1,1,72,44.0,5.0,19,0.0,4.0,19.0,3,2,0,4,5,0,0,0,0,0,0,61,10802,91.0,9,0,0,1,0,0,0,0,0,0
35790.0,1,0,54,12.0,6.0,20,30.0,1.0,3.0,2,2,0,3,7,0,0,0,0,0,0,65,10903,72.0,7,0,0,1,0,0,0,1,0,0
44124.0,0,1,62,284.0,0.0,55,0.0,6.0,52.0,4,6,2,5,8,0,0,0,0,0,0,96,10774,397.0,17,0,0,0,0,1,0,0,1,0
65352.0,0,1,43,284.0,3.0,84,4.0,7.0,23.0,2,4,2,8,4,0,0,0,0,0,0,68,10672,405.0,16,0,0,0,0,1,1,0,0,0
26759.0,1,0,65,25.0,3.0,16,8.0,5.0,2.0,2,2,1,3,6,0,0,0,0,0,0,70,10502,59.0,8,0,0,1,0,0,0,0,0,0
62772.0,0,1,74,581.0,49.0,157,43.0,8.0,108.0,1,5,6,11,2,0,1,0,0,0,0,73,10766,946.0,23,1,0,0,1,0,0,1,0,0
50116.0,1,1,68,54.0,0.0,10,0.0,0.0,2.0,2,1,0,4,5,0,1,0,0,0,0,85,10369,66.0,7,1,0,1,0,0,0,0,1,0
42557.0,0,1,98,192.0,5.0,53,0.0,5.0,15.0,4,6,1,4,8,0,0,0,0,0,0,68,11029,270.0,15,0,0,1,0,0,1,0,0,0
79946.0,0,0,19,395.0,183.0,565,166.0,141.0,28.0,1,5,11,5,3,0,0,0,0,0,0,76,10408,1478.0,22,0,0,1,0,0,0,0,0,1
46904.0,1,1,20,153.0,4.0,56,0.0,9.0,31.0,4,5,1,4,8,0,0,0,0,0,0,75,10963,253.0,14,0,0,1,0,0,0,1,0,0
43269.0,1,0,61,10.0,1.0,7,0.0,0.0,1.0,1,1,0,2,8,0,0,0,0,0,0,70,10646,19.0,4,0,0,0,0,1,1,0,0,0
70924.0,0,0,41,635.0,114.0,254,132.0,152.0,76.0,1,6,6,7,3,0,0,1,0,0,0,77,10443,1363.0,20,1,0,0,0,0,1,0,0,0
36790.0,0,0,14,3.0,3.0,14,15.0,21.0,10.0,1,2,1,2,9,0,0,0,0,0,0,59,10845,66.0,6,0,0,1,0,0,1,0,0,0
77437.0,0,0,70,560.0,21.0,442,29.0,44.0,29.0,1,4,5,13,1,0,0,1,0,0,0,79,10575,1125.0,23,1,0,1,0,0,1,0,0,0
26642.0,1,0,71,13.0,2.0,15,2.0,2.0,8.0,2,2,0,3,6,0,0,0,0,0,0,75,10480,42.0,7,0,0,0,0,1,0,0,0,0
35765.0,1,0,86,22.0,3.0,30,0.0,5.0,15.0,2,2,0,4,6,0,0,0,0,0,0,52,10560,75.0,8,0,0,1,0,0,1,0,0,0
38961.0,1,0,60,19.0,7.0,19,0.0,1.0,24.0,1,2,1,2,7,0,0,0,0,0,0,69,10541,70.0,6,0,0,0,1,0,1,0,0,0
63684.0,0,1,61,575.0,80.0,428,208.0,93.0,80.0,3,8,4,8,5,0,0,0,0,0,0,72,10940,1464.0,23,0,0,1,0,0,1,0,0,0
73454.0,0,0,95,982.0,73.0,351,56.0,14.0,175.0,1,2,4,6,5,1,0,0,0,0,0,55,10480,1651.0,13,1,0,0,1,0,0,1,0,0
51315.0,0,0,45,68.0,28.0,39,16.0,30.0,41.0,1,2,2,5,2,0,0,0,0,0,0,94,10486,222.0,10,0,0,1,0,0,0,0,1,0
86857.0,0,0,96,899.0,102.0,838,133.0,102.0,40.0,1,5,6,10,2,0,0,0,0,0,0,70,11015,2114.0,22,0,0,0,0,1,0,1,0,0
52278.0,0,1,24,953.0,0.0,71,0.0,0.0,174.0,6,10,5,10,8,0,0,0,0,0,0,79,10880,1198.0,31,0,0,0,0,1,0,0,0,1
15287.0,1,0,60,1.0,2.0,8,4.0,3.0,13.0,2,1,1,2,7,1,0,0,0,0,0,63,10987,31.0,6,1,0,1,0,0,0,0,0,0
65073.0,0,0,65,629.0,17.0,177,69.0,0.0,8.0,1,5,3,5,2,0,0,0,0,0,1,99,10673,900.0,14,0,0,0,1,0,1,0,0,0
72228.0,0,0,87,631.0,28.0,491,30.0,14.0,56.0,1,6,7,8,3,0,0,0,0,0,0,90,10939,1250.0,22,0,0,1,0,0,0,1,0,0
65316.0,1,1,65,112.0,6.0,92,3.0,9.0,38.0,2,3,2,5,4,0,0,0,0,0,0,80,10791,260.0,12,0,0,1,0,0,1,0,0,0
28718.0,1,0,78,12.0,4.0,6,11.0,8.0,16.0,2,2,0,3,8,0,0,0,0,0,0,60,10711,57.0,7,0,0,1,0,0,1,0,0,0
74854.0,1,2,90,856.0,59.0,487,58.0,29.0,73.0,7,2,5,5,5,0,0,0,0,0,0,72,10807,1562.0,19,0,0,1,0,0,0,0,1,0
91712.0,0,0,47,1276.0,24.0,746,94.0,29.0,48.0,0,9,7,11,3,0,0,1,0,0,0,95,10615,2217.0,27,1,0,0,1,0,0,1,0,0
32889.0,1,1,78,28.0,0.0,13,4.0,2.0,8.0,3,2,1,3,5,0,0,0,0,0,0,74,10656,55.0,9,0,0,0,1,0,0,0,1,0
35684.0,1,0,66,10.0,4.0,7,0.0,6.0,3.0,1,1,0,3,6,0,0,0,0,0,0,58,10428,30.0,5,0,0,0,0,0,1,0,0,0
38946.0,0,1,84,116.0,6.0,82,6.0,6.0,41.0,2,3,1,6,5,0,0,0,0,0,0,87,10608,257.0,12,0,0,1,0,0,0,0,1,0
82716.0,0,0,8,606.0,148.0,228,15.0,148.0,22.0,1,6,8,13,2,0,0,0,0,0,0,98,10596,1167.0,28,0,0,0,0,1,0,1,0,0
80995.0,0,1,83,860.0,28.0,409,73.0,56.0,56.0,1,8,9,4,4,0,0,0,0,0,0,84,10774,1482.0,22,0,0,0,0,1,0,0,0,1
77863.0,0,0,20,881.0,38.0,319,16.0,25.0,12.0,1,4,5,10,2,0,0,0,0,0,0,84,10574,1291.0,20,0,0,0,0,1,0,0,1,0
42429.0,0,1,99,55.0,0.0,6,2.0,0.0,4.0,2,1,1,3,5,0,0,0,0,0,0,69,10498,67.0,7,0,0,1,0,0,0,0,0,1
40689.0,0,1,69,270.0,3.0,27,39.0,6.0,99.0,7,7,1,5,8,0,0,0,0,0,0,91,10828,444.0,20,0,0,1,0,0,0,0,1,0
78353.0,0,1,51,752.0,122.0,476,39.0,153.0,34.0,1,10,2,11,8,0,0,0,0,0,0,83,10799,1576.0,24,0,0,0,0,0,0,0,0,0
40590.0,1,1,30,154.0,0.0,50,6.0,11.0,37.0,5,3,4,3,6,1,0,0,0,0,0,73,10630,258.0,15,1,0,1,0,0,0,0,0,1
46984.0,1,1,71,19.0,1.0,10,2.0,1.0,8.0,1,1,0,3,5,0,0,0,0,0,0,86,10820,41.0,5,0,0,1,0,0,0,0,0,1
67087.0,0,1,40,329.0,35.0,222,130.0,35.0,25.0,2,7,5,8,4,0,0,0,0,0,0,89,10554,776.0,22,0,0,0,1,0,1,0,0,0
57954.0,1,1,52,456.0,4.0,24,0.0,0.0,9.0,7,8,2,6,7,0,1,0,0,0,0,65,10371,493.0,23,1,0,0,1,0,0,0,1,0
33812.0,1,0,86,4.0,17.0,19,30.0,24.0,39.0,2,2,1,3,6,0,0,0,0,0,0,57,10963,133.0,8,0,0,0,0,0,0,1,0,0
62499.0,1,0,0,140.0,4.0,61,0.0,13.0,4.0,2,3,1,6,4,0,0,0,0,0,0,63,10562,222.0,12,0,0,0,1,0,0,0,1,0
52278.0,0,1,24,953.0,0.0,71,0.0,0.0,174.0,6,10,5,10,8,0,0,0,0,0,0,79,10880,1198.0,31,0,0,0,0,1,0,0,0,1
79803.0,0,1,54,574.0,8.0,216,21.0,16.0,33.0,1,4,3,5,1,0,0,0,0,0,0,84,10387,868.0,13,0,0,1,0,0,0,0,0,0
44377.0,1,1,70,224.0,0.0,30,0.0,0.0,10.0,8,5,1,5,8,0,0,0,0,0,0,74,10992,264.0,19,0,0,0,0,1,1,0,0,0
22574.0,2,1,28,25.0,0.0,8,2.0,0.0,25.0,2,2,0,3,7,0,0,0,0,0,0,75,10604,60.0,7,0,0,1,0,0,1,0,0,0
50150.0,0,0,32,135.0,46.0,92,65.0,61.0,11.0,2,5,2,7,5,0,0,0,0,0,0,59,10734,410.0,16,0,0,0,0,1,1,0,0,0
65148.0,0,1,9,460.0,35.0,422,33.0,12.0,153.0,2,6,6,7,4,0,0,0,0,0,0,84,10950,1115.0,21,0,0,1,0,0,1,0,0,0
94642.0,0,0,35,879.0,143.0,797,106.0,143.0,143.0,0,5,7,9,1,0,0,1,1,0,0,91,10497,2211.0,21,2,0,1,0,0,1,0,0,0
76653.0,0,0,91,736.0,63.0,946,219.0,189.0,126.0,1,4,7,11,2,0,0,1,1,0,0,73,10677,2279.0,23,2,0,1,0,0,0,0,1,0
47320.0,0,1,10,200.0,19.0,111,50.0,15.0,19.0,6,5,1,8,6,0,0,0,0,0,0,85,10692,414.0,20,0,0,1,0,0,0,0,1,0
61010.0,0,1,57,888.0,0.0,57,0.0,0.0,76.0,2,8,5,11,5,0,0,0,0,0,0,90,10988,1021.0,26,0,0,0,0,1,0,0,1,0
38643.0,1,1,45,22.0,2.0,14,0.0,1.0,10.0,2,2,0,3,7,0,0,0,0,0,1,64,10572,49.0,7,0,0,1,0,0,0,1,0,0
26067.0,1,0,49,22.0,2.0,18,0.0,2.0,12.0,3,3,0,3,8,0,0,0,0,0,0,68,10597,56.0,9,0,0,1,0,0,1,0,0,0
79734.0,0,0,72,572.0,8.0,232,23.0,62.0,17.0,1,4,3,6,1,0,0,0,1,0,0,73,10361,914.0,14,1,0,0,1,0,1,0,0,0
66480.0,1,1,71,199.0,9.0,57,20.0,21.0,6.0,7,4,1,7,4,0,0,0,0,0,0,77,10389,312.0,19,0,0,1,0,0,1,0,0,0
59304.0,0,1,81,418.0,61.0,428,80.0,51.0,10.0,3,7,8,10,5,0,0,0,0,0,0,78,10695,1048.0,28,0,0,0,0,1,1,0,0,0
24639.0,1,1,3,20.0,3.0,16,0.0,4.0,1.0,3,2,0,4,6,0,0,0,0,0,0,69,10512,44.0,9,0,0,1,0,0,1,0,0,0
78497.0,0,0,44,207.0,26.0,447,75.0,0.0,223.0,1,5,7,12,2,0,0,0,1,0,0,91,10570,978.0,25,1,0,0,0,0,1,0,0,0
45203.0,2,0,4,35.0,3.0,67,10.0,8.0,24.0,1,3,1,3,6,0,0,0,0,0,0,60,10458,147.0,8,0,0,1,0,0,0,0,1,0
24882.0,1,0,52,1.0,4.0,10,29.0,0.0,36.0,1,1,1,2,6,1,0,0,0,0,0,64,11018,80.0,5,1,1,0,0,0,0,0,1,0
64509.0,0,0,19,836.0,185.0,575,24.0,25.0,77.0,1,6,3,9,4,1,0,0,0,0,0,52,10676,1722.0,19,1,0,1,0,0,0,1,0,0
13672.0,1,1,86,6.0,2.0,9,2.0,1.0,5.0,2,1,0,3,8,0,0,0,0,0,0,82,10798,25.0,6,0,0,1,0,0,0,0,1,0
85844.0,0,0,62,938.0,19.0,843,25.0,95.0,38.0,1,6,6,7,2,0,0,1,0,0,0,69,10391,1958.0,20,1,0,0,0,1,1,0,0,0
68316.0,0,1,54,806.0,80.0,161,120.0,11.0,33.0,5,10,7,10,6,0,0,0,0,0,0,78,10962,1211.0,32,0,0,0,0,0,0,0,1,0
65695.0,0,1,50,371.0,32.0,189,0.0,58.0,6.0,2,5,4,10,4,0,0,0,0,0,0,82,10509,656.0,21,0,0,0,0,1,1,0,0,0
75278.0,0,0,17,304.0,98.0,230,150.0,74.0,74.0,1,6,3,13,3,0,0,0,0,0,0,90,10876,930.0,23,0,0,1,0,0,0,0,1,0
65814.0,0,1,90,561.0,14.0,113,10.0,14.0,35.0,3,8,2,10,5,0,0,0,0,0,0,76,10479,747.0,23,0,0,0,0,1,0,0,1,0
62981.0,0,0,21,796.0,14.0,590,38.0,44.0,0.0,1,4,5,13,3,0,1,0,0,0,0,75,10829,1482.0,23,1,0,0,0,1,0,0,1,0
62845.0,1,1,3,1099.0,0.0,45,0.0,0.0,34.0,11,3,4,10,8,0,1,0,0,0,0,93,10996,1178.0,28,1,0,0,1,0,1,0,0,0
77981.0,1,0,78,138.0,120.0,204,16.0,126.0,60.0,3,7,4,7,5,0,0,0,0,0,0,70,10759,664.0,21,0,0,1,0,0,1,0,0,0
58597.0,1,1,20,490.0,0.0,184,10.0,28.0,21.0,12,7,4,9,7,0,0,0,0,0,0,66,10946,733.0,32,0,0,1,0,0,1,0,0,0
82584.0,0,0,26,1076.0,68.0,103,29.0,91.0,68.0,1,3,4,8,1,0,1,1,0,0,0,68,10750,1435.0,16,2,0,0,1,0,1,0,0,0
25252.0,1,0,26,1.0,3.0,4,2.0,2.0,6.0,1,1,0,2,8,0,0,0,0,0,0,56,10712,18.0,4,0,0,1,0,0,1,0,0,0
60230.0,0,1,78,520.0,20.0,367,39.0,81.0,40.0,2,6,3,6,5,0,0,0,0,0,0,86,10765,1067.0,17,0,0,1,0,0,0,1,0,0
30631.0,1,0,75,15.0,6.0,20,4.0,5.0,20.0,1,3,1,2,7,0,0,0,0,0,0,68,10712,70.0,7,0,0,1,0,0,1,0,0,0
27203.0,1,1,92,13.0,2.0,21,4.0,0.0,24.0,2,1,1,2,8,0,0,0,0,0,0,92,11052,64.0,6,0,0,1,0,0,0,0,1,0
39552.0,1,1,54,165.0,3.0,147,4.0,24.0,41.0,7,6,2,5,8,0,0,0,0,0,0,80,10918,384.0,20,0,0,1,0,0,0,0,0,0
83003.0,0,0,18,856.0,61.0,570,40.0,25.0,122.0,1,7,6,8,3,0,0,1,0,0,0,77,10843,1674.0,22,1,0,1,0,0,0,0,1,0
61284.0,0,0,76,618.0,15.0,106,20.0,7.0,45.0,1,11,2,8,6,0,1,0,0,0,0,87,10620,811.0,22,1,0,0,0,1,0,1,0,0
44503.0,1,1,83,31.0,1.0,8,0.0,0.0,8.0,2,2,0,3,6,0,0,0,0,0,0,70,10434,48.0,7,0,0,1,0,0,0,1,0,0
77583.0,0,0,93,372.0,23.0,384,250.0,12.0,108.0,1,4,5,9,2,0,0,0,1,0,0,64,10499,1149.0,19,1,0,1,0,0,1,0,0,0
40637.0,1,1,72,22.0,0.0,13,0.0,0.0,3.0,2,1,0,3,7,0,0,0,0,0,0,77,10707,38.0,6,0,0,0,0,1,0,1,0,0
57338.0,0,1,96,143.0,6.0,52,11.0,8.0,17.0,2,4,1,5,5,0,0,0,0,0,0,67,10421,237.0,12,0,0,1,0,0,0,1,0,0
80427.0,0,1,56,1149.0,71.0,449,69.0,71.0,26.0,1,11,8,8,5,0,0,0,0,0,0,67,11015,1835.0,28,0,0,0,0,1,1,0,0,0
57136.0,0,0,18,267.0,140.0,599,34.0,12.0,127.0,1,7,5,7,6,0,0,0,0,0,0,75,10767,1179.0,20,0,0,1,0,0,0,0,0,0
71322.0,0,1,57,753.0,43.0,226,69.0,10.0,204.0,2,8,5,13,4,0,0,0,0,0,0,77,10858,1305.0,28,0,0,0,0,1,1,0,0,0
55282.0,1,0,9,125.0,6.0,73,8.0,4.0,19.0,1,3,1,6,4,0,0,0,0,0,0,72,10558,235.0,11,0,0,0,1,0,0,0,0,0
7500.0,1,1,5,6.0,5.0,4,13.0,4.0,25.0,4,2,1,3,6,0,0,0,0,0,0,64,10909,57.0,10,0,0,1,0,0,0,1,0,0
59601.0,0,1,14,691.0,7.0,69,0.0,7.0,23.0,4,2,2,7,8,0,1,0,0,0,0,65,10699,797.0,15,1,0,0,0,0,0,0,0,0
77382.0,0,1,36,491.0,48.0,231,112.0,105.0,134.0,2,5,7,12,1,0,0,1,0,0,0,74,10533,1121.0,26,1,0,1,0,0,0,0,1,0
42691.0,0,0,48,179.0,2.0,64,38.0,17.0,58.0,1,5,1,6,5,0,0,0,0,0,0,51,10677,358.0,13,0,0,1,0,0,1,0,0,0
60000.0,0,1,57,1048.0,0.0,217,0.0,0.0,12.0,5,11,3,5,6,0,0,0,0,0,0,66,10914,1277.0,24,0,0,0,0,1,0,1,0,0
55956.0,0,0,22,760.0,38.0,104,50.0,9.0,38.0,2,7,3,4,4,0,1,0,0,0,0,98,10443,999.0,16,1,0,1,0,0,1,0,0,0
40479.0,1,0,95,5.0,0.0,8,2.0,0.0,0.0,1,0,0,3,4,0,0,0,0,0,0,60,10676,15.0,4,0,0,1,0,0,0,0,1,0
48877.0,0,1,27,102.0,1.0,15,2.0,0.0,24.0,1,3,0,4,7,0,0,0,0,0,0,76,10535,144.0,8,0,0,1,0,0,0,0,0,0
43641.0,1,1,50,57.0,2.0,51,4.0,2.0,23.0,3,2,1,4,6,0,0,0,0,0,0,73,10793,139.0,10,0,0,0,1,0,1,0,0,0
57912.0,0,1,34,801.0,0.0,80,0.0,0.0,35.0,5,8,3,12,5,0,1,0,0,0,0,77,10464,916.0,28,1,0,0,0,1,0,0,0,0
34935.0,0,0,71,34.0,4.0,66,3.0,10.0,20.0,1,2,1,4,7,0,0,0,0,0,0,50,10733,137.0,8,0,0,1,0,0,1,0,0,0
83151.0,0,0,93,407.0,28.0,100,120.0,74.0,18.0,1,5,9,4,3,0,0,0,0,0,0,82,10987,747.0,19,0,0,0,1,0,0,0,1,0
48186.0,1,0,39,97.0,3.0,66,12.0,7.0,34.0,3,4,1,4,7,0,0,0,0,0,0,68,10461,219.0,12,0,0,1,0,0,0,0,1,0
54210.0,0,1,18,70.0,54.0,109,80.0,9.0,45.0,2,4,1,7,5,0,0,0,0,0,0,63,10765,367.0,14,0,0,0,0,0,1,0,0,0
32011.0,1,0,89,99.0,0.0,15,2.0,1.0,5.0,3,2,1,4,7,0,0,0,0,0,0,71,10671,122.0,10,0,0,0,0,1,1,0,0,0
30081.0,0,1,27,36.0,0.0,2,0.0,0.0,4.0,1,1,0,3,7,0,0,0,0,0,0,81,10853,42.0,5,0,0,1,0,0,0,1,0,0
85696.0,0,0,88,714.0,76.0,395,116.0,0.0,12.0,1,4,6,9,1,0,0,0,0,0,0,80,10782,1313.0,20,0,0,0,0,1,0,0,0,0
17144.0,1,1,96,18.0,2.0,19,0.0,2.0,6.0,5,3,0,4,7,0,0,0,0,0,0,82,10494,47.0,12,0,0,0,1,0,0,0,1,0
66334.0,0,1,82,909.0,11.0,218,0.0,0.0,23.0,2,9,3,5,5,0,0,0,0,0,0,86,10812,1161.0,19,0,0,0,0,1,1,0,0,0
48752.0,1,1,8,73.0,57.0,100,71.0,15.0,0.0,5,6,1,5,9,0,0,0,0,0,0,73,10924,316.0,17,0,0,1,0,0,1,0,0,0
24279.0,0,0,6,16.0,36.0,21,20.0,62.0,108.0,1,4,1,3,8,0,0,0,0,0,0,52,10907,263.0,9,0,1,0,0,0,1,0,0,0
48526.0,1,0,32,23.0,17.0,23,43.0,20.0,9.0,1,2,1,4,3,0,0,0,0,0,0,63,10547,135.0,8,0,0,1,0,0,0,1,0,0
60152.0,0,1,6,325.0,83.0,300,86.0,58.0,91.0,1,6,4,12,3,0,0,0,0,0,0,63,10818,943.0,23,0,0,1,0,0,0,1,0,0
58113.0,0,1,66,221.0,104.0,169,102.0,78.0,84.0,3,9,2,8,7,0,0,0,0,0,1,83,10880,758.0,22,0,0,1,0,0,1,0,0,0
75315.0,0,1,14,459.0,15.0,171,142.0,23.0,31.0,2,5,4,12,2,0,0,0,0,0,0,88,10435,841.0,23,0,0,1,0,0,0,0,1,0
28249.0,0,0,80,1.0,9.0,7,2.0,14.0,10.0,1,2,0,3,6,0,0,0,0,0,0,81,10374,43.0,6,0,1,0,0,0,1,0,0,0
83273.0,1,2,98,433.0,89.0,650,16.0,102.0,102.0,10,4,6,9,7,0,0,0,0,0,0,72,11002,1392.0,29,0,0,1,0,0,0,1,0,0
32583.0,1,1,10,5.0,0.0,3,0.0,0.0,1.0,1,1,0,2,7,0,0,0,0,0,0,81,10374,9.0,4,0,0,0,0,1,0,0,1,0
29672.0,1,1,6,9.0,1.0,3,0.0,4.0,8.0,1,0,0,3,6,0,0,0,0,0,0,77,10834,25.0,4,0,0,1,0,0,0,0,1,0
36317.0,0,1,53,87.0,3.0,25,3.0,2.0,13.0,2,3,0,4,7,0,0,0,0,0,0,77,10763,133.0,9,0,0,1,0,0,0,0,1,0
79146.0,1,1,33,245.0,16.0,223,21.0,43.0,16.0,2,8,1,8,6,0,0,0,0,0,0,75,10426,564.0,19,0,0,1,0,0,0,1,0,0
80336.0,0,0,12,209.0,19.0,456,160.0,142.0,66.0,1,2,9,13,1,0,0,0,0,0,0,72,10653,1052.0,25,0,0,0,0,1,1,0,0,0
54549.0,0,1,8,216.0,2.0,6,0.0,0.0,9.0,2,5,1,4,7,0,0,0,0,0,0,90,10478,233.0,12,0,0,0,0,1,1,0,0,0
78618.0,0,0,87,736.0,163.0,818,212.0,163.0,61.0,1,4,7,10,2,0,1,0,0,0,0,85,10999,2153.0,22,1,0,1,0,0,1,0,0,0
42021.0,1,0,34,393.0,5.0,136,7.0,5.0,27.0,5,10,1,6,9,1,0,0,0,0,0,61,11027,573.0,22,1,0,0,1,0,0,0,1,0
51550.0,0,1,95,264.0,0.0,21,12.0,6.0,147.0,3,6,1,5,7,0,0,0,0,0,0,87,10614,450.0,15,0,0,1,0,0,0,1,0,0
30992.0,1,0,83,17.0,0.0,14,7.0,3.0,2.0,1,1,0,3,7,0,0,0,0,0,0,66,10793,43.0,5,0,0,1,0,0,0,0,0,0
70545.0,0,1,29,138.0,39.0,63,55.0,18.0,21.0,1,4,1,7,2,0,0,0,0,0,0,90,10386,334.0,13,0,0,0,1,0,0,0,1,0
60631.0,1,1,88,565.0,6.0,65,0.0,6.0,19.0,5,9,2,8,7,0,1,0,0,0,0,67,10810,661.0,24,1,0,0,0,1,1,0,0,0
33622.0,1,1,22,39.0,1.0,22,3.0,4.0,12.0,3,2,0,4,7,0,0,0,0,0,0,70,10802,81.0,9,0,0,1,0,0,1,0,0,0
65748.0,0,1,58,172.0,73.0,93,95.0,78.0,34.0,2,2,4,10,1,0,0,0,0,0,1,87,10800,545.0,18,0,0,1,0,0,0,0,1,0
65685.0,0,1,54,642.0,14.0,49,0.0,7.0,57.0,1,9,2,9,5,0,0,0,0,0,0,70,10452,769.0,21,0,0,1,0,0,1,0,0,0
27213.0,1,0,19,19.0,3.0,26,10.0,9.0,3.0,3,2,0,4,8,0,0,0,0,0,0,70,11028,70.0,9,0,0,0,0,1,0,1,0,0
15315.0,0,0,27,7.0,4.0,13,15.0,8.0,17.0,2,2,0,4,5,0,0,0,0,0,0,72,10690,64.0,8,0,0,0,0,0,1,0,0,0
65031.0,0,1,29,258.0,107.0,291,84.0,37.0,86.0,4,10,3,13,7,0,0,0,0,0,0,83,10829,863.0,30,0,0,1,0,0,1,0,0,0
33051.0,0,0,15,100.0,71.0,243,108.0,94.0,219.0,3,9,1,8,9,0,0,0,0,0,0,83,11042,835.0,21,0,0,0,1,0,0,0,0,1
80910.0,0,0,71,160.0,80.0,369,67.0,39.0,41.0,1,3,3,8,1,0,0,0,0,0,0,56,10966,756.0,15,0,0,0,0,0,0,1,0,0
67472.0,0,1,93,162.0,31.0,127,8.0,17.0,69.0,2,4,2,7,3,0,0,0,0,0,0,95,10634,414.0,15,0,0,0,0,1,1,0,0,0
50785.0,1,1,27,64.0,1.0,21,0.0,1.0,27.0,2,2,1,3,6,0,0,0,0,0,0,80,10652,114.0,8,0,0,1,0,0,0,1,0,0
88420.0,0,0,87,957.0,153.0,612,99.0,95.0,153.0,1,4,7,8,1,1,0,1,1,0,0,53,10418,2069.0,20,3,0,0,1,0,0,0,1,0
4023.0,1,1,29,5.0,0.0,1,1.0,1.0,1.0,15,0,0,0,19,0,0,0,0,0,0,79,10366,9.0,15,0,0,0,0,1,1,0,0,0
41644.0,1,1,67,20.0,3.0,4,2.0,0.0,2.0,2,1,0,3,3,0,0,0,0,0,0,70,10411,31.0,6,0,0,0,0,1,0,1,0,0
61798.0,0,0,13,338.0,4.0,89,11.0,8.0,13.0,1,4,2,9,4,0,0,0,0,0,0,78,10578,463.0,16,0,0,0,0,1,0,1,0,0
65487.0,0,0,48,240.0,67.0,500,199.0,0.0,163.0,3,3,5,6,2,0,0,0,0,0,0,85,10530,1169.0,17,0,0,0,1,0,0,0,1,0
80872.0,0,0,60,483.0,72.0,567,94.0,12.0,108.0,1,4,4,10,1,0,0,0,0,0,0,91,10408,1336.0,19,0,0,1,0,0,0,1,0,0
58350.0,0,1,5,493.0,26.0,206,116.0,80.0,80.0,4,8,3,12,6,0,0,0,0,0,0,71,10901,1001.0,27,0,0,1,0,0,0,1,0,0
52854.0,1,1,43,105.0,0.0,10,0.0,1.0,0.0,2,2,1,4,5,0,0,0,0,0,0,83,10457,116.0,9,0,0,0,0,1,1,0,0,0
51550.0,2,1,4,230.0,42.0,192,49.0,37.0,53.0,12,7,2,8,9,0,0,0,0,0,0,85,10947,603.0,29,0,0,0,0,1,1,0,0,0
34109.0,0,1,39,9.0,1.0,5,2.0,1.0,4.0,1,0,0,3,4,0,0,0,0,0,0,71,10595,22.0,4,0,0,0,1,0,1,0,0,0
20518.0,1,0,58,4.0,1.0,6,4.0,1.0,9.0,1,1,1,2,5,0,0,0,0,0,0,54,10402,25.0,5,0,0,1,0,0,0,1,0,0
36026.0,2,1,34,20.0,4.0,10,6.0,4.0,17.0,2,2,0,3,6,0,0,0,0,0,0,70,10465,61.0,7,0,0,1,0,0,1,0,0,0
52195.0,2,1,2,12.0,0.0,4,0.0,0.0,1.0,1,1,0,2,8,0,0,0,0,0,0,64,10408,17.0,4,0,0,0,0,0,0,1,0,0
51550.0,0,1,83,161.0,0.0,22,0.0,0.0,24.0,2,4,1,4,6,0,0,0,0,0,0,88,10731,207.0,11,0,0,0,1,0,0,0,1,0
42387.0,1,0,42,235.0,0.0,235,19.0,4.0,191.0,5,8,1,7,8,0,0,0,0,0,0,53,10968,684.0,21,0,0,1,0,0,1,0,0,0
76982.0,0,0,19,464.0,151.0,292,65.0,60.0,30.0,1,8,3,4,4,0,0,1,0,0,0,75,10494,1062.0,16,1,0,1,0,0,0,0,0,0
39665.0,1,0,97,127.0,1.0,56,0.0,1.0,31.0,3,4,2,3,7,1,0,0,0,0,0,61,10760,216.0,12,1,0,0,0,1,0,0,1,0
54233.0,0,1,46,652.0,8.0,158,21.0,0.0,142.0,4,11,6,5,8,0,0,0,0,0,0,65,10870,981.0,26,0,0,1,0,0,1,0,0,0
41580.0,1,1,15,56.0,5.0,24,4.0,0.0,3.0,3,2,1,3,5,0,0,0,0,0,0,64,10926,92.0,9,0,0,1,0,0,0,0,1,0
57420.0,0,1,22,280.0,0.0,18,0.0,0.0,24.0,3,5,1,6,7,0,1,0,0,0,0,71,10729,322.0,15,1,0,0,1,0,0,0,1,0
55250.0,0,1,49,664.0,58.0,83,32.0,0.0,66.0,4,7,5,10,5,0,0,0,0,0,0,77,10976,903.0,26,0,0,0,1,0,0,1,0,0
57100.0,1,0,9,158.0,11.0,99,15.0,11.0,17.0,2,3,2,7,3,0,0,0,0,0,0,55,10402,311.0,14,0,0,1,0,0,0,1,0,0
33569.0,1,0,10,16.0,2.0,18,3.0,0.0,24.0,1,1,1,2,8,1,0,0,0,0,0,59,10616,63.0,5,1,0,0,0,1,1,0,0,0
43602.0,1,1,45,19.0,5.0,12,10.0,3.0,19.0,3,3,1,2,6,0,0,0,0,0,0,76,10530,68.0,9,0,0,1,0,0,0,1,0,0
71367.0,0,0,24,227.0,23.0,389,42.0,21.0,75.0,1,4,5,7,2,0,0,0,0,0,0,83,10670,777.0,17,0,0,1,0,0,0,0,1,0
42162.0,1,0,31,46.0,7.0,59,2.0,4.0,27.0,2,3,1,3,6,1,0,0,0,0,0,61,10582,145.0,9,1,0,1,0,0,0,0,1,0
9548.0,1,0,31,0.0,1.0,3,10.0,6.0,9.0,2,1,0,3,8,0,0,0,0,0,0,66,11050,29.0,6,0,1,0,0,0,0,0,0,0
58217.0,2,1,84,68.0,1.0,13,3.0,5.0,13.0,1,2,0,4,6,0,0,0,0,0,0,91,10949,103.0,7,0,0,0,1,0,0,1,0,0
10245.0,1,0,32,4.0,7.0,7,6.0,4.0,13.0,3,1,2,2,5,0,0,0,0,0,0,71,10770,41.0,8,0,0,1,0,0,0,1,0,0
68627.0,0,0,45,395.0,15.0,263,60.0,54.0,38.0,1,2,3,6,1,0,0,0,0,0,0,60,10893,825.0,12,0,0,1,0,0,0,1,0,0
34587.0,1,1,68,7.0,2.0,9,2.0,0.0,2.0,2,1,0,3,4,0,0,0,0,0,0,89,10404,22.0,6,0,0,1,0,0,0,0,1,0
27244.0,1,0,84,6.0,5.0,17,3.0,24.0,46.0,2,2,2,2,7,0,0,0,0,0,0,63,10474,101.0,8,0,0,1,0,0,1,0,0,0
27469.0,0,0,2,9.0,1.0,2,3.0,2.0,0.0,1,0,0,3,6,0,0,0,0,0,0,95,11056,17.0,4,0,0,1,0,0,1,0,0,0
51550.0,1,1,49,5.0,1.0,9,2.0,0.0,4.0,1,1,0,2,7,0,0,0,0,0,0,78,10528,21.0,4,0,0,0,0,0,0,1,0,0
67445.0,0,1,63,757.0,80.0,217,29.0,80.0,11.0,5,9,6,12,6,0,0,0,0,0,0,68,11046,1174.0,32,0,0,1,0,0,1,0,0,0
33762.0,2,1,61,53.0,1.0,34,2.0,0.0,16.0,3,2,2,2,8,0,0,0,0,0,0,83,10717,106.0,9,0,0,0,0,1,1,0,0,0
70951.0,0,0,66,239.0,10.0,554,254.0,87.0,54.0,1,3,4,9,1,0,0,0,0,0,0,57,10781,1198.0,17,0,0,1,0,0,1,0,0,0
12393.0,0,0,38,5.0,6.0,15,11.0,7.0,13.0,1,2,0,3,9,0,0,0,0,0,0,64,10932,57.0,6,0,0,0,0,0,1,0,0,0
46692.0,0,1,37,170.0,6.0,97,24.0,12.0,88.0,3,6,1,5,6,0,0,0,0,0,0,84,10748,397.0,15,0,0,0,1,0,0,0,1,0
64813.0,1,0,81,293.0,0.0,124,179.0,97.0,52.0,1,7,2,10,5,0,0,0,0,0,0,64,10538,745.0,20,0,0,1,0,0,1,0,0,0
67046.0,0,1,92,544.0,35.0,133,23.0,151.0,107.0,2,4,5,4,2,0,0,0,0,0,0,91,10899,993.0,15,0,0,1,0,0,0,0,0,1
68695.0,0,0,3,458.0,81.0,356,106.0,50.0,40.0,1,4,4,7,2,0,0,0,0,0,0,73,10364,1091.0,16,0,0,1,0,0,0,0,1,0
44322.0,1,0,30,46.0,0.0,40,3.0,0.0,3.0,2,3,0,3,8,0,0,0,0,0,0,57,10373,92.0,8,0,0,1,0,0,1,0,0,0
37155.0,1,0,51,23.0,0.0,26,7.0,15.0,3.0,1,2,0,4,5,0,0,0,0,0,0,53,10874,74.0,7,0,0,1,0,0,1,0,0,0
19419.0,1,0,76,2.0,14.0,28,16.0,3.0,7.0,4,4,0,3,9,0,0,0,0,0,0,61,10956,70.0,11,0,0,1,0,0,1,0,0,0
75433.0,1,0,28,800.0,0.0,297,0.0,34.0,57.0,2,2,5,10,6,0,1,0,1,0,0,53,10445,1188.0,19,2,0,1,0,0,1,0,0,0
80134.0,1,0,40,1218.0,16.0,272,104.0,0.0,80.0,2,5,3,6,6,0,1,1,1,0,0,70,10765,1690.0,16,3,0,1,0,0,1,0,0,0
57091.0,0,1,82,462.0,0.0,24,6.0,0.0,4.0,2,9,2,5,7,0,1,0,0,0,0,70,10943,496.0,18,1,0,0,0,1,1,0,0,0
30822.0,1,0,92,3.0,9.0,13,2.0,12.0,12.0,1,1,0,3,7,0,0,0,0,0,0,73,10740,51.0,5,0,0,1,0,0,0,1,0,0
51287.0,1,1,10,117.0,0.0,22,13.0,0.0,30.0,3,4,1,3,7,0,0,0,0,0,0,74,10449,182.0,11,0,0,1,0,0,1,0,0,0
39858.0,1,0,67,15.0,20.0,25,2.0,7.0,26.0,1,2,0,4,6,0,0,0,0,0,0,73,10881,95.0,7,0,0,0,1,0,0,1,0,0
81795.0,0,0,74,324.0,132.0,693,27.0,118.0,88.0,1,4,11,7,2,0,0,0,0,0,0,90,10971,1382.0,23,0,0,1,0,0,1,0,0,0
29604.0,1,0,88,7.0,6.0,13,7.0,6.0,14.0,1,1,0,3,9,1,0,0,0,0,0,54,10563,53.0,5,1,0,1,0,0,0,0,1,0
70777.0,0,1,80,554.0,35.0,113,0.0,7.0,78.0,3,5,3,12,3,0,0,0,0,0,0,74,10484,787.0,23,0,0,0,1,0,1,0,0,0
51563.0,0,0,60,1166.0,0.0,48,0.0,0.0,36.0,1,4,4,10,8,0,1,1,0,0,0,55,10996,1250.0,19,2,0,0,0,1,1,0,0,0
68655.0,0,0,95,456.0,19.0,832,75.0,118.0,38.0,1,4,5,11,3,0,0,0,0,0,0,54,11048,1538.0,21,0,0,1,0,0,0,1,0,0
59925.0,0,1,83,473.0,21.0,176,19.0,21.0,56.0,3,9,2,9,6,0,0,0,0,0,0,87,10936,766.0,23,0,0,1,0,0,0,0,1,0
26816.0,0,0,50,5.0,1.0,6,3.0,4.0,3.0,1,0,0,3,4,0,0,0,0,0,0,56,11041,22.0,4,0,0,1,0,0,0,1,0,0
7500.0,0,0,59,6.0,16.0,11,11.0,1.0,16.0,1,2,0,3,8,0,0,0,0,0,0,66,10953,61.0,6,0,1,0,0,0,1,0,0,0
92859.0,0,0,46,962.0,61.0,921,52.0,61.0,20.0,1,5,4,12,2,0,0,0,0,0,0,50,10978,2077.0,22,0,0,0,1,0,0,1,0,0
63285.0,0,0,84,508.0,124.0,249,50.0,38.0,134.0,1,6,5,13,3,0,0,0,0,0,0,97,10596,1103.0,25,0,0,1,0,0,0,0,0,1
39922.0,1,0,30,29.0,12.0,59,19.0,1.0,36.0,2,3,0,4,8,0,0,0,0,0,0,59,10860,156.0,9,0,0,1,0,0,1,0,0,0
15862.0,1,0,26,1.0,1.0,4,11.0,9.0,10.0,1,1,0,3,8,0,0,0,0,0,0,63,10727,36.0,5,0,1,0,0,0,0,1,0,0
61416.0,0,0,25,848.0,154.0,323,201.0,61.0,78.0,1,10,3,10,6,1,0,0,0,0,0,60,10866,1665.0,24,1,0,1,0,0,0,0,1,0
68487.0,0,0,48,758.0,12.0,385,33.0,89.0,89.0,1,9,7,13,4,0,0,0,0,0,0,54,10892,1366.0,30,0,0,1,0,0,1,0,0,0
20194.0,1,0,64,0.0,4.0,7,11.0,10.0,15.0,2,2,0,3,6,0,0,0,0,0,0,63,10919,47.0,7,0,1,0,0,0,0,1,0,0
16860.0,1,1,19,10.0,4.0,4,3.0,3.0,14.0,3,1,1,3,7,0,0,0,0,0,0,81,11015,38.0,8,0,0,1,0,0,1,0,0,0
69520.0,0,0,95,627.0,120.0,414,121.0,80.0,93.0,1,9,6,5,5,0,0,0,0,0,0,59,10717,1455.0,21,0,0,1,0,0,1,0,0,0
46053.0,1,0,46,56.0,10.0,92,19.0,7.0,25.0,3,3,2,4,5,0,0,0,0,0,0,70,10857,209.0,12,0,0,1,0,0,0,0,1,0
18929.0,0,0,15,32.0,0.0,8,23.0,4.0,18.0,1,1,0,4,6,0,0,0,0,0,0,52,10858,85.0,6,0,0,1,0,0,1,0,0,0
34916.0,2,0,89,51.0,23.0,82,33.0,0.0,42.0,4,5,1,3,9,0,0,0,0,0,0,74,10770,231.0,13,0,0,1,0,0,0,0,1,0
78499.0,0,0,12,912.0,72.0,170,47.0,36.0,97.0,1,11,3,4,4,0,0,1,0,0,0,85,10578,1334.0,19,1,0,1,0,0,0,1,0,0
67353.0,0,1,37,702.0,17.0,151,0.0,8.0,35.0,5,5,6,12,2,0,0,0,0,0,0,72,10540,913.0,28,0,0,0,0,1,1,0,0,0
35704.0,1,1,54,30.0,9.0,12,2.0,11.0,30.0,3,2,0,4,4,0,0,0,0,0,0,90,10537,94.0,9,0,0,1,0,0,1,0,0,0
70179.0,0,1,10,532.0,88.0,168,69.0,44.0,133.0,3,7,3,13,5,0,0,0,0,0,0,66,10703,1034.0,26,0,0,0,0,1,0,0,0,0
44964.0,1,1,35,19.0,1.0,17,2.0,0.0,2.0,1,1,0,3,8,0,0,0,0,0,0,62,10920,41.0,5,0,0,1,0,0,0,0,1,0
33316.0,1,1,34,79.0,1.0,31,4.0,4.0,12.0,3,2,1,4,6,0,0,0,0,0,0,71,10628,131.0,10,0,0,0,1,0,0,1,0,0
58086.0,0,1,80,708.0,7.0,62,0.0,0.0,15.0,2,11,3,7,8,0,0,0,0,0,0,73,10885,792.0,23,0,0,0,0,1,0,0,0,0
61923.0,0,2,94,92.0,4.0,18,3.0,3.0,25.0,1,2,1,4,3,0,0,0,0,0,0,81,10698,145.0,8,0,0,0,1,0,1,0,0,0
18690.0,0,0,77,6.0,1.0,7,23.0,4.0,19.0,1,1,1,2,8,0,0,0,0,0,0,83,10908,60.0,5,0,0,1,0,0,1,0,0,0
70091.0,1,0,11,964.0,34.0,137,15.0,0.0,11.0,2,5,2,10,8,0,1,0,0,0,0,73,10815,1161.0,19,1,0,0,1,0,1,0,0,0
37244.0,1,1,90,18.0,2.0,10,0.0,0.0,25.0,1,1,1,2,7,1,0,0,0,0,0,87,10788,55.0,5,1,0,1,0,0,0,0,0,0
52750.0,0,1,72,393.0,0.0,239,90.0,69.0,69.0,6,5,7,9,4,0,0,0,0,0,0,87,10870,860.0,27,0,0,0,1,0,1,0,0,0
79823.0,0,1,6,835.0,73.0,380,114.0,73.0,43.0,1,6,9,7,2,0,1,0,0,0,0,83,10450,1518.0,23,1,0,1,0,0,1,0,0,0
51650.0,0,1,81,152.0,3.0,22,2.0,5.0,7.0,1,4,1,4,5,0,0,0,0,0,0,66,10409,191.0,10,0,0,0,0,1,1,0,0,0
25509.0,1,0,15,40.0,3.0,30,10.0,7.0,11.0,3,3,0,3,9,0,0,0,0,0,0,68,11009,101.0,9,0,0,0,0,1,0,0,0,0
19514.0,1,1,47,14.0,3.0,21,2.0,1.0,28.0,4,3,1,2,8,1,0,0,0,0,0,74,10514,69.0,10,1,0,1,0,0,1,0,0,0
65106.0,0,1,55,790.0,19.0,133,12.0,0.0,19.0,3,8,3,13,6,0,1,0,0,0,0,67,10396,973.0,27,1,0,1,0,0,1,0,0,0
39922.0,1,0,30,29.0,12.0,59,19.0,1.0,36.0,2,3,0,4,8,0,0,0,0,0,0,59,10860,156.0,9,0,0,1,0,0,1,0,0,0
35788.0,1,1,34,23.0,2.0,11,3.0,1.0,4.0,2,2,0,3,6,0,0,0,0,0,0,71,10517,44.0,7,0,0,1,0,0,1,0,0,0
77598.0,0,0,53,1193.0,33.0,281,129.0,66.0,33.0,1,7,5,13,3,0,0,1,0,0,0,99,10631,1735.0,26,1,0,0,1,0,0,1,0,0
81169.0,0,0,47,1288.0,20.0,613,80.0,61.0,27.0,1,5,7,9,2,0,0,0,0,0,0,67,10801,2089.0,22,0,0,0,1,0,0,1,0,0
55267.0,0,1,28,161.0,28.0,136,32.0,3.0,45.0,4,3,4,6,3,0,0,0,0,0,0,85,10611,405.0,17,0,0,1,0,0,1,0,0,0
61787.0,0,0,71,621.0,73.0,414,78.0,48.0,85.0,1,8,4,6,5,0,0,0,0,0,0,55,10718,1319.0,19,0,0,0,1,0,0,0,0,0
42607.0,0,1,30,156.0,29.0,56,30.0,32.0,47.0,2,3,2,7,3,0,0,0,0,0,0,88,10584,350.0,14,0,0,0,0,0,0,1,0,0
54450.0,1,1,0,454.0,0.0,171,8.0,19.0,32.0,12,9,2,8,8,0,0,0,0,0,0,86,11013,684.0,31,0,0,1,0,0,0,0,1,0
49154.0,1,1,69,206.0,10.0,67,30.0,27.0,71.0,6,4,1,8,6,0,0,0,0,0,0,82,10598,411.0,19,0,0,0,0,1,1,0,0,0
31353.0,1,1,24,10.0,0.0,10,3.0,1.0,7.0,2,1,1,2,8,0,0,0,0,0,0,65,10542,31.0,6,0,0,1,0,0,1,0,0,0
53253.0,1,1,61,216.0,9.0,57,20.0,9.0,125.0,7,4,3,5,5,0,0,0,0,0,0,67,10863,436.0,19,0,0,0,1,0,0,0,1,0
81657.0,0,0,69,364.0,40.0,425,158.0,60.0,50.0,1,3,4,8,1,0,0,0,0,0,0,73,10518,1097.0,16,0,0,1,0,0,0,1,0,0
85693.0,0,1,59,386.0,172.0,183,185.0,132.0,111.0,2,9,5,11,5,0,0,0,0,0,0,63,10795,1169.0,27,0,0,1,0,0,0,0,1,0
49681.0,0,2,66,411.0,0.0,26,0.0,0.0,21.0,6,7,1,7,7,0,0,0,0,0,0,66,10597,458.0,21,0,0,0,1,0,1,0,0,0
46086.0,0,1,34,244.0,8.0,32,7.0,2.0,50.0,4,3,1,8,4,0,0,0,0,0,0,86,10598,343.0,16,0,0,1,0,0,0,0,0,0
35924.0,1,1,56,8.0,0.0,14,2.0,3.0,7.0,1,1,0,3,5,0,0,0,0,0,0,73,10458,34.0,5,0,0,0,1,0,0,0,1,0
37758.0,1,1,49,27.0,2.0,10,0.0,0.0,1.0,2,1,0,3,8,0,0,0,0,0,0,76,10993,40.0,6,0,0,1,0,0,0,0,1,0
81698.0,0,0,4,179.0,28.0,520,111.0,123.0,47.0,1,3,8,13,1,0,0,0,0,0,0,93,10595,1008.0,25,0,0,0,1,0,1,0,0,0
30753.0,1,1,85,12.0,5.0,25,0.0,9.0,30.0,2,1,1,3,5,0,0,0,0,0,0,75,10713,81.0,7,0,0,0,0,0,0,0,1,0
34600.0,1,1,8,199.0,33.0,60,8.0,3.0,15.0,5,5,2,5,8,0,0,0,0,0,0,71,10904,318.0,17,0,0,1,0,0,0,0,1,0
7500.0,1,0,19,3.0,1.0,10,3.0,2.0,12.0,3,2,0,3,5,0,0,0,0,0,0,67,10630,31.0,8,0,0,0,1,0,1,0,0,0
42835.0,1,1,64,379.0,4.0,93,12.0,9.0,98.0,7,6,6,4,6,0,0,0,0,0,0,71,10724,595.0,23,0,0,0,1,0,0,0,0,0
56962.0,2,1,60,292.0,3.0,77,10.0,3.0,26.0,7,6,3,5,7,0,0,0,0,0,0,77,10621,411.0,21,0,0,0,1,0,1,0,0,0
14421.0,0,0,81,0.0,0.0,2,3.0,3.0,8.0,1,1,0,2,5,1,0,0,0,0,0,46,10492,16.0,4,1,1,0,0,0,1,0,0,0
48330.0,0,1,2,28.0,0.0,4,0.0,0.0,0.0,1,1,0,3,5,0,0,0,0,0,0,81,10586,32.0,5,0,0,0,1,0,0,0,1,0
77766.0,0,1,97,1004.0,59.0,265,115.0,59.0,27.0,2,11,10,11,6,1,0,0,0,0,0,75,10852,1529.0,34,1,0,0,0,1,1,0,0,0
50300.0,0,1,52,143.0,15.0,60,24.0,23.0,5.0,2,2,1,8,2,0,0,0,0,0,0,90,10395,270.0,13,0,0,1,0,0,1,0,0,0
82571.0,0,0,28,861.0,31.0,558,62.0,95.0,79.0,0,6,5,13,2,0,0,1,0,0,0,80,10448,1686.0,24,1,0,0,0,1,0,0,0,1
69245.0,0,1,8,428.0,30.0,214,80.0,30.0,61.0,2,6,5,10,3,0,0,0,0,0,0,86,10516,843.0,23,0,0,0,1,0,0,0,1,0
26228.0,1,0,50,2.0,6.0,4,3.0,1.0,9.0,1,1,0,2,8,0,0,0,0,0,0,69,10640,25.0,4,0,0,1,0,0,1,0,0,0
21846.0,1,0,38,7.0,17.0,18,6.0,10.0,26.0,4,4,0,3,8,0,0,0,0,0,0,56,10610,84.0,11,0,0,1,0,0,0,0,0,0
46094.0,1,1,62,12.0,2.0,20,3.0,2.0,5.0,1,1,0,3,7,0,0,0,0,0,0,69,10379,44.0,5,0,0,0,0,0,1,0,0,0
24434.0,2,0,9,3.0,2.0,8,20.0,0.0,17.0,2,2,1,2,7,0,0,0,0,0,0,70,10402,50.0,7,0,0,1,0,0,1,0,0,0
32146.0,1,0,16,26.0,3.0,23,4.0,7.0,3.0,2,2,0,4,6,0,0,0,0,0,0,59,10408,66.0,8,0,0,0,0,0,1,0,0,0
64014.0,2,1,56,406.0,0.0,30,0.0,0.0,8.0,7,8,2,5,7,0,0,0,1,0,0,96,10379,444.0,22,1,0,0,0,1,0,0,1,0
22701.0,1,0,2,2.0,4.0,9,0.0,4.0,5.0,1,1,0,3,5,0,0,0,0,0,0,65,10657,24.0,5,0,0,0,1,0,1,0,0,0
36663.0,1,0,40,18.0,0.0,6,3.0,3.0,5.0,1,1,1,3,2,0,0,0,0,0,0,67,10425,35.0,6,0,0,0,0,1,1,0,0,0
74165.0,0,0,9,1001.0,12.0,240,16.0,12.0,12.0,1,5,4,10,2,0,0,0,0,0,0,67,10784,1293.0,20,0,0,0,0,1,0,0,0,0
78416.0,0,1,99,453.0,38.0,279,188.0,38.0,183.0,2,7,7,10,3,0,0,0,0,0,0,66,10362,1179.0,26,0,0,1,0,0,0,0,1,0
41658.0,1,1,30,8.0,4.0,12,15.0,4.0,29.0,2,1,1,2,4,0,0,0,0,0,0,67,10957,72.0,6,0,0,0,0,0,0,1,0,0
48985.0,0,1,13,19.0,13.0,18,10.0,7.0,8.0,1,1,1,3,3,0,0,0,0,0,0,74,10719,75.0,6,0,0,0,0,0,1,0,0,0
54197.0,0,1,16,162.0,6.0,37,6.0,13.0,13.0,2,1,3,6,1,0,0,0,0,0,0,82,10447,237.0,12,0,0,0,1,0,1,0,0,0
28332.0,0,0,58,14.0,10.0,13,4.0,15.0,9.0,1,2,1,4,2,0,0,0,0,0,0,90,10420,65.0,8,0,0,1,0,0,1,0,0,0
26877.0,0,0,74,101.0,13.0,76,20.0,18.0,40.0,2,3,1,6,6,0,0,0,0,0,0,73,10674,268.0,12,0,0,0,1,0,0,1,0,0
74918.0,0,0,78,972.0,59.0,913,25.0,19.0,59.0,1,5,9,6,3,0,0,1,0,0,0,73,10834,2047.0,21,1,0,1,0,0,0,0,1,0
38508.0,1,0,95,120.0,19.0,206,25.0,19.0,54.0,6,7,2,5,8,0,0,0,0,0,0,56,10691,443.0,20,0,0,1,0,0,1,0,0,0
7144.0,0,2,92,81.0,4.0,33,5.0,2.0,291.0,0,23,1,1,0,0,0,0,0,0,0,76,10564,416.0,25,0,0,0,0,1,0,1,0,0
51550.0,1,0,17,25.0,1.0,13,0.0,0.0,3.0,1,1,0,3,7,0,0,0,0,0,0,70,10479,42.0,5,0,0,0,0,1,0,0,1,0
19414.0,1,0,32,2.0,3.0,12,3.0,5.0,7.0,1,1,0,3,8,0,0,0,0,0,0,61,10616,32.0,5,0,0,0,0,0,0,0,1,0
56628.0,0,1,30,479.0,5.0,82,7.0,17.0,171.0,2,7,6,5,5,1,0,0,0,0,0,65,10460,761.0,20,1,0,1,0,0,0,1,0,0
31761.0,1,0,96,19.0,1.0,20,16.0,14.0,28.0,2,3,0,4,5,0,0,0,0,0,0,58,10445,98.0,9,0,0,1,0,0,1,0,0,0
35860.0,1,1,37,15.0,0.0,8,4.0,2.0,20.0,2,1,1,2,5,1,0,0,0,0,0,69,10401,49.0,6,1,0,0,0,1,0,1,0,0
78028.0,0,1,38,158.0,19.0,288,25.0,0.0,38.0,1,6,4,9,7,0,1,1,0,0,0,86,11017,528.0,20,2,0,0,0,1,0,0,0,1
19740.0,0,1,65,7.0,11.0,3,10.0,4.0,20.0,2,1,1,3,5,0,0,0,0,0,0,82,10822,55.0,7,0,0,1,0,0,0,0,1,0
65968.0,0,1,12,376.0,9.0,83,19.0,4.0,25.0,2,5,4,7,3,0,0,0,0,0,0,72,10408,516.0,18,0,0,0,0,1,0,0,1,0
62551.0,0,0,27,125.0,16.0,98,134.0,21.0,27.0,1,6,7,4,3,1,0,0,0,0,0,89,10583,421.0,18,1,0,1,0,0,0,0,0,0
30093.0,0,0,19,2.0,6.0,28,13.0,4.0,16.0,1,2,0,3,7,0,0,0,0,0,0,52,10716,69.0,6,0,0,1,0,0,1,0,0,0
82800.0,0,0,23,1006.0,22.0,115,59.0,68.0,45.0,1,7,6,12,3,0,0,1,1,0,0,96,10942,1315.0,26,2,0,0,0,1,0,1,0,0
69142.0,0,1,50,448.0,4.0,34,6.0,4.0,39.0,3,8,1,7,5,0,1,0,0,0,0,90,10360,535.0,19,1,0,1,0,0,0,0,0,0
23228.0,1,0,91,53.0,3.0,49,7.0,4.0,5.0,4,3,0,4,8,0,0,0,0,0,0,58,10535,121.0,11,0,0,1,0,0,1,0,0,0
80141.0,0,0,20,1184.0,102.0,673,52.0,40.0,40.0,1,7,4,10,6,0,0,1,0,0,0,56,10894,2091.0,22,1,0,0,1,0,1,0,0,0
26850.0,1,1,10,31.0,1.0,13,7.0,2.0,9.0,4,2,1,4,4,0,0,0,0,0,0,71,10432,63.0,11,0,0,0,0,0,0,0,1,0
52074.0,0,1,77,59.0,0.0,12,0.0,0.0,48.0,1,2,2,2,4,1,0,0,0,0,0,75,10446,119.0,7,1,0,1,0,0,0,1,0,0
56715.0,0,0,52,258.0,105.0,239,237.0,172.0,9.0,1,7,3,4,4,0,0,0,0,0,0,68,10931,1020.0,15,0,0,1,0,0,0,0,1,0
23529.0,0,1,67,9.0,7.0,13,3.0,2.0,20.0,1,1,1,2,6,0,0,0,0,0,0,77,10898,54.0,5,0,1,0,0,0,0,1,0,0
42000.0,0,0,23,124.0,83.0,267,85.0,59.0,35.0,2,5,2,11,5,0,0,0,0,0,0,55,10895,653.0,20,0,0,0,0,1,0,1,0,0
76412.0,0,0,15,840.0,53.0,804,23.0,71.0,17.0,1,5,4,8,3,0,0,1,1,0,0,62,10780,1808.0,18,2,0,0,0,1,0,1,0,0
51390.0,1,1,54,205.0,20.0,47,23.0,2.0,56.0,6,5,2,5,5,0,0,0,0,0,0,77,11019,353.0,18,0,0,0,1,0,0,0,0,1
53034.0,1,1,30,160.0,15.0,196,15.0,11.0,50.0,8,6,1,7,8,0,0,0,0,0,0,68,10755,447.0,22,0,0,1,0,0,0,0,0,0
75794.0,0,0,33,754.0,160.0,625,63.0,32.0,48.0,1,7,5,12,3,0,0,0,1,0,0,55,10547,1682.0,25,1,0,1,0,0,1,0,0,0
61180.0,0,1,70,403.0,24.0,29,6.0,24.0,218.0,2,5,5,6,3,1,0,0,0,0,0,83,10427,704.0,18,1,0,1,0,0,1,0,0,0
64866.0,0,1,9,508.0,5.0,21,7.0,5.0,10.0,4,7,3,7,5,0,1,0,0,0,0,92,10514,556.0,21,1,0,0,1,0,0,0,0,1
67506.0,0,1,73,90.0,38.0,67,33.0,36.0,67.0,1,4,1,6,3,0,0,0,0,0,0,62,10538,331.0,12,0,0,0,0,0,0,1,0,0
72635.0,0,0,54,390.0,22.0,323,104.0,35.0,107.0,1,6,8,6,3,0,0,0,1,0,0,87,10751,981.0,21,1,0,0,0,0,1,0,0,0
50334.0,0,1,24,284.0,16.0,160,84.0,16.0,134.0,6,7,4,6,6,0,0,0,0,0,0,70,10700,694.0,23,0,0,0,0,0,0,0,1,0
56796.0,0,1,24,656.0,38.0,161,62.0,47.0,37.0,3,8,9,7,7,0,0,0,0,0,0,73,10858,1001.0,27,0,0,1,0,0,1,0,0,0
38360.0,1,0,26,36.0,2.0,42,20.0,21.0,10.0,2,2,1,4,3,0,0,0,0,0,0,53,10754,131.0,9,0,0,1,0,0,1,0,0,0
40851.0,1,1,63,23.0,1.0,7,0.0,4.0,24.0,1,1,1,2,7,0,0,0,0,0,0,71,10853,59.0,5,0,0,1,0,0,0,0,0,0
57744.0,0,1,91,350.0,3.0,39,0.0,0.0,19.0,2,9,1,4,8,0,0,0,0,0,0,88,10589,411.0,16,0,0,0,0,1,1,0,0,0
32313.0,1,0,60,86.0,4.0,56,2.0,4.0,7.0,3,4,0,4,9,0,0,0,0,0,0,60,10863,159.0,11,0,0,0,0,1,0,0,1,0
74004.0,0,0,5,784.0,48.0,560,42.0,176.0,48.0,1,4,6,4,3,0,0,1,1,0,0,55,10485,1658.0,15,2,0,0,0,1,0,1,0,0
73170.0,0,0,1,184.0,174.0,256,50.0,30.0,32.0,1,5,4,6,2,0,0,0,0,0,0,67,10389,726.0,16,0,0,1,0,0,0,1,0,0
91065.0,0,0,33,822.0,114.0,108,179.0,137.0,114.0,1,7,9,9,3,0,0,1,1,0,0,61,10852,1474.0,26,2,0,1,0,0,0,1,0,0
22263.0,1,1,31,17.0,0.0,2,0.0,0.0,2.0,2,1,0,3,6,0,0,0,0,0,1,91,10451,21.0,6,0,0,1,0,0,0,0,0,0
66991.0,0,0,1,496.0,36.0,460,189.0,60.0,12.0,3,4,8,6,3,0,0,0,0,0,0,88,11016,1253.0,21,0,0,0,1,0,1,0,0,0
79689.0,0,0,65,311.0,26.0,640,180.0,37.0,121.0,1,4,9,13,2,0,0,0,0,0,0,66,10773,1315.0,27,0,0,0,0,0,0,1,0,0
73538.0,0,1,92,811.0,76.0,428,99.0,137.0,107.0,3,10,4,9,7,0,0,0,0,0,0,77,10941,1658.0,26,0,0,1,0,0,1,0,0,0
67911.0,0,1,63,529.0,0.0,356,63.0,28.0,0.0,3,6,7,11,3,0,0,0,0,0,0,93,10398,976.0,27,0,0,0,0,1,0,0,1,0
32144.0,1,1,76,41.0,0.0,10,0.0,0.0,3.0,4,2,1,3,7,0,1,0,0,0,0,88,10458,54.0,10,1,0,1,0,0,0,0,1,0
38361.0,1,0,74,39.0,0.0,56,20.0,8.0,14.0,3,3,1,3,7,0,0,0,0,0,0,73,10544,137.0,10,0,0,1,0,0,0,0,1,0
63693.0,0,1,63,587.0,43.0,337,42.0,87.0,54.0,3,11,6,9,6,0,0,0,0,0,0,64,10618,1150.0,29,0,0,1,0,0,0,0,0,0
46891.0,0,1,91,43.0,12.0,23,29.0,15.0,61.0,1,2,1,4,4,0,0,0,0,0,0,77,10661,183.0,8,0,0,0,0,0,1,0,0,0
68142.0,0,1,96,897.0,126.0,196,91.0,112.0,37.0,3,10,4,7,6,0,0,0,0,0,0,78,11029,1459.0,24,0,0,1,0,0,0,0,1,0
24882.0,1,0,52,173.0,4.0,10,29.0,0.0,36.0,1,1,1,2,6,1,0,0,0,0,0,64,11018,252.0,5,1,1,0,0,0,0,0,1,0
90369.0,0,0,2,292.0,51.0,981,224.0,23.0,17.0,1,4,6,6,1,0,0,0,0,0,0,86,10422,1588.0,17,0,0,1,0,0,1,0,0,0
25008.0,1,0,72,2.0,8.0,8,6.0,1.0,9.0,2,1,0,3,8,0,0,0,0,0,0,54,10507,34.0,6,0,0,1,0,0,0,1,0,0
54959.0,0,1,55,1148.0,0.0,60,0.0,0.0,24.0,3,9,5,4,7,0,1,0,0,0,0,81,10886,1232.0,21,1,0,0,0,1,0,0,0,0
51412.0,0,1,42,140.0,3.0,29,4.0,5.0,14.0,2,3,2,4,4,0,0,0,0,0,0,84,10540,195.0,11,0,0,0,1,0,1,0,0,0
51550.0,1,0,25,25.0,3.0,43,17.0,4.0,17.0,3,3,0,3,8,0,0,0,0,0,0,69,11013,109.0,9,0,0,0,0,0,1,0,0,0
69969.0,0,0,64,882.0,29.0,514,38.0,29.0,44.0,1,4,2,6,3,0,0,1,1,0,0,77,10666,1536.0,13,2,0,0,0,1,1,0,0,0
38179.0,1,1,30,38.0,4.0,22,4.0,2.0,20.0,4,3,1,3,7,0,0,0,0,0,0,76,10832,90.0,11,0,0,0,1,0,1,0,0,0
60474.0,0,1,25,265.0,199.0,303,234.0,9.0,170.0,7,10,2,12,7,0,0,0,0,0,0,63,10814,1180.0,31,0,0,1,0,0,0,1,0,0
30630.0,1,1,67,27.0,1.0,12,2.0,0.0,10.0,2,2,0,3,7,0,0,0,0,0,0,77,10513,52.0,7,0,0,1,0,0,0,0,0,0
80695.0,0,0,85,557.0,129.0,984,193.0,37.0,18.0,1,5,8,5,2,0,0,0,0,0,0,79,10542,1918.0,19,0,0,1,0,0,0,1,0,0
54111.0,0,1,97,267.0,6.0,54,8.0,3.0,50.0,2,5,2,6,5,0,0,0,0,0,0,77,10668,388.0,15,0,0,0,0,1,0,0,0,1
73892.0,0,0,40,703.0,102.0,601,0.0,58.0,43.0,1,3,11,8,1,0,0,0,0,0,0,89,10588,1507.0,23,0,0,1,0,0,0,1,0,0
50737.0,0,1,61,78.0,0.0,11,0.0,0.0,10.0,1,2,0,4,6,0,1,0,0,0,0,87,10774,99.0,7,1,0,1,0,0,1,0,0,0
88194.0,0,1,19,688.0,14.0,309,201.0,24.0,38.0,1,11,10,10,5,1,0,0,1,0,0,63,10462,1274.0,32,2,0,0,0,0,0,1,0,0
29938.0,1,0,52,3.0,3.0,7,0.0,2.0,11.0,2,1,0,3,6,0,0,0,0,0,0,57,10605,26.0,6,0,0,1,0,0,0,1,0,0
62710.0,0,1,53,441.0,35.0,83,7.0,29.0,11.0,4,4,2,12,4,0,0,0,0,0,0,70,10762,606.0,22,0,0,1,0,0,1,0,0,0
70440.0,0,0,49,690.0,117.0,499,76.0,102.0,88.0,1,5,10,7,3,0,0,0,1,0,0,64,10624,1572.0,23,1,0,1,0,0,0,0,1,0
74637.0,0,0,73,960.0,64.0,464,146.0,0.0,16.0,1,6,9,9,3,0,0,0,1,0,0,88,10767,1650.0,25,1,0,0,0,1,0,1,0,0
36075.0,1,0,54,46.0,0.0,30,12.0,1.0,30.0,1,2,0,4,6,0,0,0,0,0,0,59,10562,119.0,7,0,0,1,0,0,0,0,1,0
28647.0,1,0,54,19.0,8.0,29,0.0,12.0,26.0,1,2,2,2,7,1,0,0,0,0,0,64,10672,94.0,7,1,0,1,0,0,0,1,0,0
74881.0,1,1,48,505.0,72.0,270,36.0,27.0,54.0,4,9,2,12,5,0,0,0,0,0,0,81,10838,964.0,27,0,0,0,1,0,0,0,1,0
12571.0,1,0,86,3.0,5.0,14,2.0,12.0,17.0,4,3,1,3,6,0,0,0,0,0,0,66,10522,53.0,11,0,0,1,0,0,0,0,0,0
37401.0,1,0,14,19.0,3.0,19,3.0,1.0,3.0,2,2,0,3,7,0,0,0,0,0,0,69,10414,48.0,7,0,0,0,0,1,1,0,0,0
66465.0,0,1,1,1200.0,0.0,204,38.0,29.0,14.0,3,11,9,12,6,0,0,0,1,0,0,87,10816,1485.0,35,1,0,0,0,1,1,0,0,0
18589.0,0,0,89,6.0,4.0,25,15.0,12.0,13.0,2,2,1,3,7,0,0,0,0,0,0,73,10903,75.0,8,0,0,1,0,0,0,1,0,0
70647.0,0,1,65,561.0,85.0,171,25.0,123.0,114.0,2,4,7,13,2,0,0,0,0,0,0,75,11006,1079.0,26,0,0,1,0,0,0,0,0,0
45921.0,0,0,23,102.0,9.0,49,24.0,3.0,12.0,1,2,1,6,4,0,0,0,0,0,0,56,10471,199.0,10,0,0,0,0,1,1,0,0,0
21840.0,1,0,80,17.0,0.0,9,0.0,0.0,1.0,1,1,0,3,9,0,0,0,0,0,0,59,10703,27.0,5,0,0,0,0,1,0,0,1,0
75283.0,1,2,26,733.0,9.0,180,12.0,19.0,66.0,11,6,3,5,4,0,0,0,0,0,0,85,10819,1019.0,25,0,0,0,0,1,1,0,0,0
46149.0,0,1,36,254.0,6.0,71,4.0,0.0,27.0,5,5,1,7,5,0,0,0,0,0,0,67,10572,362.0,18,0,0,1,0,0,1,0,0,0
19510.0,2,0,63,9.0,0.0,7,3.0,4.0,7.0,2,1,0,3,7,0,0,0,0,0,0,57,10658,30.0,6,0,0,0,1,0,1,0,0,0
28769.0,1,0,76,41.0,5.0,129,10.0,3.0,3.0,3,4,1,4,9,0,0,0,0,0,0,65,10918,191.0,12,0,0,1,0,0,0,1,0,0
33181.0,1,0,90,9.0,0.0,3,0.0,0.0,4.0,1,1,0,2,6,1,0,0,0,0,0,66,10537,16.0,4,1,0,0,1,0,1,0,0,0
27159.0,1,1,33,17.0,0.0,3,0.0,0.0,1.0,2,1,0,3,6,0,0,0,0,0,0,69,10452,21.0,6,0,0,0,1,0,1,0,0,0
16248.0,1,0,77,12.0,11.0,10,3.0,12.0,9.0,3,2,1,3,6,0,0,0,0,0,0,54,10410,57.0,9,0,0,0,0,0,1,0,0,0
64831.0,1,1,51,480.0,86.0,249,75.0,86.0,144.0,8,6,3,5,6,0,0,0,0,0,0,90,10744,1120.0,22,0,0,0,0,0,0,1,0,0
58821.0,0,1,44,513.0,14.0,154,19.0,0.0,28.0,1,9,2,9,6,0,0,0,0,0,0,86,10620,728.0,21,0,0,0,0,0,0,0,1,0
68743.0,0,0,81,1132.0,134.0,384,175.0,134.0,115.0,1,11,5,13,7,0,0,0,0,0,0,75,11028,2074.0,30,0,0,1,0,0,0,0,0,0
15345.0,1,0,51,5.0,2.0,16,3.0,2.0,19.0,2,1,1,2,8,0,0,0,0,0,0,58,11027,47.0,6,0,0,1,0,0,0,0,1,0
59973.0,0,0,47,130.0,30.0,168,20.0,34.0,0.0,1,3,4,7,1,0,0,0,0,0,0,70,10651,382.0,15,0,0,0,0,1,1,0,0,0
38998.0,1,1,92,34.0,1.0,14,0.0,0.0,25.0,3,2,0,3,8,0,0,0,0,0,1,88,10963,74.0,8,0,0,1,0,0,1,0,0,0
55801.0,1,1,35,367.0,4.0,51,6.0,4.0,95.0,6,7,2,6,7,0,0,0,1,0,0,67,10640,527.0,21,1,0,1,0,0,0,1,0,0
45183.0,0,0,33,219.0,3.0,60,12.0,9.0,12.0,1,4,1,7,7,0,1,0,0,0,0,80,10885,315.0,13,1,0,0,1,0,0,1,0,0
55707.0,0,1,91,208.0,7.0,82,30.0,66.0,35.0,2,3,2,9,3,0,0,0,0,0,0,89,10549,428.0,16,0,0,0,0,1,1,0,0,0
77845.0,0,0,40,760.0,40.0,480,0.0,40.0,26.0,1,3,5,12,1,0,0,1,1,0,0,53,10404,1346.0,21,2,0,0,0,1,0,0,1,0
71965.0,0,1,21,572.0,19.0,286,50.0,38.0,248.0,3,6,3,5,3,0,0,0,0,0,0,91,10695,1213.0,17,0,0,1,0,0,1,0,0,0
24206.0,1,0,66,7.0,2.0,8,3.0,2.0,3.0,1,1,0,3,6,0,0,0,0,0,0,72,10838,25.0,5,0,0,1,0,0,0,1,0,0
57967.0,0,1,39,229.0,7.0,137,4.0,0.0,91.0,5,4,2,8,5,0,0,0,0,0,0,80,10843,468.0,19,0,0,1,0,0,0,1,0,0
33996.0,0,0,46,40.0,2.0,15,8.0,0.0,6.0,1,1,1,3,4,0,0,0,0,0,0,53,10651,71.0,6,0,0,0,0,1,0,1,0,0
61839.0,0,0,20,1000.0,155.0,379,224.0,17.0,120.0,1,4,8,4,8,0,0,0,0,0,0,78,11046,1895.0,17,0,0,1,0,0,0,1,0,0
67536.0,0,1,45,1253.0,0.0,447,23.0,71.0,35.0,3,11,5,11,8,0,0,0,1,0,0,72,10763,1829.0,30,1,0,0,0,1,1,0,0,0
40464.0,0,1,78,424.0,17.0,118,7.0,23.0,41.0,6,8,2,8,8,0,0,0,0,0,0,89,10894,630.0,24,0,0,1,0,0,0,1,0,0
74485.0,0,0,58,499.0,149.0,815,173.0,49.0,49.0,1,6,7,12,3,0,0,0,0,0,0,95,10669,1734.0,26,0,0,1,0,0,0,0,1,0
64474.0,0,1,59,381.0,35.0,172,56.0,86.0,93.0,2,8,2,10,5,0,0,0,0,0,0,70,10610,823.0,22,0,0,1,0,0,0,0,1,0
61250.0,0,1,49,382.0,138.0,65,60.0,26.0,59.0,6,5,2,12,5,0,0,0,0,0,0,83,10920,730.0,25,0,0,1,0,0,0,0,0,0
55593.0,0,1,63,293.0,8.0,124,11.0,4.0,106.0,2,6,6,3,6,1,0,0,0,0,0,69,10672,546.0,17,1,0,1,0,0,0,0,1,0
105471.0,0,0,36,1009.0,181.0,104,202.0,21.0,207.0,0,9,8,13,3,0,0,1,1,0,0,72,10884,1724.0,30,2,0,1,0,0,0,0,1,0
50870.0,0,1,13,53.0,0.0,8,0.0,0.0,2.0,1,2,0,3,5,0,0,0,0,0,0,90,10370,63.0,6,0,0,0,0,1,1,0,0,0
35322.0,1,2,34,28.0,9.0,37,12.0,7.0,13.0,3,2,0,4,8,0,0,0,0,0,0,74,11036,106.0,9,0,0,1,0,0,0,0,1,0
53858.0,0,1,50,407.0,53.0,221,58.0,150.0,26.0,4,4,3,6,4,0,0,0,0,0,0,66,10957,915.0,17,0,0,1,0,0,1,0,0,0
66835.0,0,0,21,620.0,26.0,195,34.0,17.0,141.0,1,6,4,13,2,0,0,0,0,0,0,96,10634,1033.0,24,0,0,0,1,0,1,0,0,0
68118.0,0,1,51,595.0,23.0,123,10.0,23.0,154.0,2,8,9,4,6,0,0,0,0,0,0,79,10614,928.0,23,0,0,1,0,0,0,0,0,0
58275.0,1,1,48,189.0,10.0,253,56.0,43.0,64.0,6,8,2,7,7,0,0,0,0,0,0,87,10752,615.0,23,0,0,1,0,0,0,0,0,1
52513.0,0,0,84,367.0,17.0,241,104.0,188.0,232.0,2,9,5,9,7,0,0,0,0,0,0,64,11023,1149.0,25,0,0,0,0,0,0,0,1,0
58607.0,0,1,63,867.0,0.0,86,0.0,0.0,19.0,3,2,3,9,8,0,1,0,0,0,0,93,10913,972.0,17,1,0,0,0,1,1,0,0,0
64504.0,1,2,81,986.0,36.0,168,16.0,0.0,108.0,7,11,3,4,7,0,0,0,0,0,0,89,10842,1314.0,25,0,0,0,0,1,0,0,1,0
37929.0,0,0,49,202.0,2.0,46,3.0,2.0,10.0,2,4,2,5,7,0,1,0,1,0,0,57,10694,265.0,13,2,0,0,0,1,0,1,0,0
81702.0,0,0,98,563.0,50.0,774,28.0,31.0,187.0,1,7,7,12,3,0,0,0,0,0,0,62,11004,1633.0,27,0,0,1,0,0,0,0,0,0
26887.0,0,1,27,6.0,7.0,4,3.0,4.0,6.0,1,1,0,3,6,0,0,0,0,0,0,83,10864,30.0,5,0,0,0,0,0,1,0,0,0
27421.0,0,0,14,43.0,12.0,96,78.0,40.0,55.0,3,4,1,6,7,0,0,0,0,0,0,88,10924,324.0,14,0,0,1,0,0,0,0,0,1
19656.0,1,0,94,25.0,4.0,9,6.0,8.0,32.0,3,2,1,3,7,0,0,0,0,0,0,72,10866,84.0,9,0,0,1,0,0,0,0,1,0
31686.0,1,1,31,11.0,0.0,5,0.0,0.0,1.0,2,1,0,3,6,0,0,0,0,0,0,78,10384,17.0,6,0,0,0,0,1,1,0,0,0
76467.0,1,0,44,676.0,161.0,426,210.0,44.0,58.0,2,2,5,5,6,0,0,0,0,0,0,72,11041,1575.0,14,0,0,1,0,0,0,1,0,0
90687.0,0,0,98,982.0,17.0,672,23.0,34.0,51.0,1,6,2,8,2,0,0,1,0,0,0,59,10763,1779.0,17,1,0,0,0,1,0,0,0,0
51550.0,0,0,87,445.0,37.0,359,98.0,28.0,18.0,1,2,4,8,1,0,0,0,0,0,0,69,10578,985.0,15,0,0,0,1,0,0,0,1,0
65104.0,0,1,4,738.0,0.0,232,13.0,20.0,50.0,2,3,5,7,7,0,0,0,0,0,0,66,10587,1053.0,17,0,0,0,1,0,0,0,1,0
81361.0,0,0,18,163.0,23.0,424,27.0,65.0,76.0,1,3,10,13,1,0,0,0,0,0,0,55,622,778.0,27,0,0,1,0,0,0,0,0,0
70643.0,0,0,66,1218.0,107.0,304,23.0,143.0,33.0,1,5,8,4,6,0,0,0,0,0,0,58,10982,1828.0,18,0,0,0,0,1,1,0,0,0
7500.0,1,0,98,5.0,17.0,17,13.0,14.0,34.0,4,2,1,3,9,0,0,0,0,0,0,57,11057,100.0,10,0,0,0,0,0,0,0,1,0
81929.0,1,0,60,1486.0,55.0,278,49.0,0.0,185.0,2,4,4,10,6,1,0,1,0,0,0,66,10998,2053.0,20,2,0,0,1,0,1,0,0,0
79800.0,0,0,65,1060.0,21.0,530,32.0,0.0,224.0,1,5,11,5,3,1,0,1,1,0,0,87,11004,1867.0,22,3,0,1,0,0,0,0,0,1
37070.0,1,1,30,231.0,7.0,137,4.0,15.0,39.0,9,5,1,8,7,0,0,0,0,0,0,76,10826,433.0,23,0,0,1,0,0,0,1,0,0
32474.0,1,1,0,10.0,0.0,1,0.0,0.0,0.0,1,1,0,2,7,0,0,0,0,0,0,75,10409,11.0,4,0,0,1,0,0,0,0,1,0
64713.0,1,0,11,180.0,60.0,241,13.0,54.0,54.0,2,5,5,7,4,0,0,0,0,0,0,72,10502,602.0,19,0,0,1,0,0,0,0,0,0
81217.0,0,0,77,493.0,70.0,324,146.0,40.0,84.0,1,3,7,11,1,0,0,0,0,0,0,53,10705,1157.0,22,0,0,1,0,0,0,1,0,0
45903.0,0,1,80,33.0,8.0,10,2.0,10.0,3.0,2,2,1,3,4,0,0,0,0,0,0,76,10427,66.0,8,0,0,0,1,0,0,0,1,0
78420.0,0,0,75,604.0,28.0,674,91.0,28.0,28.0,1,3,10,8,1,0,0,0,0,0,0,76,10725,1453.0,22,0,0,0,0,1,0,1,0,0
33562.0,1,2,33,21.0,12.0,12,0.0,3.0,3.0,3,2,0,4,4,0,0,0,0,0,0,79,10364,51.0,9,0,0,0,1,0,1,0,0,0
35791.0,2,1,94,27.0,0.0,5,0.0,0.0,25.0,2,1,0,3,8,0,0,0,0,0,0,77,10779,57.0,6,0,0,0,1,0,0,1,0,0
37633.0,1,1,49,13.0,4.0,20,0.0,0.0,1.0,2,1,0,3,9,0,0,0,0,0,0,85,11007,38.0,6,0,0,0,0,1,1,0,0,0
84618.0,0,0,96,684.0,100.0,801,21.0,66.0,0.0,1,6,9,10,2,0,0,1,0,0,0,77,10579,1672.0,26,1,0,0,0,1,1,0,0,0
162397.0,1,1,31,85.0,1.0,16,2.0,1.0,25.0,0,0,0,1,1,0,0,0,0,0,0,66,10751,130.0,1,0,0,0,0,1,0,0,1,0
60689.0,0,1,23,240.0,90.0,216,63.0,6.0,24.0,4,4,4,10,3,0,0,0,0,0,0,91,10753,639.0,22,0,0,1,0,0,0,1,0,0
77972.0,0,0,18,613.0,22.0,319,33.0,102.0,12.0,1,4,6,9,1,0,0,0,0,0,0,88,10463,1101.0,20,0,0,1,0,0,0,0,1,0
59868.0,0,1,37,771.0,51.0,154,54.0,10.0,154.0,7,11,2,12,6,0,0,0,0,0,0,70,10702,1194.0,32,0,0,1,0,0,0,0,1,0
43795.0,0,1,11,314.0,11.0,53,4.0,3.0,107.0,3,7,3,4,7,0,1,0,0,0,0,74,10616,492.0,17,1,0,0,1,0,0,0,1,0
34633.0,2,1,31,8.0,1.0,5,0.0,0.0,1.0,1,1,0,2,6,0,0,0,0,0,0,86,10517,15.0,4,0,0,1,0,0,0,0,1,0
40760.0,0,1,64,70.0,0.0,17,0.0,0.0,25.0,2,2,1,3,6,0,0,0,0,0,0,77,10663,112.0,8,0,0,0,0,1,0,1,0,0
40321.0,1,1,59,44.0,4.0,21,6.0,0.0,27.0,2,3,0,3,7,0,0,0,0,0,0,70,10695,102.0,8,0,0,1,0,0,1,0,0,0
30396.0,1,0,22,15.0,0.0,6,0.0,1.0,12.0,2,1,1,2,7,1,0,0,0,0,0,73,10420,34.0,6,1,0,0,0,1,1,0,0,0
84169.0,0,0,9,1478.0,19.0,403,0.0,19.0,0.0,1,7,6,6,3,0,1,1,0,0,0,60,10686,1919.0,20,2,0,0,0,1,1,0,0,0
69096.0,0,1,4,247.0,49.0,159,7.0,82.0,109.0,1,5,2,10,4,0,0,0,0,0,0,84,10635,653.0,18,0,0,1,0,0,0,0,1,0
113734.0,0,0,9,6.0,2.0,3,1.0,262.0,3.0,0,27,0,0,1,0,0,0,0,0,0,97,10392,277.0,27,0,0,0,0,1,0,1,0,0
81574.0,0,0,89,1252.0,0.0,465,46.0,35.0,0.0,1,4,5,8,1,0,1,1,0,0,0,95,10422,1798.0,18,2,0,0,0,1,0,0,1,0
25224.0,1,0,36,4.0,9.0,12,11.0,2.0,8.0,2,1,1,3,3,0,0,0,0,0,0,70,10465,46.0,7,0,1,0,0,0,1,0,0,0
69098.0,0,0,82,1315.0,22.0,780,145.0,0.0,178.0,1,7,8,9,5,0,0,0,0,0,0,93,10858,2440.0,25,0,0,0,0,1,1,0,0,0
33039.0,1,0,4,30.0,8.0,12,8.0,8.0,12.0,1,2,0,4,5,0,0,0,0,0,0,64,10653,78.0,7,0,0,1,0,0,1,0,0,0
53201.0,1,1,49,280.0,7.0,81,20.0,0.0,27.0,8,6,3,5,7,0,0,0,0,0,0,67,10862,415.0,22,0,0,1,0,0,0,1,0,0
75127.0,0,0,92,203.0,35.0,305,46.0,17.0,227.0,1,2,11,5,1,0,0,0,0,0,0,90,10398,833.0,19,0,0,1,0,0,0,1,0,0
70792.0,0,0,82,344.0,45.0,654,104.0,11.0,114.0,2,3,4,10,3,0,0,0,0,0,0,91,10868,1272.0,19,0,0,1,0,0,0,0,0,1
74293.0,0,0,66,375.0,152.0,335,93.0,91.0,81.0,1,5,4,6,2,0,0,0,0,0,0,49,10416,1127.0,16,0,0,1,0,0,0,1,0,0
39767.0,0,0,18,113.0,61.0,204,34.0,26.0,47.0,2,7,1,7,8,0,0,0,0,0,0,91,10703,485.0,17,0,0,0,1,0,0,0,1,0
36138.0,1,1,48,130.0,0.0,16,0.0,0.0,5.0,5,3,1,4,7,0,1,0,0,0,0,72,10708,151.0,13,1,0,0,1,0,1,0,0,0
78569.0,0,0,14,558.0,79.0,622,207.0,175.0,95.0,1,4,6,4,1,0,0,1,0,0,0,96,10490,1736.0,15,1,0,1,0,0,1,0,0,0
41124.0,1,0,41,281.0,7.0,84,15.0,0.0,119.0,7,7,3,4,8,0,0,0,0,0,0,65,10966,506.0,21,0,0,1,0,0,1,0,0,0
41638.0,0,1,68,315.0,0.0,31,4.0,0.0,91.0,4,5,5,3,8,1,0,0,0,0,0,78,10861,441.0,17,1,0,1,0,0,0,0,0,0
14515.0,1,0,71,6.0,4.0,9,6.0,36.0,35.0,4,2,2,3,7,0,0,0,0,0,0,62,10957,96.0,11,0,0,0,0,0,0,0,1,0
32871.0,1,1,28,22.0,2.0,12,0.0,2.0,5.0,1,1,0,3,4,0,0,0,0,0,0,91,10837,43.0,5,0,0,1,0,0,1,0,0,0
82733.0,0,0,28,712.0,50.0,420,65.0,38.0,38.0,1,8,4,7,4,0,0,0,0,0,0,58,10652,1323.0,20,0,0,0,0,1,0,1,0,0
5305.0,0,1,12,12.0,4.0,7,1.0,3.0,5.0,0,1,0,0,13,0,0,0,0,0,0,66,10694,32.0,1,0,0,1,0,0,1,0,0,0
73450.0,0,0,85,1142.0,51.0,415,90.0,69.0,37.0,1,7,8,11,3,1,0,0,1,0,0,60,10566,1804.0,27,2,0,0,1,0,0,0,1,0
60585.0,1,1,17,267.0,42.0,309,55.0,42.0,21.0,10,7,4,9,5,0,0,0,0,0,0,71,10730,736.0,30,0,0,0,0,1,1,0,0,0
65777.0,0,0,87,565.0,32.0,435,28.0,32.0,54.0,1,2,8,6,1,0,0,0,0,0,0,75,10552,1146.0,17,0,0,1,0,0,0,0,1,0
26751.0,2,0,26,1.0,1.0,5,0.0,3.0,1.0,1,1,0,2,8,0,0,0,0,0,0,68,10398,11.0,4,0,0,1,0,0,1,0,0,0
37760.0,0,0,20,84.0,5.0,38,150.0,12.0,28.0,2,4,1,6,7,0,0,0,0,0,0,96,11027,317.0,13,0,0,1,0,0,0,0,1,0
84219.0,0,0,27,434.0,137.0,400,45.0,137.0,45.0,1,3,4,10,1,0,0,0,0,0,0,54,10507,1198.0,18,0,0,1,0,0,1,0,0,0
35196.0,1,0,68,75.0,12.0,141,43.0,39.0,187.0,6,6,1,5,8,0,0,0,0,0,0,58,10953,497.0,18,0,0,1,0,0,0,0,1,0
61671.0,0,1,23,641.0,7.0,56,0.0,0.0,28.0,8,10,4,6,8,0,1,0,1,0,0,74,10386,732.0,28,2,0,1,0,0,0,0,0,0
74214.0,0,0,3,863.0,83.0,547,86.0,99.0,33.0,1,8,2,5,5,0,0,0,0,0,0,52,11032,1711.0,16,0,0,0,0,1,1,0,0,0
56386.0,1,1,51,230.0,48.0,214,13.0,32.0,75.0,8,9,1,7,9,0,0,0,0,0,0,61,10970,612.0,25,0,0,1,0,0,0,0,1,0
54730.0,0,1,64,318.0,3.0,17,4.0,7.0,56.0,5,4,1,8,4,0,0,0,0,0,0,67,10678,405.0,18,0,0,0,1,0,1,0,0,0
51411.0,1,2,81,14.0,0.0,3,0.0,0.0,1.0,1,0,0,3,5,0,0,0,0,0,0,89,10759,18.0,4,0,0,0,0,1,0,1,0,0
58656.0,0,1,25,962.0,12.0,194,16.0,24.0,12.0,4,7,8,13,6,0,0,1,0,0,0,86,11007,1220.0,32,1,0,0,1,0,0,0,1,0
72940.0,0,0,13,182.0,74.0,298,162.0,149.0,116.0,1,3,3,6,1,0,0,0,0,0,0,72,10735,981.0,13,0,0,1,0,0,1,0,0,0
42664.0,0,1,44,21.0,0.0,3,0.0,0.0,0.0,1,1,0,3,6,0,0,0,0,0,0,75,10463,24.0,5,0,0,1,0,0,1,0,0,0
66636.0,0,0,64,291.0,10.0,689,84.0,10.0,0.0,1,3,4,9,1,0,0,0,0,0,0,85,10676,1084.0,17,0,0,0,1,0,0,0,1,0
49854.0,1,0,63,123.0,17.0,171,39.0,0.0,30.0,5,6,2,5,6,0,0,0,0,0,0,70,10591,380.0,18,0,0,0,1,0,0,0,1,0
44989.0,0,1,26,98.0,0.0,106,49.0,10.0,106.0,5,5,1,5,6,0,0,0,0,0,0,68,11015,369.0,16,0,0,1,0,0,1,0,0,0
44911.0,0,1,11,159.0,0.0,22,2.0,1.0,31.0,3,4,1,4,7,0,0,0,0,0,0,83,10831,215.0,12,0,0,1,0,0,0,0,1,0
57513.0,0,0,59,735.0,40.0,183,52.0,20.0,30.0,2,9,3,13,6,0,0,0,0,0,0,99,10718,1060.0,27,0,0,0,0,1,0,0,0,1
59412.0,0,0,56,90.0,67.0,165,30.0,43.0,11.0,1,4,2,8,3,0,0,0,0,0,0,91,10431,406.0,15,0,0,0,1,0,1,0,0,0
82017.0,0,0,58,184.0,23.0,446,30.0,23.0,23.0,1,5,4,7,2,0,1,1,1,0,0,85,10959,729.0,17,3,0,0,0,1,1,0,0,0
55434.0,1,0,21,238.0,115.0,215,169.0,69.0,76.0,3,5,3,13,4,0,0,0,0,0,0,58,10627,882.0,24,0,0,1,0,0,1,0,0,0
66303.0,0,1,56,1090.0,12.0,96,16.0,12.0,60.0,4,3,4,11,8,0,1,0,0,0,0,71,10848,1286.0,22,1,0,1,0,0,1,0,0,0
18978.0,1,0,41,2.0,8.0,1,4.0,7.0,15.0,1,1,0,3,8,0,0,0,0,0,0,69,10925,37.0,5,0,1,0,0,0,1,0,0,0
46423.0,1,1,6,68.0,0.0,16,0.0,0.0,8.0,3,2,0,4,7,0,0,0,0,0,0,70,10644,92.0,9,0,0,0,1,0,0,1,0,0
56721.0,1,1,64,157.0,6.0,39,6.0,13.0,75.0,5,4,1,5,6,0,0,0,0,0,0,70,10966,296.0,15,0,0,1,0,0,1,0,0,0
54386.0,0,1,8,277.0,21.0,64,62.0,21.0,25.0,2,3,2,10,3,0,0,0,0,0,0,61,10768,470.0,17,0,0,1,0,0,1,0,0,0
57236.0,1,1,22,105.0,0.0,9,2.0,1.0,4.0,3,2,1,4,3,0,0,0,0,0,0,77,10469,121.0,10,0,0,0,0,1,1,0,0,0
77142.0,0,0,54,476.0,75.0,162,29.0,151.0,97.0,1,4,4,8,2,0,0,0,0,0,0,94,10756,990.0,17,0,0,1,0,0,1,0,0,0
56129.0,0,1,65,320.0,48.0,133,39.0,72.0,48.0,4,6,2,10,4,0,0,0,0,0,0,89,10734,660.0,22,0,0,0,1,0,0,0,1,0
79146.0,1,1,33,245.0,16.0,223,21.0,43.0,16.0,2,8,1,8,6,0,0,0,0,0,0,75,10426,564.0,19,0,0,1,0,0,0,1,0,0
38620.0,0,0,56,112.0,17.0,44,34.0,22.0,89.0,1,2,5,3,3,0,0,0,0,0,0,79,10774,318.0,11,0,0,0,1,0,0,0,1,0
56046.0,0,0,9,577.0,0.0,64,0.0,0.0,51.0,2,10,1,8,8,1,0,0,0,0,0,77,10903,692.0,21,1,0,1,0,0,0,0,1,0
64191.0,0,1,30,420.0,15.0,186,151.0,38.0,15.0,3,5,3,13,3,0,0,0,0,0,0,79,10883,825.0,24,0,0,0,1,0,0,1,0,0
49980.0,0,1,79,104.0,1.0,54,13.0,9.0,14.0,2,3,1,5,5,0,0,0,0,0,0,79,10609,195.0,11,0,0,1,0,0,0,1,0,0
56559.0,0,1,46,226.0,22.0,133,41.0,31.0,31.0,3,4,3,8,4,0,0,0,0,0,0,67,10911,484.0,18,0,0,0,0,1,0,0,1,0
39898.0,0,1,20,69.0,8.0,26,12.0,7.0,12.0,2,3,0,4,7,0,0,0,0,0,0,88,10862,134.0,9,0,0,1,0,0,0,0,1,0
59052.0,0,1,29,230.0,35.0,75,63.0,57.0,31.0,3,7,1,7,5,0,0,0,0,0,0,83,10584,491.0,18,0,0,0,0,0,0,0,0,0
67546.0,0,0,90,864.0,134.0,768,150.0,38.0,172.0,1,4,10,5,3,0,0,0,0,0,0,54,11027,2126.0,20,0,0,0,0,1,1,0,0,0
30801.0,0,1,23,8.0,4.0,5,15.0,2.0,11.0,2,1,0,3,7,0,0,0,0,0,0,67,10971,45.0,6,0,1,0,0,0,1,0,0,0
31160.0,1,0,59,16.0,3.0,25,6.0,1.0,13.0,2,2,0,3,8,0,0,0,0,0,0,67,10646,64.0,7,0,0,0,1,0,0,1,0,0
31632.0,0,0,92,17.0,8.0,12,11.0,15.0,25.0,1,2,1,2,7,0,0,0,0,0,0,71,10710,88.0,6,0,0,1,0,0,0,1,0,0
68352.0,0,1,47,614.0,16.0,132,43.0,33.0,33.0,3,8,5,9,6,0,0,0,0,0,0,68,10665,871.0,25,0,0,0,0,1,0,1,0,0
83829.0,0,0,78,897.0,161.0,430,186.0,161.0,27.0,0,4,7,6,1,1,0,1,1,0,0,67,10624,1862.0,17,3,0,1,0,0,0,0,0,0
66582.0,0,0,83,789.0,25.0,420,16.0,38.0,0.0,1,2,8,9,1,0,0,0,0,0,0,73,10478,1288.0,20,0,0,0,0,1,0,1,0,0
72071.0,0,1,4,531.0,69.0,300,150.0,138.0,150.0,3,5,4,8,2,0,0,0,0,0,0,88,10860,1338.0,20,0,0,1,0,0,0,0,0,0
68695.0,0,0,3,458.0,81.0,356,106.0,50.0,40.0,1,4,4,7,2,0,0,0,0,0,0,73,10364,1091.0,16,0,0,1,0,0,0,0,1,0
51550.0,0,1,23,352.0,0.0,27,10.0,0.0,15.0,3,6,1,7,6,0,0,0,0,0,0,81,10713,404.0,17,0,0,0,0,1,1,0,0,0
25959.0,1,1,1,4.0,2.0,12,7.0,5.0,26.0,2,1,2,2,6,0,0,0,0,0,0,72,10860,56.0,7,0,0,0,0,0,0,0,0,0
75437.0,0,0,25,795.0,0.0,545,95.0,58.0,0.0,1,8,4,10,6,0,0,0,1,0,0,64,10592,1493.0,23,1,0,1,0,0,0,0,1,0
37406.0,1,0,18,2.0,0.0,8,12.0,2.0,3.0,1,1,0,2,8,0,0,0,0,0,0,62,10622,27.0,4,0,0,1,0,0,1,0,0,0
54690.0,1,1,76,111.0,16.0,37,7.0,9.0,18.0,3,3,1,5,3,0,0,0,0,0,0,71,10594,198.0,12,0,0,0,0,0,1,0,0,0
42403.0,1,0,18,22.0,1.0,11,0.0,5.0,3.0,1,1,0,3,8,0,0,0,0,0,0,71,10560,42.0,5,0,0,0,0,1,1,0,0,0
71969.0,0,1,59,1000.0,0.0,76,0.0,0.0,10.0,3,3,4,9,8,0,1,0,0,0,0,71,10981,1086.0,19,1,0,0,0,1,1,0,0,0
94871.0,0,2,99,169.0,24.0,553,188.0,0.0,144.0,1,8,5,4,7,0,1,1,0,0,0,73,11026,1078.0,18,2,0,0,0,1,1,0,0,0
31385.0,1,0,56,3.0,2.0,12,0.0,1.0,9.0,1,1,0,2,8,1,0,0,0,0,0,58,10931,27.0,4,1,0,0,1,0,0,1,0,0
27889.0,1,0,42,14.0,0.0,4,0.0,0.0,8.0,1,1,1,2,6,0,0,0,0,0,0,65,10719,26.0,5,0,0,0,1,0,1,0,0,0
42014.0,1,0,56,244.0,15.0,108,4.0,15.0,50.0,6,7,1,6,8,0,0,0,0,0,0,65,11041,436.0,20,0,0,1,0,0,1,0,0,0
40548.0,0,1,31,110.0,0.0,5,2.0,0.0,3.0,2,2,1,4,5,0,1,0,0,0,0,72,10987,120.0,9,1,0,1,0,0,0,0,1,0
7500.0,1,0,96,1.0,11.0,5,4.0,6.0,9.0,2,2,0,3,8,0,0,0,0,0,0,56,10867,36.0,7,0,0,0,0,0,1,0,0,0
49605.0,0,0,65,42.0,16.0,29,12.0,20.0,8.0,1,2,1,4,3,0,0,0,0,0,0,76,10368,127.0,8,0,0,0,1,0,1,0,0,0
81051.0,0,0,43,1142.0,29.0,249,38.0,29.0,14.0,1,5,5,12,2,0,1,1,0,0,0,77,10397,1501.0,23,2,0,0,0,1,1,0,0,0
55517.0,1,1,53,483.0,0.0,108,0.0,6.0,36.0,5,11,1,6,9,0,0,0,0,0,0,92,11000,633.0,23,0,0,0,0,1,1,0,0,0
47743.0,0,1,56,198.0,2.0,43,0.0,12.0,20.0,3,4,1,6,6,0,1,0,0,0,0,85,10824,275.0,14,1,0,1,0,0,1,0,0,0
54137.0,0,1,46,171.0,0.0,11,0.0,1.0,20.0,2,4,1,4,6,0,0,0,0,0,0,72,10677,203.0,11,0,0,1,0,0,0,0,0,0
46014.0,1,1,21,410.0,0.0,59,19.0,9.0,44.0,10,7,1,8,7,0,0,0,0,0,0,68,10884,541.0,26,0,0,0,1,0,0,0,1,0
29672.0,1,1,6,9.0,1.0,3,0.0,4.0,8.0,1,0,0,3,6,0,0,0,0,0,0,77,10834,25.0,4,0,0,1,0,0,0,0,1,0
56775.0,0,1,62,614.0,35.0,160,58.0,35.0,35.0,2,5,8,10,5,0,0,0,0,0,0,63,10903,937.0,25,0,0,1,0,0,1,0,0,0
54178.0,0,1,79,135.0,9.0,39,4.0,0.0,7.0,1,2,2,5,2,0,0,0,0,0,0,75,10519,194.0,10,0,0,1,0,0,0,0,1,0
46102.0,2,1,3,14.0,0.0,1,0.0,0.0,1.0,1,1,0,2,7,0,0,0,0,0,0,80,10471,16.0,4,0,0,1,0,0,0,0,0,0
51369.0,0,1,84,297.0,7.0,79,0.0,11.0,182.0,2,8,2,4,8,0,0,0,0,0,0,66,10972,576.0,16,0,0,1,0,0,0,0,1,0
3502.0,1,0,56,2.0,1.0,1,0.0,0.0,1.0,0,0,0,0,14,0,0,0,0,0,0,69,10802,5.0,0,0,0,1,0,0,0,1,0,0
32644.0,1,0,38,239.0,3.0,141,0.0,7.0,23.0,4,7,1,6,8,1,0,0,0,0,0,69,10889,413.0,18,1,0,0,0,1,1,0,0,0
34421.0,1,0,81,3.0,3.0,7,6.0,2.0,9.0,1,1,0,2,7,0,0,0,0,0,0,68,10723,30.0,4,0,0,1,0,0,1,0,0,0
62220.0,0,1,55,799.0,12.0,375,16.0,12.0,12.0,5,7,6,5,6,0,0,0,0,0,0,70,11047,1226.0,23,0,0,0,0,1,0,0,1,0
70596.0,0,0,68,347.0,44.0,534,17.0,0.0,26.0,1,3,5,12,2,0,0,0,0,0,0,57,10992,968.0,21,0,0,1,0,0,0,1,0,0
19444.0,1,0,8,16.0,0.0,23,3.0,2.0,10.0,3,4,1,2,7,0,0,0,0,0,0,60,10487,54.0,10,0,0,1,0,0,0,0,1,0
50898.0,1,1,88,285.0,28.0,242,55.0,114.0,135.0,13,6,2,12,5,0,0,0,0,0,0,86,10897,859.0,33,0,0,0,1,0,0,0,1,0
71706.0,0,1,16,931.0,56.0,253,91.0,98.0,14.0,4,9,5,7,5,0,0,0,0,0,0,83,10953,1443.0,25,0,0,1,0,0,0,0,1,0
8940.0,1,0,25,1.0,45.0,3,4.0,6.0,42.0,3,3,1,3,8,0,0,0,0,0,0,56,11036,101.0,10,0,1,0,0,0,0,1,0,0
48799.0,0,1,9,174.0,18.0,81,28.0,6.0,24.0,3,3,2,7,3,0,0,0,0,0,0,79,10596,331.0,15,0,0,0,0,1,0,0,0,0
72025.0,0,0,27,173.0,33.0,549,151.0,133.0,233.0,1,4,3,8,3,0,0,0,0,0,0,80,10949,1272.0,16,0,0,1,0,0,0,0,1,0
50183.0,1,1,47,97.0,12.0,84,13.0,10.0,15.0,7,3,1,6,5,0,0,0,0,0,0,62,10364,231.0,17,0,0,1,0,0,1,0,0,0
46310.0,1,0,99,185.0,2.0,88,15.0,5.0,14.0,2,6,1,5,8,0,0,0,0,0,0,66,10933,309.0,14,0,0,1,0,0,0,0,0,0
57731.0,0,1,0,266.0,21.0,300,65.0,8.0,44.0,4,8,8,6,6,0,0,0,0,0,0,73,10943,704.0,26,0,0,1,0,0,0,1,0,0
19107.0,1,0,49,2.0,4.0,9,10.0,5.0,16.0,2,1,0,3,7,0,0,0,0,0,0,62,10671,46.0,6,0,0,1,0,0,1,0,0,0
69372.0,0,0,10,997.0,26.0,269,34.0,13.0,42.0,1,10,4,6,4,0,1,1,0,0,0,93,10855,1381.0,21,2,0,1,0,0,0,0,1,0
55954.0,0,1,63,447.0,0.0,28,0.0,0.0,43.0,3,8,2,6,7,0,0,0,0,0,0,74,10478,518.0,19,0,0,0,0,1,1,0,0,0
69109.0,0,0,10,823.0,25.0,459,124.0,29.0,95.0,1,6,6,7,4,0,0,1,0,0,0,60,10957,1555.0,20,1,0,1,0,0,1,0,0,0
66313.0,0,1,86,625.0,7.0,99,10.0,22.0,7.0,2,6,3,12,4,0,0,0,0,0,0,79,10646,770.0,23,0,0,0,0,1,0,0,1,0
91249.0,0,0,84,1324.0,27.0,119,71.0,108.0,27.0,0,7,9,6,4,0,1,1,1,1,0,86,10977,1676.0,22,4,0,1,0,0,0,1,0,0
83829.0,0,0,78,897.0,161.0,430,186.0,161.0,27.0,0,4,7,6,1,1,0,1,1,0,0,67,10624,1862.0,17,3,0,1,0,0,0,0,0,0
28087.0,1,1,77,53.0,8.0,17,13.0,0.0,21.0,3,2,2,2,7,0,0,0,0,0,0,84,10925,112.0,9,0,0,1,0,0,0,0,1,0
67225.0,0,1,4,315.0,35.0,322,46.0,7.0,143.0,3,7,2,11,5,0,0,0,0,0,0,87,10575,868.0,23,0,0,1,0,0,1,0,0,0
56337.0,1,1,25,349.0,16.0,144,28.0,5.0,182.0,5,8,5,4,8,1,0,0,1,0,0,61,10819,724.0,22,2,0,0,0,0,1,0,0,0
19986.0,1,0,74,3.0,6.0,5,0.0,2.0,6.0,1,0,0,3,7,0,0,0,0,0,0,57,10587,22.0,4,0,0,1,0,0,1,0,0,0
44989.0,0,1,26,98.0,0.0,106,49.0,10.0,106.0,5,5,1,5,6,0,0,0,0,0,0,68,11015,369.0,16,0,0,1,0,0,1,0,0,0
23442.0,1,0,71,2.0,0.0,6,8.0,6.0,5.0,1,1,0,3,7,0,0,0,0,0,0,55,10912,27.0,5,0,0,1,0,0,0,1,0,0
27116.0,1,1,78,12.0,1.0,21,2.0,2.0,3.0,2,2,0,3,7,0,0,0,0,0,0,81,10479,41.0,7,0,0,1,0,0,1,0,0,0
39722.0,0,1,92,32.0,0.0,5,2.0,0.0,8.0,2,2,0,3,5,0,0,0,0,0,0,89,10485,47.0,7,0,0,1,0,0,1,0,0,0
46374.0,0,1,1,408.0,0.0,21,0.0,0.0,17.0,3,7,1,7,8,0,1,0,1,0,0,68,10464,446.0,18,2,0,0,0,1,1,0,0,0
76081.0,0,0,85,292.0,30.0,415,63.0,33.0,200.0,1,4,5,4,2,0,0,0,1,0,0,80,10397,1033.0,14,1,0,1,0,0,0,0,1,0
47353.0,0,1,93,184.0,2.0,19,8.0,8.0,4.0,3,2,2,6,5,0,0,0,0,0,0,82,10588,225.0,13,0,0,0,1,0,1,0,0,0
52569.0,0,1,54,85.0,0.0,3,0.0,0.0,7.0,1,2,0,4,3,0,0,0,0,0,0,75,10445,95.0,7,0,0,0,0,1,0,1,0,0
79456.0,0,0,12,565.0,42.0,548,64.0,83.0,99.0,1,5,6,4,3,0,0,0,0,0,0,86,11036,1401.0,16,0,0,1,0,0,1,0,0,0
89572.0,0,0,44,606.0,24.0,974,197.0,194.0,64.0,1,7,7,9,4,0,1,0,1,0,0,76,11012,2059.0,24,2,0,0,0,0,0,1,0,0
36778.0,1,1,63,29.0,4.0,34,2.0,4.0,4.0,3,3,0,3,9,0,0,0,0,0,0,74,11053,77.0,9,0,0,0,0,1,1,0,0,0
23976.0,1,0,68,14.0,1.0,21,2.0,3.0,25.0,3,3,1,3,7,0,0,0,0,0,0,58,10544,66.0,10,0,0,1,0,0,0,0,1,0
50725.0,0,1,45,443.0,10.0,75,0.0,10.0,48.0,4,8,1,8,8,0,0,0,0,0,0,89,10861,586.0,21,0,0,1,0,0,1,0,0,0
40211.0,1,1,30,51.0,1.0,7,2.0,1.0,25.0,2,2,1,2,8,1,0,0,0,0,0,61,10694,87.0,7,1,0,1,0,0,1,0,0,0
80144.0,0,0,47,240.0,132.0,445,250.0,192.0,108.0,1,3,7,8,1,0,0,0,0,0,0,67,10632,1367.0,19,0,0,1,0,0,0,0,1,0
23162.0,1,1,82,8.0,3.0,9,19.0,4.0,22.0,3,1,1,3,6,0,0,0,0,0,0,72,10550,65.0,8,0,0,0,0,0,1,0,0,0
39356.0,1,1,21,15.0,0.0,2,0.0,0.0,6.0,1,1,0,2,6,1,0,0,0,0,0,66,10462,23.0,4,1,0,1,0,0,1,0,0,0
23661.0,1,0,46,18.0,0.0,4,0.0,0.0,1.0,1,1,0,3,7,0,0,0,0,0,0,60,10567,23.0,5,0,0,0,1,0,0,0,1,0
51550.0,1,1,82,71.0,1.0,16,0.0,0.0,9.0,4,2,1,3,8,0,0,0,0,0,0,71,10843,97.0,10,0,0,1,0,0,1,0,0,0
49572.0,1,1,25,35.0,1.0,16,0.0,1.0,1.0,2,2,0,3,7,0,0,0,0,0,0,84,10556,54.0,7,0,0,0,1,0,1,0,0,0
22979.0,1,0,29,16.0,17.0,19,20.0,21.0,22.0,3,3,2,2,8,0,0,0,0,0,0,72,11021,115.0,10,0,0,1,0,0,1,0,0,0
38683.0,1,0,80,46.0,35.0,69,84.0,41.0,25.0,6,4,1,6,7,0,0,0,0,0,0,53,10993,300.0,17,0,0,0,0,0,0,0,1,0
49389.0,1,1,55,40.0,0.0,19,2.0,1.0,3.0,1,2,0,3,7,0,0,0,0,0,0,91,10664,65.0,6,0,0,0,1,0,0,1,0,0
62807.0,0,1,83,526.0,28.0,135,10.0,21.0,99.0,3,5,3,12,5,0,0,0,0,0,0,82,11027,819.0,23,0,0,1,0,0,0,0,1,0
28072.0,1,0,10,30.0,0.0,10,2.0,0.0,5.0,1,1,0,3,7,0,0,0,0,0,0,56,10716,47.0,5,0,0,0,1,0,1,0,0,0
16626.0,2,0,76,8.0,3.0,22,21.0,1.0,13.0,3,3,0,3,9,0,0,0,0,0,0,71,10525,68.0,9,0,0,1,0,0,0,0,1,0
15072.0,2,0,96,8.0,2.0,15,0.0,10.0,18.0,4,3,1,3,5,0,0,0,0,0,0,62,10775,53.0,11,0,0,1,0,0,1,0,0,0
39453.0,1,0,64,46.0,0.0,7,0.0,0.0,2.0,2,2,0,3,6,0,0,0,0,0,0,59,10447,55.0,7,0,0,1,0,0,0,0,1,0
50616.0,0,1,71,30.0,2.0,25,0.0,1.0,9.0,1,1,1,4,2,0,0,0,0,0,0,92,10437,67.0,7,0,0,0,0,1,0,0,1,0
26150.0,2,1,61,5.0,1.0,13,3.0,5.0,1.0,1,1,0,3,7,0,0,0,0,0,0,86,10835,28.0,5,0,0,1,0,0,0,0,0,0
72570.0,0,0,67,274.0,83.0,216,151.0,141.0,224.0,1,4,6,12,1,0,0,0,0,0,0,58,10425,1089.0,23,0,0,1,0,0,1,0,0,0
62000.0,0,1,25,899.0,0.0,101,0.0,0.0,20.0,1,6,6,13,4,0,0,0,1,0,0,90,10668,1020.0,26,1,0,0,0,1,0,1,0,0
82582.0,0,0,54,510.0,120.0,550,156.0,40.0,241.0,1,4,9,7,1,1,0,0,1,0,0,65,10382,1617.0,21,2,0,1,0,0,0,0,0,0
53359.0,1,1,4,173.0,4.0,30,3.0,6.0,41.0,4,5,1,4,7,0,0,0,0,0,0,66,10758,257.0,14,0,0,1,0,0,1,0,0,0
34853.0,1,1,75,9.0,3.0,15,2.0,3.0,2.0,2,2,0,3,6,0,0,0,0,0,0,69,10548,34.0,7,0,0,1,0,0,0,1,0,0
26518.0,1,1,33,20.0,1.0,28,3.0,3.0,25.0,3,2,0,3,8,0,0,0,0,0,0,93,10807,80.0,8,0,0,0,0,1,0,1,0,0
27161.0,1,0,41,7.0,4.0,23,7.0,0.0,11.0,1,1,0,3,7,0,0,0,0,0,0,56,10604,52.0,5,0,0,0,1,0,1,0,0,0
66000.0,0,0,36,244.0,51.0,270,101.0,0.0,45.0,1,1,3,5,1,0,0,0,0,0,0,95,10430,711.0,10,0,0,0,1,0,0,0,1,0
88325.0,0,0,42,519.0,71.0,860,93.0,27.0,53.0,1,6,2,9,2,0,0,0,0,0,0,61,10504,1623.0,18,0,0,1,0,0,0,0,1,0
69627.0,0,1,35,231.0,161.0,215,171.0,30.0,53.0,2,8,2,11,5,0,0,0,0,0,0,80,10829,861.0,23,0,0,1,0,0,0,1,0,0
65295.0,0,0,19,365.0,32.0,117,34.0,110.0,6.0,1,3,3,13,2,0,0,0,0,0,0,62,10548,664.0,20,0,0,0,0,1,0,1,0,0
29543.0,2,0,47,17.0,3.0,18,3.0,4.0,18.0,2,3,1,2,7,0,0,0,0,0,0,74,10449,63.0,8,0,0,0,1,0,1,0,0,0
46231.0,2,1,87,189.0,2.0,55,0.0,5.0,12.0,4,6,1,4,9,0,0,0,0,0,0,89,10940,263.0,15,0,0,0,0,1,0,1,0,0
38808.0,1,0,21,125.0,17.0,52,3.0,19.0,30.0,4,5,1,4,8,1,0,0,0,0,0,70,11032,246.0,14,1,0,1,0,0,0,1,0,0
76773.0,0,0,79,516.0,56.0,449,86.0,33.0,16.0,1,2,2,11,1,0,0,0,0,0,0,88,10849,1156.0,16,0,0,1,0,0,0,0,0,0
24594.0,1,0,94,1.0,3.0,6,10.0,0.0,9.0,1,1,0,3,5,0,0,0,0,0,0,63,10561,29.0,5,0,1,0,0,0,0,0,1,0
36921.0,1,1,74,17.0,1.0,12,3.0,1.0,4.0,2,2,0,3,7,0,0,0,0,0,0,77,10696,38.0,7,0,0,0,0,1,0,0,0,0
26997.0,0,0,89,7.0,23.0,78,133.0,49.0,144.0,2,4,2,5,7,0,0,0,0,0,0,91,10961,434.0,13,0,1,0,0,0,1,0,0,0
75903.0,0,1,50,340.0,108.0,185,130.0,38.0,100.0,2,6,6,9,3,0,0,0,0,0,0,91,10807,901.0,23,0,0,1,0,0,1,0,0,0
30477.0,1,0,16,47.0,1.0,6,0.0,0.0,12.0,1,1,1,3,6,0,0,0,0,0,0,58,10518,66.0,6,0,0,0,1,0,1,0,0,0
48721.0,1,1,50,81.0,18.0,113,47.0,13.0,21.0,6,4,2,5,6,0,0,0,0,0,0,79,10772,293.0,17,0,0,0,1,0,0,0,0,0
27238.0,1,1,39,37.0,0.0,17,0.0,0.0,3.0,3,3,0,3,9,0,0,0,0,0,0,80,10795,57.0,9,0,0,0,0,1,0,1,0,0
57811.0,0,1,49,545.0,7.0,114,37.0,21.0,78.0,5,7,2,11,5,0,1,0,0,0,0,76,10730,802.0,25,1,0,1,0,0,0,0,1,0
45160.0,1,1,9,8.0,2.0,5,3.0,0.0,3.0,1,1,0,2,7,0,0,0,0,0,0,84,10452,21.0,4,0,0,1,0,0,0,1,0,0
22574.0,2,1,28,25.0,0.0,8,2.0,0.0,2.0,2,2,0,3,7,0,0,0,0,0,0,75,10604,37.0,7,0,0,1,0,0,1,0,0,0
62972.0,0,1,39,313.0,15.0,47,20.0,0.0,192.0,2,7,4,3,6,0,0,0,0,0,0,87,11055,587.0,16,0,0,0,0,0,1,0,0,0
59892.0,0,1,26,73.0,0.0,13,0.0,1.0,0.0,1,2,1,3,3,0,0,0,0,0,0,72,10599,87.0,7,0,0,0,0,1,1,0,0,0
48726.0,0,1,90,138.0,3.0,38,4.0,0.0,59.0,3,3,2,4,6,0,0,0,0,0,0,87,10788,242.0,12,0,0,1,0,0,1,0,0,0
65685.0,0,1,54,642.0,14.0,49,0.0,7.0,57.0,1,9,2,9,5,0,0,0,0,0,0,70,10452,769.0,21,0,0,1,0,0,1,0,0,0
41452.0,1,1,86,13.0,0.0,3,0.0,0.0,25.0,1,1,0,2,7,0,0,0,0,0,0,89,10840,41.0,4,0,0,1,0,0,0,0,1,0
86424.0,0,0,12,387.0,68.0,569,89.0,45.0,68.0,1,6,9,12,1,0,0,0,0,0,0,86,10445,1226.0,28,0,0,0,1,0,0,1,0,0
49118.0,0,0,90,620.0,54.0,239,99.0,98.0,119.0,2,9,7,10,7,0,1,0,0,1,0,71,11040,1229.0,28,2,0,0,0,0,0,0,0,0
60033.0,0,1,28,62.0,1.0,57,19.0,11.0,48.0,2,2,1,5,2,0,0,0,0,0,0,88,10452,198.0,10,0,0,0,1,0,0,0,1,0
51550.0,1,2,67,738.0,20.0,172,52.0,50.0,20.0,6,2,3,10,7,0,1,0,1,0,0,72,10670,1052.0,21,2,0,1,0,0,0,1,0,0
34554.0,0,1,43,41.0,1.0,6,2.0,0.0,5.0,2,2,0,3,6,0,0,0,0,0,0,83,10451,55.0,7,0,0,0,0,1,0,1,0,0
56181.0,0,1,6,121.0,103.0,69,8.0,44.0,48.0,1,4,2,7,4,0,0,0,0,0,0,80,10897,393.0,14,0,0,1,0,0,1,0,0,0
46344.0,0,1,28,233.0,20.0,57,8.0,20.0,91.0,4,7,1,5,7,0,0,0,0,0,0,70,10922,429.0,17,0,0,0,0,0,0,0,1,0
38872.0,1,0,93,23.0,3.0,21,3.0,19.0,22.0,2,3,0,3,8,0,0,0,0,0,0,54,10755,91.0,8,0,0,1,0,0,1,0,0,0
56575.0,0,2,42,421.0,5.0,90,0.0,16.0,10.0,3,7,3,7,5,0,0,0,0,0,0,75,10780,542.0,20,0,0,0,0,1,0,0,1,0
22123.0,0,0,77,3.0,3.0,24,34.0,7.0,31.0,1,2,1,3,5,0,0,0,0,0,0,82,10454,102.0,7,0,1,0,0,0,0,0,0,1
66476.0,0,1,80,742.0,28.0,152,25.0,9.0,57.0,2,6,8,10,4,0,0,0,0,0,0,73,10567,1013.0,26,0,0,0,1,0,0,0,1,0
70666.0,0,0,29,398.0,40.0,367,119.0,122.0,30.0,1,7,4,4,4,0,0,0,0,0,0,94,10565,1076.0,16,0,0,1,0,0,0,0,1,0
76532.0,1,1,38,355.0,30.0,177,90.0,138.0,30.0,4,9,5,7,5,0,0,0,0,0,0,67,10653,820.0,25,0,0,1,0,0,0,0,1,0
51537.0,0,1,27,787.0,20.0,204,0.0,0.0,92.0,3,2,2,11,8,0,0,0,0,0,0,90,10927,1103.0,18,0,0,1,0,0,0,0,0,0
50014.0,1,0,9,234.0,14.0,77,19.0,10.0,42.0,2,4,1,8,5,0,0,0,0,0,0,74,10518,396.0,15,0,0,0,1,0,0,1,0,0
96547.0,0,0,4,448.0,21.0,125,52.0,101.0,62.0,0,7,6,8,2,1,0,1,1,0,0,62,10397,809.0,21,3,0,0,0,0,1,0,0,0
52531.0,0,0,68,283.0,112.0,151,51.0,72.0,125.0,2,7,2,10,6,0,0,0,0,0,0,71,10906,794.0,21,0,0,1,0,0,1,0,0,0
83917.0,0,0,12,514.0,22.0,732,42.0,8.0,79.0,1,6,7,7,3,0,0,0,0,0,0,69,10797,1397.0,21,0,0,1,0,0,0,1,0,0
75127.0,0,0,92,203.0,35.0,305,46.0,17.0,227.0,1,2,11,5,1,0,0,0,0,0,0,90,10398,833.0,19,0,0,1,0,0,0,1,0,0
58554.0,1,1,55,368.0,24.0,68,38.0,0.0,88.0,6,8,2,6,7,0,0,0,0,0,0,74,11001,586.0,22,0,0,1,0,0,0,0,1,0
34824.0,0,0,65,4.0,2.0,11,2.0,0.0,4.0,1,1,0,2,6,0,0,0,0,0,0,47,10455,23.0,4,0,0,1,0,0,0,1,0,0
40442.0,1,1,52,45.0,12.0,52,25.0,22.0,13.0,4,3,1,4,7,0,0,0,0,0,0,90,11039,169.0,12,0,0,0,1,0,0,0,1,0
28587.0,1,0,42,22.0,4.0,17,12.0,10.0,13.0,3,2,0,4,6,0,0,0,0,0,0,64,10497,78.0,9,0,0,1,0,0,0,0,1,0
65488.0,0,0,46,603.0,45.0,207,36.0,18.0,54.0,1,3,4,6,1,0,0,0,0,0,0,84,10376,963.0,14,0,0,0,0,1,0,0,1,0
53593.0,1,1,60,349.0,4.0,78,6.0,0.0,43.0,8,7,2,6,8,0,0,0,0,0,0,89,11051,480.0,23,0,0,0,0,1,0,0,1,0
28839.0,1,1,86,24.0,0.0,7,0.0,0.0,1.0,2,2,0,3,5,0,0,0,0,0,0,86,10470,32.0,7,0,0,0,1,0,0,0,1,0
25804.0,1,0,34,8.0,7.0,9,13.0,6.0,12.0,2,2,0,3,8,0,0,0,0,0,0,64,10661,55.0,7,0,0,0,0,0,1,0,0,0
34350.0,1,0,81,16.0,3.0,15,2.0,1.0,11.0,1,1,0,3,7,0,0,0,0,0,0,63,10613,48.0,5,0,0,1,0,0,0,0,1,0
42207.0,1,0,71,116.0,11.0,72,3.0,17.0,46.0,4,4,1,5,6,1,0,0,0,0,0,58,10814,265.0,14,1,0,0,1,0,1,0,0,0
26907.0,1,1,10,9.0,1.0,7,0.0,3.0,2.0,2,1,0,3,7,0,0,0,0,0,0,66,10673,22.0,6,0,0,0,0,0,0,0,1,0
37859.0,1,2,75,22.0,1.0,8,2.0,1.0,2.0,2,1,0,3,8,0,0,0,0,0,0,80,10893,36.0,6,0,0,1,0,0,0,0,0,0
87171.0,0,0,27,1001.0,44.0,107,58.0,44.0,44.0,1,6,7,11,2,1,0,1,0,0,0,61,10784,1298.0,25,2,0,0,0,1,1,0,0,0
32880.0,1,0,76,8.0,4.0,15,7.0,6.0,2.0,1,1,0,3,8,0,0,0,0,0,0,56,10932,42.0,5,0,0,1,0,0,1,0,0,0
95169.0,0,0,1,1285.0,21.0,449,106.0,20.0,20.0,1,4,3,4,1,0,0,1,1,0,0,55,10623,1901.0,12,2,0,0,0,1,0,1,0,0
56067.0,0,1,51,517.0,12.0,54,16.0,6.0,120.0,2,7,4,7,5,0,0,0,0,0,0,80,10704,725.0,20,0,0,0,0,1,0,0,1,0
39062.0,1,0,28,23.0,0.0,9,0.0,0.0,12.0,1,1,0,3,4,1,0,0,0,0,0,59,10456,44.0,5,1,0,1,0,0,0,1,0,0
22148.0,0,0,16,15.0,5.0,14,0.0,4.0,11.0,1,1,0,3,7,0,0,0,0,0,0,59,10437,49.0,5,0,0,1,0,0,0,1,0,0
157733.0,1,0,37,39.0,1.0,9,2.0,0.0,8.0,0,1,0,1,1,0,0,0,0,0,0,71,10750,59.0,2,0,0,0,1,0,0,0,1,0
22390.0,0,0,49,0.0,1.0,4,15.0,1.0,5.0,1,1,0,2,7,0,0,0,0,0,0,73,10611,26.0,4,0,1,0,0,0,0,0,1,0
63810.0,0,1,45,977.0,8.0,253,16.0,12.0,101.0,4,4,3,12,8,0,1,0,0,0,0,76,10955,1367.0,23,1,0,1,0,0,0,1,0,0
39190.0,1,0,91,68.0,8.0,18,19.0,8.0,12.0,2,2,1,4,5,0,0,0,0,0,0,68,10424,133.0,9,0,0,0,0,1,0,1,0,0
36807.0,1,1,88,4.0,2.0,5,0.0,0.0,5.0,1,1,0,2,6,0,0,0,0,0,0,88,10916,16.0,4,0,0,1,0,0,0,0,1,0
53700.0,0,1,94,263.0,5.0,233,69.0,41.0,83.0,4,5,5,8,5,0,0,0,0,0,0,90,11041,694.0,22,0,0,1,0,0,0,1,0,0
36408.0,1,1,11,9.0,1.0,4,3.0,2.0,3.0,1,1,0,2,6,0,0,0,0,0,0,93,10641,22.0,4,0,0,0,1,0,1,0,0,0
16529.0,1,0,23,3.0,0.0,5,13.0,0.0,1.0,1,1,0,3,6,0,0,0,0,0,0,58,10480,22.0,5,0,0,1,0,0,0,0,1,0
30261.0,1,2,75,8.0,0.0,5,0.0,3.0,6.0,1,0,0,3,8,0,0,0,0,0,0,70,11002,22.0,4,0,0,1,0,0,0,0,1,0
8820.0,1,1,52,12.0,0.0,13,4.0,2.0,4.0,4,3,0,3,8,0,0,0,0,0,0,90,10824,35.0,10,0,0,0,1,0,0,1,0,0
46524.0,0,1,70,31.0,19.0,35,26.0,14.0,52.0,2,1,1,5,3,0,0,0,0,0,0,81,10810,177.0,9,0,0,1,0,0,0,1,0,0
38097.0,1,1,70,77.0,2.0,35,0.0,1.0,69.0,4,3,2,2,7,1,0,0,0,0,0,72,10982,184.0,11,1,0,0,0,1,1,0,0,0
43018.0,0,1,46,35.0,4.0,17,7.0,6.0,64.0,1,2,2,2,5,0,0,0,0,0,0,68,10600,133.0,7,0,0,0,1,0,0,0,1,0
54809.0,1,1,0,63.0,6.0,57,13.0,13.0,22.0,4,2,1,5,4,0,0,0,0,0,0,65,10651,174.0,12,0,0,1,0,0,1,0,0,0
66476.0,0,1,99,372.0,18.0,126,47.0,48.0,78.0,2,5,2,11,4,0,0,0,0,0,0,66,10839,689.0,20,0,0,0,0,1,0,0,0,0
38415.0,1,1,91,22.0,1.0,13,4.0,0.0,4.0,2,1,0,3,7,0,0,0,0,0,0,64,10903,44.0,6,0,0,1,0,0,1,0,0,0
31454.0,1,1,40,28.0,0.0,11,0.0,0.0,9.0,3,2,0,3,8,0,0,0,0,0,0,82,10718,48.0,8,0,0,1,0,0,1,0,0,0
42231.0,1,1,99,24.0,0.0,8,0.0,1.0,4.0,1,1,0,3,5,0,0,0,0,0,0,73,10456,37.0,5,0,0,1,0,0,1,0,0,0
22304.0,0,0,91,3.0,2.0,7,0.0,4.0,2.0,1,1,0,2,8,0,0,0,0,0,0,86,11054,18.0,4,0,0,1,0,0,0,0,0,0
16927.0,1,1,50,20.0,2.0,23,3.0,1.0,4.0,5,3,0,4,8,0,0,0,0,0,0,66,10864,53.0,12,0,0,0,0,1,1,0,0,0
43815.0,1,0,53,14.0,10.0,29,4.0,7.0,15.0,1,2,0,3,6,0,0,0,0,0,0,60,10810,79.0,6,0,0,0,1,0,1,0,0,0
15315.0,0,0,27,7.0,4.0,13,15.0,8.0,17.0,2,2,0,4,5,0,0,0,0,0,0,72,10690,64.0,8,0,0,0,0,0,1,0,0,0
60544.0,1,1,92,201.0,2.0,43,3.0,5.0,35.0,4,5,1,5,6,0,0,0,0,0,0,81,11033,289.0,15,0,0,1,0,0,1,0,0,0
81698.0,0,0,1,709.0,45.0,115,30.0,160.0,45.0,1,8,2,5,5,0,0,0,1,0,0,59,10845,1104.0,16,1,0,0,0,0,0,1,0,0
58330.0,0,1,87,445.0,53.0,213,104.0,98.0,151.0,1,6,4,13,4,0,0,0,0,0,0,67,10546,1064.0,24,0,0,1,0,0,0,0,0,1
53977.0,0,1,21,620.0,16.0,165,0.0,24.0,82.0,5,5,5,12,5,0,0,0,0,0,0,84,10746,907.0,27,0,0,1,0,0,0,0,1,0
56534.0,0,1,35,691.0,7.0,61,10.0,0.0,46.0,4,10,4,7,8,0,1,0,0,1,0,74,10701,815.0,25,2,0,1,0,0,0,0,1,0
67419.0,0,1,29,846.0,84.0,352,91.0,56.0,42.0,4,9,4,8,5,0,0,0,0,0,0,72,10889,1471.0,25,0,0,1,0,0,0,0,1,0
68462.0,0,0,6,561.0,64.0,785,84.0,128.0,48.0,1,3,3,8,1,0,0,0,0,0,0,73,10924,1670.0,15,0,0,0,0,1,1,0,0,0
76624.0,0,1,68,411.0,106.0,147,54.0,115.0,66.0,1,5,10,7,1,1,0,0,0,0,0,80,10396,899.0,23,1,0,1,0,0,0,1,0,0
30828.0,1,0,16,16.0,11.0,15,2.0,0.0,12.0,2,1,1,4,3,0,0,0,0,0,0,62,10628,56.0,8,0,0,1,0,0,0,1,0,0
55212.0,0,1,65,1103.0,0.0,45,0.0,0.0,34.0,3,4,2,11,8,0,1,0,0,1,0,73,10943,1182.0,20,2,0,0,0,1,1,0,0,0
18746.0,1,0,41,2.0,10.0,11,12.0,9.0,20.0,2,3,0,3,6,0,0,0,0,0,0,50,10391,64.0,8,0,1,0,0,0,0,1,0,0
85696.0,0,0,88,714.0,76.0,395,116.0,0.0,12.0,1,4,6,9,1,0,0,0,0,0,0,80,10782,1313.0,20,0,0,0,0,1,0,0,0,0
39660.0,1,0,36,139.0,13.0,78,20.0,13.0,36.0,3,7,1,3,9,0,0,0,0,0,0,60,11050,299.0,14,0,0,1,0,0,0,1,0,0
79530.0,0,0,64,333.0,0.0,815,129.0,42.0,29.0,1,4,10,11,2,0,0,0,0,0,0,82,10768,1348.0,26,0,0,1,0,0,1,0,0,0
39228.0,0,0,1,7.0,1.0,6,0.0,3.0,3.0,1,0,0,3,4,0,0,0,0,0,0,82,10775,20.0,4,0,0,0,1,0,0,0,0,0
53653.0,0,0,29,815.0,10.0,239,28.0,10.0,108.0,2,10,4,12,6,0,0,0,0,0,0,89,10959,1210.0,28,0,0,1,0,0,0,0,0,1
76445.0,1,0,2,739.0,107.0,309,140.0,80.0,35.0,1,2,5,13,6,0,0,0,0,0,0,71,10999,1410.0,21,0,0,1,0,0,1,0,0,0
37040.0,0,0,41,86.0,2.0,73,69.0,38.0,48.0,1,4,2,5,8,0,0,0,0,0,0,60,11050,316.0,12,0,0,1,0,0,1,0,0,0
80067.0,0,0,82,519.0,17.0,813,27.0,173.0,51.0,1,4,6,6,2,0,0,1,0,0,0,88,10643,1600.0,17,1,0,1,0,0,1,0,0,0
80134.0,0,0,11,966.0,26.0,282,52.0,26.0,26.0,1,2,7,11,5,0,1,1,1,1,0,48,10495,1378.0,21,4,0,1,0,0,0,0,1,0
54058.0,0,1,56,198.0,18.0,252,32.0,108.0,54.0,2,4,6,8,3,0,0,0,0,0,0,66,10750,662.0,20,0,0,1,0,0,0,0,1,0
37758.0,1,1,49,27.0,2.0,10,0.0,0.0,25.0,2,1,0,3,8,0,0,0,0,0,0,76,10993,64.0,6,0,0,1,0,0,0,0,1,0
66835.0,0,0,21,620.0,26.0,195,34.0,17.0,141.0,1,6,4,13,2,0,0,0,0,0,0,96,10634,1033.0,24,0,0,0,1,0,1,0,0,0
64176.0,0,1,52,1215.0,33.0,249,64.0,116.0,149.0,8,8,9,8,6,0,0,0,0,0,0,77,11055,1826.0,33,0,0,0,0,0,0,0,0,0
27242.0,1,0,2,3.0,17.0,26,20.0,1.0,39.0,2,2,0,3,9,0,0,0,0,0,0,72,10955,106.0,7,0,0,1,0,0,0,1,0,0
44392.0,1,1,71,87.0,5.0,71,7.0,12.0,29.0,5,4,1,4,7,0,0,0,0,0,0,68,10657,211.0,14,0,0,1,0,0,0,0,1,0
54693.0,0,1,72,686.0,17.0,142,23.0,26.0,35.0,8,6,4,13,6,0,0,0,0,0,0,80,10857,929.0,31,0,0,0,0,1,1,0,0,0
26224.0,1,0,39,4.0,7.0,15,13.0,9.0,15.0,3,2,1,3,6,0,0,0,0,0,0,64,10750,63.0,9,0,0,0,0,0,1,0,0,0
53187.0,1,0,66,211.0,2.0,30,7.0,7.0,10.0,2,4,1,6,5,0,0,0,0,0,0,72,10606,267.0,13,0,0,1,0,0,0,0,1,0
34596.0,1,0,48,14.0,0.0,2,0.0,0.0,7.0,1,1,0,2,8,0,0,0,0,0,0,68,10802,23.0,4,0,0,0,0,1,1,0,0,0
82170.0,0,0,13,1023.0,93.0,651,49.0,55.0,37.0,1,5,6,7,2,0,0,0,0,0,0,64,10576,1908.0,19,0,0,0,0,1,1,0,0,0
59754.0,0,1,96,115.0,27.0,44,4.0,146.0,139.0,3,5,2,6,5,0,0,0,0,0,0,77,10935,475.0,16,0,0,1,0,0,1,0,0,0
21059.0,1,0,40,8.0,3.0,19,3.0,3.0,8.0,3,3,0,3,6,0,0,0,0,0,0,60,10533,44.0,9,0,0,0,1,0,1,0,0,0
15287.0,1,0,60,1.0,2.0,8,4.0,3.0,13.0,2,1,1,2,7,1,0,0,0,0,0,63,10987,31.0,6,1,0,1,0,0,0,0,0,0
24367.0,1,0,58,2.0,4.0,2,0.0,11.0,5.0,1,1,0,2,9,0,0,0,0,0,0,60,10826,24.0,4,0,1,0,0,0,0,1,0,0
7500.0,0,0,94,0.0,2.0,3,4.0,1.0,25.0,1,0,0,3,6,0,0,0,0,0,0,55,10896,35.0,4,0,0,1,0,0,1,0,0,0
62845.0,1,1,3,1099.0,0.0,45,0.0,0.0,34.0,11,3,4,10,8,0,1,0,0,0,0,93,10996,1178.0,28,1,0,0,1,0,1,0,0,0
61014.0,0,1,17,269.0,129.0,495,182.0,43.0,29.0,4,9,3,4,7,0,0,0,0,0,0,62,11047,1147.0,20,0,0,1,0,0,1,0,0,0
33249.0,1,0,11,6.0,10.0,21,19.0,14.0,42.0,2,2,1,3,6,0,0,0,0,0,0,67,10854,112.0,8,0,0,1,0,0,0,1,0,0
56551.0,1,1,48,67.0,4.0,32,17.0,2.0,16.0,3,2,1,4,4,0,0,0,0,0,0,92,10413,138.0,10,0,0,0,0,1,0,0,0,1
43776.0,1,0,77,8.0,0.0,9,2.0,1.0,3.0,1,1,0,2,6,0,0,0,0,0,0,59,10417,23.0,4,0,0,1,0,0,0,0,1,0
25176.0,1,1,79,4.0,0.0,4,0.0,0.0,5.0,1,1,0,2,7,0,0,0,0,0,0,66,10683,13.0,4,0,0,0,0,0,0,0,1,0
50664.0,1,1,64,313.0,8.0,104,6.0,4.0,126.0,9,8,1,6,9,0,0,0,0,0,0,83,10889,561.0,24,0,0,1,0,0,0,1,0,0
56243.0,1,2,26,347.0,0.0,35,4.0,3.0,7.0,6,4,2,8,5,0,0,0,0,0,0,67,10541,396.0,20,0,0,1,0,0,0,1,0,0
50200.0,1,1,70,266.0,6.0,51,8.0,6.0,64.0,6,7,1,5,8,0,0,0,0,0,0,66,10812,401.0,19,0,0,1,0,0,0,0,1,0
82326.0,0,0,30,938.0,142.0,754,159.0,81.0,183.0,1,5,10,6,2,0,1,1,1,0,0,65,10471,2257.0,22,3,0,0,0,0,0,0,1,0
16531.0,1,0,43,2.0,13.0,6,7.0,5.0,11.0,3,3,0,3,7,0,0,0,0,0,0,64,10371,44.0,9,0,0,1,0,0,0,0,1,0
157146.0,0,0,13,1.0,0.0,1725,2.0,1.0,1.0,0,0,28,0,1,0,0,0,0,0,0,65,10786,1730.0,28,0,0,1,0,0,0,0,1,0
21645.0,1,0,75,14.0,0.0,23,4.0,5.0,19.0,3,3,0,3,9,0,0,0,0,0,0,63,11024,65.0,9,0,0,1,0,0,0,0,1,0
54006.0,1,0,42,174.0,77.0,203,6.0,24.0,97.0,2,8,1,7,7,0,0,0,0,0,0,57,11009,581.0,18,0,0,1,0,0,0,0,1,0
72117.0,0,1,34,707.0,20.0,171,65.0,60.0,50.0,1,9,7,9,5,0,0,0,0,0,0,65,10673,1073.0,26,0,0,1,0,0,1,0,0,0
20491.0,0,0,16,5.0,4.0,5,4.0,2.0,10.0,1,0,1,2,7,0,0,0,0,0,0,56,10880,30.0,4,0,0,0,0,0,0,0,1,0
26487.0,1,0,23,2.0,8.0,10,12.0,14.0,23.0,3,2,1,3,5,0,0,0,0,0,0,64,10765,69.0,9,0,1,0,0,0,0,1,0,0
61074.0,0,1,37,789.0,0.0,133,0.0,28.0,152.0,7,11,5,8,7,0,0,0,0,0,0,84,11041,1102.0,31,0,0,1,0,0,1,0,0,0
24762.0,1,0,16,6.0,10.0,12,3.0,15.0,40.0,3,3,1,2,8,1,0,0,0,0,0,70,10499,86.0,9,1,0,1,0,0,0,1,0,0
44051.0,1,1,20,79.0,7.0,58,6.0,3.0,18.0,4,3,1,4,6,0,0,0,0,0,0,69,10876,171.0,12,0,0,0,1,0,0,0,0,0
42670.0,0,0,12,154.0,2.0,46,20.0,4.0,15.0,1,4,2,4,4,0,0,0,0,0,0,50,10788,241.0,11,0,0,0,1,0,0,0,1,0
37085.0,1,1,65,39.0,1.0,16,2.0,0.0,3.0,4,3,0,3,8,0,0,0,0,0,0,67,10363,61.0,10,0,0,1,0,0,1,0,0,0
92910.0,0,0,42,551.0,137.0,792,179.0,103.0,33.0,1,6,7,13,1,0,1,1,1,0,0,56,10426,1795.0,27,3,0,1,0,0,1,0,0,0
65324.0,0,1,0,384.0,0.0,102,21.0,32.0,5.0,3,6,2,9,4,0,0,0,0,0,0,88,10529,544.0,20,0,0,0,0,1,1,0,0,0
31535.0,1,0,95,15.0,4.0,13,0.0,0.0,19.0,1,1,1,2,7,1,0,0,0,0,0,62,10636,51.0,5,1,0,0,1,0,1,0,0,0
71391.0,0,1,50,336.0,123.0,274,46.0,123.0,141.0,5,6,5,12,3,0,0,0,0,0,0,86,10817,1043.0,28,0,0,1,0,0,1,0,0,0
33456.0,1,1,58,7.0,3.0,10,8.0,1.0,7.0,2,1,0,3,7,0,0,0,0,0,0,77,10429,36.0,6,0,0,1,0,0,0,0,1,0
75484.0,0,1,50,378.0,97.0,259,197.0,194.0,34.0,2,7,3,6,4,0,0,0,0,0,0,66,11056,1159.0,18,0,0,0,0,0,0,0,1,0
36283.0,1,1,42,6.0,5.0,5,8.0,0.0,5.0,2,1,0,3,4,0,0,0,0,0,0,66,10436,29.0,6,0,0,1,0,0,0,0,1,0
69267.0,0,0,31,778.0,44.0,499,95.0,73.0,146.0,2,3,4,5,7,0,0,0,0,0,0,89,11005,1635.0,14,0,0,1,0,0,0,1,0,0
77044.0,0,1,12,625.0,38.0,242,50.0,34.0,76.0,2,7,11,11,4,1,0,0,0,0,0,70,10605,1065.0,31,1,0,1,0,0,0,0,1,0
25721.0,1,0,75,1.0,3.0,6,3.0,6.0,15.0,1,1,1,2,7,0,0,0,0,0,0,71,10764,34.0,5,0,0,1,0,0,1,0,0,0
47958.0,0,1,8,268.0,11.0,88,15.0,3.0,22.0,2,6,3,5,5,0,0,0,0,0,0,90,10886,407.0,16,0,0,1,0,0,0,1,0,0
70638.0,0,0,69,1016.0,12.0,215,16.0,12.0,63.0,1,4,5,10,3,0,1,0,0,0,0,87,10753,1334.0,20,1,0,0,1,0,0,0,0,0
65526.0,0,1,22,397.0,19.0,69,12.0,0.0,9.0,1,4,4,8,2,0,0,0,0,0,0,78,10439,506.0,17,0,0,0,0,1,1,0,0,0
88097.0,1,0,24,163.0,0.0,480,0.0,126.0,75.0,1,6,5,8,9,0,1,1,1,0,0,64,11040,844.0,20,3,0,0,1,0,1,0,0,0
76045.0,0,0,78,760.0,53.0,400,17.0,93.0,0.0,1,4,5,11,2,0,0,0,1,0,0,82,10586,1323.0,21,1,0,0,0,1,0,1,0,0
34377.0,0,1,55,62.0,0.0,22,3.0,1.0,26.0,2,2,2,2,7,0,0,0,0,0,0,79,10886,114.0,8,0,0,1,0,0,0,1,0,0
50965.0,0,1,87,544.0,13.0,85,8.0,6.0,29.0,3,10,4,5,8,1,0,0,0,0,0,86,10854,685.0,22,1,0,0,1,0,1,0,0,0
18793.0,1,0,14,4.0,16.0,20,0.0,17.0,20.0,3,2,0,4,8,0,0,0,0,0,0,71,10893,77.0,9,0,0,1,0,0,1,0,0,0
30732.0,1,0,44,155.0,1.0,25,0.0,1.0,3.0,4,4,1,4,8,0,0,0,0,0,0,62,10900,185.0,13,0,0,0,0,1,1,0,0,0
45759.0,1,1,13,42.0,1.0,18,3.0,0.0,4.0,2,2,0,3,7,0,0,0,0,0,0,78,10851,68.0,7,0,0,0,0,1,1,0,0,0
95529.0,0,0,29,770.0,29.0,890,250.0,27.0,24.0,1,7,3,7,3,0,0,1,0,0,0,48,10933,1990.0,18,1,0,1,0,0,0,1,0,0
51550.0,0,0,75,532.0,126.0,490,164.0,126.0,126.0,1,5,5,11,1,0,0,1,0,0,0,99,10602,1564.0,22,1,0,0,1,0,0,0,0,1
66886.0,0,1,28,315.0,4.0,62,41.0,31.0,146.0,2,7,1,7,5,0,0,0,0,0,0,84,10646,599.0,17,0,0,1,0,0,0,0,1,0
55239.0,0,1,59,371.0,17.0,238,23.0,24.0,106.0,3,7,5,11,5,0,0,0,0,0,0,71,10710,779.0,26,0,0,1,0,0,0,1,0,0
48240.0,0,0,73,389.0,91.0,248,64.0,49.0,25.0,3,6,3,13,5,0,0,0,0,0,0,73,10957,866.0,25,0,0,0,0,1,0,1,0,0
76630.0,0,0,93,255.0,31.0,446,40.0,56.0,175.0,1,3,10,11,1,0,0,0,0,0,0,59,10526,1003.0,25,0,0,1,0,0,1,0,0,0
51012.0,0,0,86,102.0,9.0,63,2.0,9.0,24.0,1,4,1,4,6,0,0,0,0,0,0,96,10797,209.0,10,0,0,0,0,1,1,0,0,0
22682.0,1,0,51,10.0,14.0,29,4.0,2.0,36.0,3,2,1,4,4,0,0,0,0,0,0,69,10629,95.0,10,0,0,1,0,0,0,0,1,0
46779.0,1,1,55,12.0,1.0,3,0.0,0.0,25.0,1,0,1,2,4,0,0,0,0,0,0,82,10712,41.0,4,0,0,0,0,0,0,0,0,1
62859.0,0,1,37,1063.0,89.0,102,16.0,12.0,25.0,4,9,4,6,6,0,0,0,0,0,0,83,10906,1307.0,23,0,0,0,0,1,0,0,0,0
61559.0,0,1,8,279.0,83.0,88,32.0,14.0,34.0,1,4,2,10,3,0,0,0,0,0,0,77,10707,530.0,17,0,0,1,0,0,0,1,0,0
34421.0,1,0,81,3.0,3.0,7,6.0,2.0,9.0,1,1,0,2,7,0,0,0,0,0,0,68,10723,30.0,4,0,0,1,0,0,1,0,0,0
69084.0,1,0,43,1181.0,107.0,199,39.0,30.0,30.0,2,7,3,13,8,0,0,0,0,0,0,72,10582,1586.0,25,0,0,0,0,1,1,0,0,0
57642.0,0,1,24,580.0,6.0,58,8.0,0.0,27.0,3,7,6,6,4,1,0,0,0,0,0,72,10531,679.0,22,1,0,0,0,1,0,1,0,0
38236.0,1,1,2,58.0,0.0,18,2.0,0.0,10.0,4,3,0,4,7,0,0,0,0,0,0,74,10642,88.0,11,0,0,0,0,1,0,1,0,0
66664.0,0,0,78,398.0,96.0,447,220.0,96.0,32.0,1,5,7,6,3,0,0,0,0,0,0,60,11002,1289.0,19,0,0,0,0,0,0,0,1,0
54450.0,1,1,0,454.0,0.0,171,8.0,19.0,32.0,12,9,2,8,8,0,0,0,0,0,0,86,11013,684.0,31,0,0,1,0,0,0,0,1,0
47472.0,1,1,39,56.0,0.0,11,0.0,0.0,8.0,2,2,0,4,5,0,0,0,0,0,0,76,10646,75.0,8,0,0,0,0,1,0,0,1,0
31928.0,1,0,5,33.0,4.0,24,4.0,2.0,5.0,2,3,0,4,7,0,0,0,0,0,0,53,10453,72.0,9,0,0,1,0,0,0,0,1,0
72099.0,0,0,18,546.0,91.0,410,119.0,0.0,22.0,1,3,4,10,1,0,0,0,0,0,0,68,10970,1188.0,18,0,0,1,0,0,1,0,0,0
83891.0,0,1,24,217.0,38.0,350,111.0,85.0,15.0,1,4,7,10,1,0,0,0,0,0,0,68,10369,816.0,22,0,0,0,1,0,1,0,0,0
36715.0,1,0,16,172.0,10.0,125,21.0,13.0,16.0,6,7,2,4,9,0,0,0,0,0,0,71,10949,357.0,19,0,0,1,0,0,1,0,0,0
70713.0,0,1,23,736.0,114.0,279,82.0,76.0,190.0,6,5,6,8,3,0,0,0,0,0,0,76,10933,1477.0,25,0,0,1,0,0,0,0,1,0
79419.0,0,0,96,751.0,127.0,687,20.0,15.0,31.0,1,4,6,4,2,0,0,0,0,0,0,72,10367,1631.0,15,0,0,0,1,0,0,0,1,0
57036.0,0,1,33,1171.0,43.0,219,19.0,14.0,47.0,4,6,3,13,9,1,0,0,0,0,0,67,10925,1513.0,26,1,0,0,0,0,1,0,0,0
70337.0,0,0,75,187.0,81.0,149,25.0,43.0,91.0,1,2,2,12,1,0,0,0,0,0,0,63,10538,576.0,17,0,0,1,0,0,0,1,0,0
71434.0,0,1,4,711.0,36.0,217,172.0,96.0,168.0,3,7,4,7,4,0,1,0,1,0,0,80,10644,1400.0,21,2,0,1,0,0,1,0,0,0
66653.0,1,1,18,452.0,18.0,102,16.0,18.0,6.0,4,4,2,12,3,0,0,0,0,0,0,67,11020,612.0,22,0,0,1,0,0,0,0,1,0
51012.0,0,0,86,102.0,9.0,63,2.0,9.0,24.0,1,4,1,4,6,0,0,0,0,0,0,96,10797,209.0,10,0,0,0,0,1,1,0,0,0
38200.0,1,1,19,12.0,0.0,4,0.0,0.0,1.0,1,1,0,2,7,0,0,0,0,0,0,72,10929,17.0,4,0,0,1,0,0,0,0,1,0
70116.0,0,0,73,707.0,44.0,603,95.0,58.0,29.0,1,2,8,12,1,0,0,0,0,0,0,70,10879,1536.0,23,0,0,0,0,1,1,0,0,0
35791.0,2,1,94,27.0,0.0,5,0.0,0.0,3.0,2,1,0,3,8,0,0,0,0,0,0,77,10779,35.0,6,0,0,0,1,0,0,1,0,0
28691.0,1,0,56,5.0,4.0,13,8.0,0.0,4.0,1,1,0,3,8,0,0,0,0,0,0,53,10720,34.0,5,0,0,1,0,0,1,0,0,0
29819.0,1,0,77,9.0,1.0,24,2.0,1.0,2.0,3,3,0,3,6,0,0,0,0,0,0,71,10608,39.0,9,0,0,1,0,0,0,0,0,0
79410.0,0,0,19,658.0,80.0,483,123.0,13.0,13.0,1,3,2,5,1,0,0,0,0,0,0,81,10391,1370.0,11,0,0,1,0,0,1,0,0,0
70165.0,0,0,60,161.0,0.0,253,199.0,191.0,122.0,1,3,7,11,1,0,0,0,0,0,0,93,10640,926.0,22,0,0,1,0,0,0,0,0,1
62307.0,0,1,94,87.0,13.0,34,10.0,6.0,10.0,1,4,0,4,5,0,0,0,0,0,0,90,10492,160.0,9,0,0,1,0,0,0,1,0,0
66726.0,1,1,61,349.0,7.0,35,0.0,0.0,47.0,3,8,2,4,7,0,1,0,0,0,0,85,10528,438.0,17,1,0,0,1,0,1,0,0,0
41769.0,0,1,31,302.0,29.0,131,32.0,0.0,27.0,6,8,1,7,8,0,0,0,0,0,0,87,10861,521.0,22,0,0,0,0,0,0,0,0,0
71322.0,0,1,31,121.0,24.0,124,24.0,15.0,42.0,1,4,1,7,2,0,0,0,0,0,0,66,10418,350.0,13,0,0,1,0,0,0,0,1,0
70321.0,0,0,6,303.0,23.0,751,82.0,26.0,191.0,1,6,5,13,4,0,0,0,0,0,0,95,10889,1376.0,25,0,0,1,0,0,0,0,1,0
96843.0,0,0,60,448.0,71.0,951,40.0,17.0,17.0,1,6,11,10,2,0,0,1,0,0,0,52,10792,1544.0,28,1,0,1,0,0,0,1,0,0
33316.0,1,1,34,79.0,1.0,31,4.0,4.0,12.0,3,2,1,4,6,0,0,0,0,0,0,71,10628,131.0,10,0,0,0,1,0,0,1,0,0
31497.0,0,1,22,108.0,1.0,28,13.0,1.0,4.0,2,3,1,4,8,0,0,0,0,0,0,80,10930,155.0,10,0,0,0,0,1,0,0,1,0
90000.0,0,0,91,675.0,144.0,133,94.0,192.0,241.0,1,4,8,5,1,1,0,1,1,0,0,58,10548,1479.0,18,3,0,1,0,0,1,0,0,0
20180.0,0,0,27,18.0,42.0,24,15.0,20.0,18.0,1,2,1,4,7,0,0,0,0,0,0,66,10854,137.0,8,0,0,1,0,0,0,1,0,0
86979.0,0,0,67,584.0,100.0,835,65.0,83.0,35.0,1,5,5,5,2,1,0,0,0,0,0,71,10594,1702.0,16,1,0,0,0,1,0,0,0,0
44802.0,0,0,71,853.0,10.0,143,13.0,10.0,20.0,2,9,4,12,8,0,0,0,0,0,0,72,11037,1049.0,27,0,0,0,1,0,0,1,0,0
79593.0,0,0,70,350.0,60.0,568,110.0,133.0,145.0,1,5,6,7,2,0,0,1,0,0,0,69,10408,1366.0,19,1,0,1,0,0,1,0,0,0
59432.0,0,1,88,317.0,25.0,265,25.0,19.0,12.0,3,5,3,11,5,0,0,0,0,0,0,80,10802,663.0,22,0,0,0,1,0,0,0,0,0
78579.0,0,0,35,816.0,66.0,549,216.0,66.0,99.0,1,5,6,4,3,0,0,0,0,0,0,72,10914,1812.0,16,0,0,0,1,0,0,0,0,0
25293.0,1,0,51,15.0,0.0,11,0.0,2.0,9.0,1,1,1,2,8,0,0,0,0,0,0,73,10647,37.0,5,0,0,1,0,0,1,0,0,0
46015.0,1,1,25,38.0,0.0,2,0.0,0.0,6.0,1,1,0,3,7,1,0,0,0,1,0,87,10437,46.0,5,2,0,0,0,1,0,0,1,0
53103.0,0,1,70,729.0,17.0,133,11.0,0.0,195.0,5,10,6,7,7,1,0,0,0,0,0,88,10650,1085.0,28,1,0,1,0,0,0,0,1,0
71604.0,0,0,3,345.0,53.0,528,98.0,75.0,97.0,1,8,3,5,4,1,0,0,0,0,0,97,10584,1196.0,17,1,0,0,0,1,0,0,1,0
86718.0,0,0,20,344.0,189.0,482,50.0,33.0,172.0,1,5,6,5,2,0,0,0,0,0,0,88,10888,1270.0,17,0,0,1,0,0,1,0,0,0
23331.0,1,0,97,104.0,20.0,101,24.0,15.0,5.0,6,5,1,5,9,0,0,0,0,0,0,54,10992,269.0,17,0,0,0,0,0,0,1,0,0
85431.0,0,0,54,376.0,53.0,462,168.0,53.0,53.0,1,2,7,7,0,0,0,0,0,0,0,90,10746,1165.0,17,0,0,0,0,1,0,0,1,0
28764.0,1,1,16,8.0,0.0,3,0.0,0.0,1.0,1,1,0,2,8,1,0,0,0,0,0,76,10384,12.0,4,1,0,0,0,1,0,0,1,0
24480.0,1,0,46,4.0,19.0,9,28.0,25.0,17.0,3,3,0,4,7,0,0,0,0,0,0,61,10863,102.0,10,0,1,0,0,0,1,0,0,0
73687.0,0,0,8,559.0,153.0,503,218.0,13.0,181.0,1,3,9,9,2,0,0,0,1,0,0,52,10573,1627.0,22,1,0,1,0,0,1,0,0,0
46377.0,1,0,89,37.0,0.0,46,4.0,3.0,0.0,1,2,1,3,4,0,0,0,0,0,0,64,10480,90.0,7,0,0,0,0,1,1,0,0,0
156924.0,0,0,85,2.0,1.0,2,1.0,1.0,1.0,0,0,0,0,0,0,0,0,0,0,0,93,10664,8.0,0,0,0,0,0,1,1,0,0,0
65704.0,0,0,18,279.0,172.0,74,38.0,8.0,246.0,1,2,10,10,1,0,0,0,0,0,0,70,10619,817.0,23,0,0,0,0,0,0,1,0,0
26646.0,1,0,26,11.0,4.0,20,10.0,3.0,5.0,2,2,0,4,6,0,0,0,0,0,0,58,10499,53.0,8,0,0,1,0,0,0,0,1,0
81044.0,0,0,0,450.0,26.0,535,73.0,98.0,26.0,1,5,6,10,1,0,0,0,0,0,0,95,10544,1208.0,22,0,0,0,0,0,1,0,0,0
93790.0,0,0,16,1302.0,68.0,731,89.0,114.0,45.0,0,6,7,12,2,0,1,1,1,0,0,72,10497,2349.0,25,3,0,1,0,0,0,1,0,0
83790.0,0,0,81,1076.0,16.0,417,42.0,48.0,16.0,1,8,10,6,3,0,1,1,0,0,0,94,10586,1615.0,25,2,0,0,1,0,1,0,0,0
81380.0,0,0,51,741.0,68.0,689,224.0,68.0,103.0,1,4,2,10,2,0,0,0,0,0,0,75,10914,1893.0,17,0,0,0,1,0,0,0,0,0
31590.0,1,0,40,6.0,2.0,15,6.0,6.0,3.0,1,1,0,3,8,0,0,0,0,0,0,70,10736,38.0,5,0,0,1,0,0,0,0,1,0
63841.0,0,1,64,635.0,15.0,100,20.0,7.0,131.0,1,9,3,9,6,0,0,0,0,0,0,74,10794,908.0,22,0,0,0,1,0,0,0,0,0
72903.0,0,0,74,1067.0,138.0,750,0.0,19.0,39.0,1,7,5,8,4,0,1,1,1,0,0,57,10603,2013.0,21,3,0,1,0,0,0,1,0,0
49912.0,0,1,5,520.0,8.0,223,32.0,49.0,42.0,4,10,5,7,8,1,0,0,0,0,0,93,11020,874.0,26,1,0,0,1,0,0,0,1,0
46681.0,0,2,52,269.0,15.0,69,15.0,19.0,38.0,2,4,6,4,5,0,0,0,0,0,0,94,10624,425.0,16,0,0,0,0,1,0,0,1,0
21282.0,1,0,76,1.0,5.0,8,4.0,8.0,20.0,2,2,1,2,6,0,0,0,0,0,0,64,10409,46.0,7,0,0,0,0,0,0,0,0,0
32892.0,1,0,78,26.0,0.0,15,2.0,1.0,2.0,2,3,0,3,8,0,0,0,0,0,0,71,10395,46.0,8,0,0,0,0,1,0,0,1,0
66503.0,1,0,30,91.0,64.0,128,65.0,3.0,50.0,2,4,3,6,3,0,0,0,0,0,0,57,11044,401.0,15,0,0,1,0,0,0,1,0,0
76995.0,0,1,91,1012.0,80.0,498,0.0,16.0,176.0,2,11,4,9,5,0,0,0,1,0,0,93,10818,1782.0,26,1,0,0,1,0,1,0,0,0
38513.0,1,0,20,172.0,3.0,115,16.0,0.0,18.0,5,6,1,5,8,0,0,0,0,0,0,60,10512,324.0,17,0,0,0,0,1,0,1,0,0
50729.0,1,1,62,239.0,13.0,143,45.0,4.0,52.0,9,6,2,7,6,0,0,0,0,0,0,84,10783,496.0,24,0,0,0,0,1,0,1,0,0
36930.0,0,1,50,223.0,2.0,31,0.0,2.0,39.0,5,5,2,4,8,0,0,0,0,0,0,88,10768,297.0,16,0,0,0,0,1,1,0,0,0
23910.0,1,0,80,16.0,12.0,18,7.0,1.0,13.0,1,2,0,3,7,0,0,0,0,0,0,73,10971,67.0,6,0,0,1,0,0,0,0,0,0
34213.0,1,1,2,50.0,4.0,28,6.0,3.0,26.0,3,3,1,2,9,0,0,0,0,0,0,79,11020,117.0,9,0,0,1,0,0,0,0,0,1
78825.0,0,0,35,483.0,74.0,114,169.0,37.0,18.0,1,5,10,13,3,0,0,0,0,0,0,78,11013,895.0,29,0,0,0,0,1,0,0,0,0
87771.0,0,1,61,1492.0,38.0,287,50.0,57.0,33.0,1,5,10,4,6,0,1,1,1,1,0,83,10763,1957.0,20,4,0,1,0,0,0,0,1,0
68657.0,0,0,4,482.0,34.0,471,119.0,68.0,22.0,1,3,5,9,7,0,0,0,0,0,0,96,10854,1196.0,18,0,0,0,1,0,1,0,0,0
35246.0,1,1,53,36.0,0.0,12,2.0,2.0,10.0,4,3,1,3,5,0,0,0,0,0,0,84,10434,62.0,11,0,0,1,0,0,0,0,0,0
